Player_ID,Wage,Age,Club,League,Nation,Position,Apps,Caps,Caps_per_App,Apps_per_Year,International_Exposure
P00001,46427000.0,23,PSG,Ligue 1 Uber Eats,FRA,Forward,190,57,0.3,27.142857142857142,8.142857142857142
P00002,42125000.0,30,PSG,Ligue 1 Uber Eats,BRA,Midfielder,324,119,0.36728395061728397,23.142857142857142,8.5
P00003,34821000.0,35,PSG,Ligue 1 Uber Eats,ARG,Forward,585,162,0.27692307692307694,30.789473684210527,8.526315789473685
P00004,19959000.0,31,R. Madrid,La Liga,BEL,Forward,443,120,0.2708803611738149,29.533333333333335,8.0
P00005,19500000.0,31,Man UFC,Premier League,ESP,Goalkeeper,480,45,0.09375,32.0,3.0
P00006,18810000.0,30,R. Madrid,La Liga,AUT,Defender,371,94,0.25336927223719674,26.5,6.714285714285714
P00007,18200000.0,29,Inter,Serie A,BEL,Forward,427,102,0.2388758782201405,32.84615384615385,7.846153846153846
P00008,18200000.0,30,Liverpool,Premier League,EGY,Forward,367,85,0.23160762942779292,26.214285714285715,6.071428571428571
P00009,18200000.0,27,Chelsea,Premier League,ENG,Midfielder,326,77,0.2361963190184049,29.636363636363637,7.0
P00010,18200000.0,29,Man UFC,Premier League,FRA,Defender,287,86,0.29965156794425085,22.076923076923077,6.615384615384615
P00011,17680000.0,31,Man City,Premier League,BEL,Midfielder,399,91,0.22807017543859648,26.6,6.066666666666666
P00012,17680000.0,22,Man City,Premier League,NOR,Forward,159,21,0.1320754716981132,26.5,3.5
P00013,16121000.0,32,R. Madrid,La Liga,GER,Midfielder,433,105,0.24249422632794457,27.0625,6.5625
P00014,15965000.0,29,A. Madrid,La Liga,SVN,Goalkeeper,368,50,0.1358695652173913,28.307692307692307,3.8461538461538463
P00015,15600000.0,31,Chelsea,Premier League,SEN,Defender,347,61,0.17579250720461095,23.133333333333333,4.066666666666666
P00016,15600000.0,30,Man UFC,Premier League,BRA,Midfielder,328,63,0.19207317073170732,23.428571428571427,4.5
P00017,15476000.0,30,FC Bayern,Bundesliga,SEN,Forward,355,87,0.24507042253521127,25.357142857142858,6.214285714285714
P00018,15476000.0,34,Barcelona,La Liga,POL,Forward,506,132,0.2608695652173913,28.11111111111111,7.333333333333333
P00019,15080000.0,31,Chelsea,Premier League,FRA,Midfielder,350,53,0.15142857142857144,23.333333333333332,3.533333333333333
P00020,15046000.0,32,FC Bayern,Bundesliga,GER,Midfielder,457,115,0.25164113785557984,28.5625,7.1875
P00021,15046000.0,27,FC Bayern,Bundesliga,GER,Defender,260,68,0.26153846153846155,23.636363636363637,6.181818181818182
P00022,14616000.0,26,FC Bayern,Bundesliga,GER,Midfielder,205,45,0.21951219512195122,20.5,4.5
P00023,14616000.0,36,FC Bayern,Bundesliga,GER,Goalkeeper,496,112,0.22580645161290322,24.8,5.6
P00024,14432000.0,34,R. Madrid,La Liga,FRA,Forward,532,97,0.18233082706766918,29.555555555555557,5.388888888888889
P00025,14432000.0,36,R. Madrid,La Liga,CRO,Midfielder,560,152,0.2714285714285714,28.0,7.6
P00026,14300000.0,22,Man UFC,Premier League,ENG,Midfielder,141,23,0.16312056737588654,23.5,3.8333333333333335
P00027,14040000.0,26,Man City,Premier League,ENG,Midfielder,254,23,0.09055118110236221,25.4,2.3
P00028,13756000.0,23,FC Bayern,Bundesliga,NED,Defender,188,37,0.19680851063829788,26.857142857142858,5.285714285714286
P00029,13747000.0,30,A. Madrid,La Liga,ESP,Midfielder,456,66,0.14473684210526316,32.57142857142857,4.714285714285714
P00030,13333000.0,27,A. Madrid,La Liga,ESP,Midfielder,349,19,0.054441260744985676,31.727272727272727,1.7272727272727273
P00031,13272000.0,30,R. Madrid,La Liga,BEL,Goalkeeper,418,94,0.22488038277511962,29.857142857142858,6.714285714285714
P00032,13000000.0,26,Man UFC,Premier League,FRA,Forward,236,30,0.1271186440677966,23.6,3.0
P00033,13000000.0,27,Man UFC,Premier League,POR,Midfielder,313,46,0.14696485623003194,28.454545454545453,4.181818181818182
P00034,13000000.0,22,Chelsea,Premier League,ENG,Defender,133,13,0.09774436090225563,22.166666666666668,2.1666666666666665
P00035,12896000.0,27,FC Bayern,Bundesliga,GER,Midfielder,190,34,0.17894736842105263,17.272727272727273,3.090909090909091
P00036,12896000.0,26,FC Bayern,Bundesliga,FRA,Midfielder,181,40,0.22099447513812154,18.1,4.0
P00037,12480000.0,31,Liverpool,Premier League,NED,Defender,334,47,0.1407185628742515,22.266666666666666,3.1333333333333333
P00038,12381000.0,29,PSG,Ligue 1 Uber Eats,ITA,Midfielder,327,49,0.14984709480122324,25.153846153846153,3.769230769230769
P00039,12381000.0,28,PSG,Ligue 1 Uber Eats,BRA,Defender,273,69,0.25274725274725274,22.75,5.75
P00040,12070000.0,25,Barcelona,La Liga,NED,Defender,207,43,0.20772946859903382,23.0,4.777777777777778
P00041,12037000.0,31,A. Madrid,La Liga,FRA,Forward,462,108,0.23376623376623376,30.8,7.2
P00042,12037000.0,27,FC Bayern,Bundesliga,GER,Midfielder,252,44,0.1746031746031746,22.90909090909091,4.0
P00043,11960000.0,21,Chelsea,Premier League,FRA,Defender,55,0,0.0,11.0,0.0
P00044,11710000.0,36,PSG,Ligue 1 Uber Eats,ESP,Defender,547,180,0.3290676416819013,27.35,9.0
P00045,11700000.0,31,Liverpool,Premier League,ESP,Midfielder,318,46,0.14465408805031446,21.2,3.066666666666667
P00046,11700000.0,24,Man UFC,Premier League,ENG,Forward,210,46,0.21904761904761905,26.25,5.75
P00047,11440000.0,29,Tottenham,Premier League,ENG,Forward,341,73,0.21407624633431085,26.23076923076923,5.615384615384615
P00048,11440000.0,28,FC Bayern,Bundesliga,POR,Defender,264,36,0.13636363636363635,22.0,3.0
P00049,11177000.0,23,PSG,Ligue 1 Uber Eats,ITA,Goalkeeper,239,46,0.19246861924686193,34.142857142857146,6.571428571428571
P00050,11177000.0,26,FC Bayern,Bundesliga,FRA,Defender,155,32,0.2064516129032258,15.5,3.2
P00051,11173000.0,22,Juventus,Serie A,SRB,Forward,138,14,0.10144927536231885,23.0,2.3333333333333335
P00052,10973000.0,29,R. Madrid,La Liga,GER,Defender,282,53,0.1879432624113475,21.692307692307693,4.076923076923077
P00053,10400000.0,28,Man City,Premier League,ENG,Defender,225,58,0.2577777777777778,18.75,4.833333333333333
P00054,10400000.0,29,Man UFC,Premier League,ENG,Defender,374,46,0.12299465240641712,28.76923076923077,3.5384615384615383
P00055,10400000.0,31,Man City,Premier League,ALG,Midfielder,367,75,0.20435967302452315,24.466666666666665,5.0
P00056,10385000.0,31,Juventus,Serie A,BRA,Defender,325,37,0.11384615384615385,21.666666666666668,2.466666666666667
P00057,10380000.0,35,Juventus,Serie A,ITA,Defender,477,116,0.2431865828092243,25.105263157894736,6.105263157894737
P00058,10380000.0,32,Juventus,Serie A,POL,Goalkeeper,373,64,0.17158176943699732,23.3125,4.0
P00059,10346000.0,25,Barcelona,La Liga,CIV,Midfielder,253,56,0.22134387351778656,28.11111111111111,6.222222222222222
P00060,10346000.0,34,Barcelona,La Liga,ESP,Midfielder,480,137,0.28541666666666665,26.666666666666668,7.611111111111111
P00061,10346000.0,25,Barcelona,La Liga,FRA,Midfielder,165,27,0.16363636363636364,18.333333333333332,3.0
P00062,10346000.0,25,Barcelona,La Liga,BRA,Midfielder,190,9,0.04736842105263158,21.11111111111111,1.0
P00063,10346000.0,19,Barcelona,La Liga,ESP,Forward,44,4,0.09090909090909091,14.666666666666666,1.3333333333333333
P00064,10346000.0,26,Barcelona,La Liga,DEN,Defender,160,56,0.35,16.0,5.6
P00065,10317000.0,35,Nottm Forest,Premier League,CRC,Goalkeeper,325,107,0.3292307692307692,17.105263157894736,5.631578947368421
P00066,10244000.0,30,Tottenham,Premier League,KOR,Midfielder,379,102,0.2691292875989446,27.071428571428573,7.285714285714286
P00067,9887000.0,28,A. Bilbao,La Liga,GHA,Midfielder,309,0,0.0,25.75,0.0
P00068,9880000.0,32,Liverpool,Premier League,ENG,Midfielder,406,69,0.16995073891625614,25.375,4.3125
P00069,9880000.0,29,Liverpool,Premier League,BRA,Goalkeeper,224,55,0.24553571428571427,17.23076923076923,4.230769230769231
P00070,9880000.0,25,Chelsea,Premier League,ENG,Defender,147,17,0.11564625850340136,16.333333333333332,1.8888888888888888
P00071,9672000.0,22,R. Madrid,La Liga,BRA,Forward,164,14,0.08536585365853659,27.333333333333332,2.3333333333333335
P00072,9656000.0,33,Barcelona,La Liga,ESP,Defender,434,85,0.195852534562212,25.529411764705884,5.0
P00073,9578000.0,25,Inter,Serie A,ARG,Forward,187,38,0.20320855614973263,20.77777777777778,4.222222222222222
P00074,9578000.0,29,Inter,Serie A,CRO,Midfielder,364,74,0.2032967032967033,28.0,5.6923076923076925
P00075,9457000.0,23,FC Bayern,Bundesliga,FRA,Defender,180,6,0.03333333333333333,25.714285714285715,0.8571428571428571
P00076,9457000.0,28,Borussia Dortmund,Bundesliga,CIV,Forward,290,15,0.05172413793103448,24.166666666666668,1.25
P00077,9439000.0,31,Capitoline,Serie A,NED,Midfielder,470,85,0.18085106382978725,31.333333333333332,5.666666666666667
P00078,9405000.0,24,R. Madrid,La Liga,URU,Midfielder,175,42,0.24,21.875,5.25
P00079,9360000.0,21,Arsenal,Premier League,BRA,Forward,80,3,0.0375,16.0,0.6
P00080,9360000.0,28,Man City,Premier League,POR,Midfielder,313,70,0.22364217252396165,26.083333333333332,5.833333333333333
P00081,9360000.0,28,Liverpool,Premier League,BRA,Defender,319,27,0.08463949843260188,26.583333333333332,2.25
P00082,9360000.0,29,Man City,Premier League,BRA,Goalkeeper,296,18,0.060810810810810814,22.76923076923077,1.3846153846153846
P00083,9360000.0,33,Tottenham,Premier League,CRO,Defender,433,113,0.26096997690531176,25.470588235294116,6.647058823529412
P00084,9360000.0,30,Liverpool,Premier League,BRA,Forward,414,55,0.13285024154589373,29.571428571428573,3.9285714285714284
P00085,9360000.0,21,Chelsea,Premier League,ARG,Midfielder,71,2,0.028169014084507043,14.2,0.4
P00086,9100000.0,32,Man City,Premier League,ENG,Defender,400,68,0.17,25.0,4.25
P00087,9100000.0,24,Tottenham,Premier League,ARG,Defender,131,11,0.08396946564885496,16.375,1.375
P00088,9100000.0,25,Man City,Premier League,POR,Defender,214,37,0.17289719626168223,23.77777777777778,4.111111111111111
P00089,9100000.0,25,Tottenham,Premier League,BRA,Forward,241,36,0.14937759336099585,26.77777777777778,4.0
P00090,8924000.0,23,PSG,Ligue 1 Uber Eats,MAR,Defender,167,51,0.30538922155688625,23.857142857142858,7.285714285714286
P00091,8845000.0,29,Juventus,Serie A,FRA,Midfielder,281,91,0.3238434163701068,21.615384615384617,7.0
P00092,8840000.0,33,Chelsea,Premier League,GAB,Forward,445,73,0.16404494382022472,26.176470588235293,4.294117647058823
P00093,8840000.0,27,Man UFC,Premier League,ENG,Defender,212,21,0.09905660377358491,19.272727272727273,1.9090909090909092
P00094,8840000.0,30,Man UFC,Premier League,DEN,Midfielder,399,115,0.2882205513784461,28.5,8.214285714285714
P00095,8840000.0,28,Man UFC,Premier League,SWE,Defender,334,52,0.15568862275449102,27.833333333333332,4.333333333333333
P00096,8621000.0,27,Borussia Dortmund,Bundesliga,GER,Defender,234,40,0.17094017094017094,21.272727272727273,3.6363636363636362
P00097,8598000.0,26,RB Leipzig,Bundesliga,GER,Midfielder,283,53,0.1872791519434629,28.3,5.3
P00098,8598000.0,30,Borussia Dortmund,Bundesliga,BEL,Defender,324,56,0.1728395061728395,23.142857142857142,4.0
P00099,8598000.0,33,Borussia Dortmund,Bundesliga,GER,Defender,435,76,0.17471264367816092,25.58823529411765,4.470588235294118
P00100,8598000.0,27,PSG,Ligue 1 Uber Eats,FRA,Defender,159,28,0.1761006289308176,14.454545454545455,2.5454545454545454
P00101,8598000.0,33,Borussia Dortmund,Bundesliga,GER,Forward,390,48,0.12307692307692308,22.941176470588236,2.823529411764706
P00102,8580000.0,31,Man City,Premier League,GER,Midfielder,320,59,0.184375,21.333333333333332,3.933333333333333
P00103,8320000.0,28,Liverpool,Premier League,SCO,Defender,337,59,0.17507418397626112,28.083333333333332,4.916666666666667
P00104,8320000.0,26,Man City,Premier League,ESP,Defender,246,33,0.13414634146341464,24.6,3.3
P00105,8320000.0,29,Arsenal,Premier League,GHA,Midfielder,281,40,0.1423487544483986,21.615384615384617,3.076923076923077
P00106,8320000.0,26,Man City,Premier League,ENG,Midfielder,221,23,0.10407239819004525,22.1,2.3
P00107,8320000.0,24,Newcastle,Premier League,BRA,Midfielder,135,8,0.05925925925925926,16.875,1.0
P00108,8320000.0,35,Leicester,Premier League,ENG,Forward,518,26,0.05019305019305019,27.263157894736842,1.368421052631579
P00109,8320000.0,23,Liverpool,Premier League,ENG,Defender,168,17,0.10119047619047619,24.0,2.4285714285714284
P00110,8290000.0,28,A. Madrid,La Liga,NED,Forward,291,79,0.27147766323024053,24.25,6.583333333333333
P00111,8190000.0,23,Barcelona,La Liga,FRA,Defender,155,11,0.07096774193548387,22.142857142857142,1.5714285714285714
P00112,8151000.0,29,A. Madrid,La Liga,ESP,Forward,388,56,0.14432989690721648,29.846153846153847,4.3076923076923075
P00113,8082000.0,22,Chelsea,Premier League,POR,Forward,142,22,0.15492957746478872,23.666666666666668,3.6666666666666665
P00114,7984000.0,30,R. Madrid,La Liga,ESP,Defender,320,29,0.090625,22.857142857142858,2.0714285714285716
P00115,7984000.0,27,R. Madrid,La Liga,FRA,Defender,179,7,0.03910614525139665,16.272727272727273,0.6363636363636364
P00116,7984000.0,24,R. Madrid,La Liga,BRA,Defender,132,22,0.16666666666666666,16.5,2.75
P00117,7983000.0,34,Juventus,Serie A,COL,Defender,369,113,0.3062330623306233,20.5,6.277777777777778
P00118,7983000.0,28,Inter,Serie A,TUR,Midfielder,334,72,0.2155688622754491,27.833333333333332,6.0
P00119,7983000.0,25,Juventus,Serie A,BRA,Defender,125,0,0.0,13.88888888888889,0.0
P00120,7983000.0,24,Juventus,Serie A,ITA,Midfielder,178,37,0.20786516853932585,22.25,4.625
P00121,7983000.0,36,Inter,Serie A,BIH,Forward,576,124,0.2152777777777778,28.8,6.2
P00122,7983000.0,25,Inter,Serie A,ITA,Midfielder,224,39,0.17410714285714285,24.88888888888889,4.333333333333333
P00123,7800000.0,33,Chelsea,Premier League,ESP,Defender,499,40,0.08016032064128256,29.352941176470587,2.3529411764705883
P00124,7800000.0,23,Chelsea,Premier League,GER,Forward,180,28,0.15555555555555556,25.714285714285715,4.0
P00125,7800000.0,26,Chelsea,Premier League,ENG,Midfielder,132,10,0.07575757575757576,13.2,1.0
P00126,7800000.0,28,Chelsea,Premier League,CRO,Midfielder,317,81,0.2555205047318612,26.416666666666668,6.75
P00127,7800000.0,21,Chelsea,Premier League,UKR,Midfielder,49,5,0.10204081632653061,9.8,1.0
P00128,7800000.0,23,Chelsea,Premier League,USA,Midfielder,169,51,0.30177514792899407,24.142857142857142,7.285714285714286
P00129,7800000.0,22,Man UFC,Premier League,BRA,Midfielder,91,9,0.0989010989010989,15.166666666666666,1.5
P00130,7738000.0,19,Barcelona,La Liga,ESP,Midfielder,90,12,0.13333333333333333,30.0,4.0
P00131,7738000.0,28,Juventus,Serie A,ARG,Midfielder,215,44,0.20465116279069767,17.916666666666668,3.6666666666666665
P00132,7733000.0,27,Juventus,Serie A,FRA,Midfielder,260,29,0.11153846153846154,23.636363636363637,2.6363636363636362
P00133,7621000.0,27,Chelsea,Premier League,ESP,Goalkeeper,272,11,0.04044117647058824,24.727272727272727,1.0
P00134,7397000.0,30,Barcelona,La Liga,GER,Goalkeeper,348,28,0.08045977011494253,24.857142857142858,2.0
P00135,7397000.0,29,A. Madrid,La Liga,BEL,Defender,294,57,0.19387755102040816,22.615384615384617,4.384615384615385
P00136,7397000.0,27,A. Madrid,La Liga,ESP,Defender,230,5,0.021739130434782608,20.90909090909091,0.45454545454545453
P00137,7308000.0,28,Man UFC,Premier League,AUT,Midfielder,373,64,0.17158176943699732,31.083333333333332,5.333333333333333
P00138,7308000.0,28,Borussia Dortmund,Bundesliga,GER,Defender,285,37,0.12982456140350876,23.75,3.0833333333333335
P00139,7280000.0,23,Liverpool,Premier League,URU,Forward,109,11,0.10091743119266056,15.571428571428571,1.5714285714285714
P00140,7280000.0,25,Liverpool,Premier League,POR,Forward,237,27,0.11392405063291139,26.333333333333332,3.0
P00141,7280000.0,31,Liverpool,Premier League,CMR,Defender,328,27,0.08231707317073171,21.866666666666667,1.8
P00142,7280000.0,25,Man UFC,Premier League,NED,Midfielder,187,19,0.10160427807486631,20.77777777777778,2.111111111111111
P00143,7222000.0,29,PSG,Ligue 1 Uber Eats,ESP,Defender,212,11,0.05188679245283019,16.307692307692307,0.8461538461538461
P00144,7182000.0,28,Capitoline,Serie A,ARG,Forward,343,34,0.09912536443148688,28.583333333333332,2.8333333333333335
P00145,7173000.0,36,A. Bilbao,La Liga,ESP,Midfielder,579,2,0.0034542314335060447,28.95,0.1
P00146,6909000.0,21,R. Madrid,La Liga,BRA,Forward,124,5,0.04032258064516129,24.8,1.0
P00147,6909000.0,32,R. Madrid,La Liga,ESP,Defender,360,22,0.06111111111111111,22.5,1.375
P00148,6897000.0,27,A. Madrid,La Liga,ESP,Defender,212,16,0.07547169811320754,19.272727272727273,1.4545454545454546
P00149,6878000.0,22,Sporting CP,Primiera Liga,POR,Forward,140,7,0.05,23.333333333333332,1.1666666666666667
P00150,6878000.0,24,FC Bayern,Bundesliga,MAR,Defender,157,12,0.07643312101910828,19.625,1.5
P00151,6878000.0,21,FC Bayern,Bundesliga,CAN,Defender,169,32,0.1893491124260355,33.8,6.4
P00152,6760000.0,29,Man UFC,Premier League,BRA,Midfielder,239,28,0.11715481171548117,18.384615384615383,2.1538461538461537
P00153,6760000.0,32,Everton,Premier League,SEN,Midfielder,343,88,0.2565597667638484,21.4375,5.5
P00154,6760000.0,27,Liverpool,Premier League,GUI,Midfielder,216,50,0.23148148148148148,19.636363636363637,4.545454545454546
P00155,6760000.0,28,Man City,Premier League,ESP,Defender,310,15,0.04838709677419355,25.833333333333332,1.25
P00156,6760000.0,25,West Ham,Premier League,BRA,Midfielder,155,35,0.22580645161290322,17.22222222222222,3.888888888888889
P00157,6760000.0,29,Crystal Palace,Premier League,CIV,Midfielder,411,26,0.06326034063260341,31.615384615384617,2.0
P00158,6725000.0,26,R. Madrid,La Liga,ESP,Midfielder,198,11,0.05555555555555555,19.8,1.1
P00159,6706000.0,32,AS Monaco,Ligue 1 Uber Eats,FRA,Forward,378,19,0.05026455026455026,23.625,1.1875
P00160,6665000.0,19,R. Madrid,La Liga,FRA,Midfielder,102,3,0.029411764705882353,34.0,1.0
P00161,6630000.0,34,Juventus,Serie A,ARG,Midfielder,461,122,0.2646420824295011,25.61111111111111,6.777777777777778
P00162,6552000.0,26,Liverpool,Premier League,BRA,Midfielder,132,22,0.16666666666666666,13.2,2.2
P00163,6500000.0,30,Aston Villa,Premier League,BRA,Midfielder,332,63,0.1897590361445783,23.714285714285715,4.5
P00164,6500000.0,30,West Ham,Premier League,ENG,Forward,311,3,0.00964630225080386,22.214285714285715,0.21428571428571427
P00165,6500000.0,29,Liverpool,Premier League,ENG,Midfielder,255,35,0.13725490196078433,19.615384615384617,2.6923076923076925
P00166,6483000.0,31,OGC Nice,Ligue 1 Uber Eats,WAL,Midfielder,354,75,0.211864406779661,23.6,5.0
P00167,6466000.0,23,Barcelona,La Liga,URU,Defender,150,11,0.07333333333333333,21.428571428571427,1.5714285714285714
P00168,6466000.0,18,Barcelona,La Liga,ESP,Midfielder,41,10,0.24390243902439024,20.5,5.0
P00169,6448000.0,24,RB Leipzig,Bundesliga,FRA,Midfielder,156,6,0.038461538461538464,19.5,0.75
P00170,6448000.0,33,FC Bayern,Bundesliga,CMR,Forward,345,68,0.19710144927536233,20.294117647058822,4.0
P00171,6388000.0,32,Lazio,Serie A,ITA,Forward,384,55,0.14322916666666666,24.0,3.4375
P00172,6379000.0,26,Capitoline,Serie A,ITA,Midfielder,201,23,0.11442786069651742,20.1,2.3
P00173,6335000.0,24,Milan,Serie A,ALG,Midfielder,184,40,0.21739130434782608,23.0,5.0
P00174,6240000.0,29,Everton,Premier League,MLI,Midfielder,278,2,0.007194244604316547,21.384615384615383,0.15384615384615385
P00175,6240000.0,25,Nottm Forest,Premier League,ENG,Goalkeeper,149,1,0.006711409395973154,16.555555555555557,0.1111111111111111
P00176,6240000.0,21,Chelsea,Premier League,FRA,Defender,106,0,0.0,21.2,0.0
P00177,6240000.0,27,Everton,Premier League,COL,Defender,193,39,0.20207253886010362,17.545454545454547,3.5454545454545454
P00178,6240000.0,22,Man City,Premier League,ENG,Forward,104,16,0.15384615384615385,17.333333333333332,2.6666666666666665
P00179,6240000.0,24,Man UFC,Premier League,ARG,Defender,127,7,0.05511811023622047,15.875,0.875
P00180,6240000.0,29,LOSC,Ligue 1 Uber Eats,POR,Midfielder,233,29,0.12446351931330472,17.923076923076923,2.230769230769231
P00181,6240000.0,25,Arsenal,Premier League,UKR,Defender,132,52,0.3939393939393939,14.666666666666666,5.777777777777778
P00182,6240000.0,23,Arsenal,Premier League,NOR,Midfielder,242,43,0.17768595041322313,34.57142857142857,6.142857142857143
P00183,6240000.0,29,West Ham,Premier League,FRA,Goalkeeper,220,3,0.013636363636363636,16.923076923076923,0.23076923076923078
P00184,6240000.0,25,Arsenal,Premier League,BRA,Forward,212,56,0.2641509433962264,23.555555555555557,6.222222222222222
P00185,6240000.0,29,Aston Villa,Premier League,FRA,Defender,274,46,0.1678832116788321,21.076923076923077,3.5384615384615383
P00186,6240000.0,25,Leicester,Premier League,BEL,Midfielder,313,52,0.16613418530351437,34.77777777777778,5.777777777777778
P00187,6240000.0,28,Leicester,Premier League,POR,Defender,234,7,0.029914529914529916,19.5,0.5833333333333334
P00188,6240000.0,35,Tottenham,Premier League,FRA,Goalkeeper,559,139,0.24865831842576028,29.42105263157895,7.315789473684211
P00189,6240000.0,21,Bayer 04,Bundesliga,ENG,Defender,78,3,0.038461538461538464,15.6,0.6
P00190,6240000.0,36,Liverpool,Premier League,ENG,Defender,601,61,0.10149750415973377,30.05,3.05
P00191,6240000.0,22,Newcastle,Premier League,SWE,Forward,165,37,0.22424242424242424,27.5,6.166666666666667
P00192,6240000.0,25,Parthenope,Serie A,FRA,Midfielder,165,7,0.04242424242424243,18.333333333333332,0.7777777777777778
P00193,6190000.0,22,R. Madrid,La Liga,FRA,Midfielder,104,12,0.11538461538461539,17.333333333333332,2.0
P00194,6141000.0,26,R. Madrid,La Liga,ESP,Forward,269,29,0.10780669144981413,26.9,2.9
P00195,6069000.0,30,Inter,Serie A,NED,Defender,358,57,0.15921787709497207,25.571428571428573,4.071428571428571
P00196,6018000.0,26,FC Bayern,Bundesliga,FRA,Defender,191,45,0.2356020942408377,19.1,4.5
P00197,6014000.0,26,Borussia Dortmund,Bundesliga,GER,Midfielder,267,38,0.14232209737827714,26.7,3.8
P00198,5720000.0,27,Arsenal,Premier League,BEL,Defender,290,19,0.06551724137931035,26.363636363636363,1.7272727272727273
P00199,5720000.0,25,Leicester,Premier League,ENG,Midfielder,236,1,0.00423728813559322,26.22222222222222,0.1111111111111111
P00200,5720000.0,28,Everton,Premier League,ENG,Goalkeeper,334,45,0.1347305389221557,27.833333333333332,3.75
P00201,5720000.0,30,Wolves,Premier League,ESP,Midfielder,372,22,0.05913978494623656,26.571428571428573,1.5714285714285714
P00202,5720000.0,30,Arsenal,Premier League,ITA,Midfielder,395,44,0.11139240506329114,28.214285714285715,3.142857142857143
P00203,5720000.0,25,Arsenal,Premier League,SCO,Defender,170,32,0.18823529411764706,18.88888888888889,3.5555555555555554
P00204,5720000.0,23,Liverpool,Premier League,NED,Midfielder,131,7,0.05343511450381679,18.714285714285715,1.0
P00205,5720000.0,30,Man UFC,Premier League,ENG,Defender,204,27,0.1323529411764706,14.571428571428571,1.9285714285714286
P00206,5720000.0,29,Arsenal,Premier League,SUI,Midfielder,383,104,0.27154046997389036,29.46153846153846,8.0
P00207,5720000.0,27,Man City,Premier League,NED,Defender,182,27,0.14835164835164835,16.545454545454547,2.4545454545454546
P00208,5720000.0,27,Tottenham,Premier League,DEN,Midfielder,287,58,0.20209059233449478,26.09090909090909,5.2727272727272725
P00209,5720000.0,24,Chelsea,Premier League,ESP,Defender,190,1,0.005263157894736842,23.75,0.125
P00210,5604000.0,28,OGC Nice,Ligue 1 Uber Eats,ENG,Midfielder,249,33,0.13253012048192772,20.75,2.75
P00211,5604000.0,34,Sevilla,La Liga,CRO,Midfielder,545,106,0.1944954128440367,30.27777777777778,5.888888888888889
P00212,5588000.0,29,A. Madrid,La Liga,CTA,Midfielder,307,13,0.04234527687296417,23.615384615384617,1.0
P00213,5588000.0,23,Milan,Serie A,ESP,Forward,81,1,0.012345679012345678,11.571428571428571,0.14285714285714285
P00214,5587000.0,28,Parthenope,Serie A,POL,Midfielder,300,72,0.24,25.0,6.0
P00215,5587000.0,28,Juventus,Serie A,ITA,Defender,186,7,0.03763440860215054,15.5,0.5833333333333334
P00216,5587000.0,28,Inter,Serie A,ARG,Forward,250,17,0.068,20.833333333333332,1.4166666666666667
P00217,5582000.0,26,A. Madrid,La Liga,FRA,Defender,229,27,0.11790393013100436,22.9,2.7
P00218,5527000.0,29,Real Hispalis,La Liga,FRA,Forward,248,25,0.10080645161290322,19.076923076923077,1.9230769230769231
P00219,5527000.0,29,R. Madrid,La Liga,DOM,Forward,179,1,0.00558659217877095,13.76923076923077,0.07692307692307693
P00220,5527000.0,26,R. Madrid,La Liga,ESP,Defender,198,4,0.020202020202020204,19.8,0.4
P00221,5527000.0,31,R. Madrid,La Liga,ESP,Defender,340,9,0.026470588235294117,22.666666666666668,0.6
P00222,5460000.0,27,OGC Nice,Ligue 1 Uber Eats,CIV,Forward,240,32,0.13333333333333333,21.818181818181817,2.909090909090909
P00223,5380000.0,33,A. Madrid,La Liga,BEL,Defender,446,124,0.27802690582959644,26.235294117647058,7.294117647058823
P00224,5200000.0,33,Bournemouth,Premier League,BRA,Goalkeeper,205,1,0.004878048780487805,12.058823529411764,0.058823529411764705
P00225,5200000.0,20,Chelsea,Premier League,ENG,Midfielder,58,0,0.0,14.5,0.0
P00226,5200000.0,34,Leicester,Premier League,NIR,Defender,378,98,0.25925925925925924,21.0,5.444444444444445
P00227,5200000.0,27,Southampton,Premier League,ENG,Midfielder,312,11,0.035256410256410256,28.363636363636363,1.0
P00228,5200000.0,28,Tottenham,Premier League,ENG,Defender,286,45,0.15734265734265734,23.833333333333332,3.75
P00229,5200000.0,30,Newcastle,Premier League,ENG,Goalkeeper,257,8,0.0311284046692607,18.357142857142858,0.5714285714285714
P00230,5200000.0,24,Leicester,Premier League,ENG,Defender,141,1,0.0070921985815602835,17.625,0.125
P00231,5200000.0,24,Man UFC,Premier League,ENG,Defender,132,0,0.0,16.5,0.0
P00232,5200000.0,24,Leicester,Premier League,ENG,Midfielder,189,1,0.005291005291005291,23.625,0.125
P00233,5200000.0,19,OL,Ligue 1 Uber Eats,FRA,Defender,32,0,0.0,10.666666666666666,0.0
P00234,5200000.0,31,Newcastle,Premier League,ENG,Defender,361,37,0.10249307479224377,24.066666666666666,2.466666666666667
P00235,5200000.0,31,Wolves,Premier League,MEX,Forward,370,96,0.2594594594594595,24.666666666666668,6.4
P00236,5200000.0,26,Tottenham,Premier League,MLI,Midfielder,164,26,0.15853658536585366,16.4,2.6
P00237,5200000.0,26,Everton,Premier League,NGA,Midfielder,190,58,0.30526315789473685,19.0,5.8
P00238,5200000.0,24,Arsenal,Premier League,BRA,Defender,134,0,0.0,16.75,0.0
P00239,5200000.0,35,Wolves,Premier League,POR,Midfielder,555,146,0.26306306306306304,29.210526315789473,7.684210526315789
P00240,5200000.0,24,Wolves,Premier League,POR,Midfielder,100,8,0.08,12.5,1.0
P00241,5200000.0,29,Nottm Forest,Premier League,ENG,Midfielder,219,32,0.1461187214611872,16.846153846153847,2.4615384615384617
P00242,5200000.0,29,Tottenham,Premier League,WAL,Defender,254,74,0.29133858267716534,19.53846153846154,5.6923076923076925
P00243,5200000.0,30,Aston Villa,Premier League,ARG,Goalkeeper,152,17,0.1118421052631579,10.857142857142858,1.2142857142857142
P00244,5200000.0,29,Aston Villa,Premier League,BRA,Defender,252,0,0.0,19.384615384615383,0.0
P00245,5200000.0,27,West Ham,Premier League,FRA,Defender,265,11,0.04150943396226415,24.09090909090909,1.0
P00246,5200000.0,29,Chelsea,Premier League,MAR,Midfielder,265,40,0.1509433962264151,20.384615384615383,3.076923076923077
P00247,5200000.0,29,Sevilla,La Liga,BRA,Defender,271,6,0.02214022140221402,20.846153846153847,0.46153846153846156
P00248,5200000.0,25,Tottenham,Premier League,URU,Midfielder,207,49,0.23671497584541062,23.0,5.444444444444445
P00249,5200000.0,26,Villarreal,La Liga,ARG,Midfielder,183,39,0.21311475409836064,18.3,3.9
P00250,5200000.0,28,OM,Ligue 1 Uber Eats,CIV,Defender,137,46,0.3357664233576642,11.416666666666666,3.8333333333333335
P00251,5200000.0,18,Chelsea,Premier League,ENG,Midfielder,14,0,0.0,7.0,0.0
P00252,5200000.0,31,Leeds,Premier League,ESP,Forward,342,27,0.07894736842105263,22.8,1.8
P00253,5200000.0,31,Barcelona,La Liga,ESP,Defender,303,9,0.0297029702970297,20.2,0.6
P00254,5200000.0,22,Aston Villa,Premier League,FRA,Midfielder,137,3,0.021897810218978103,22.833333333333332,0.5
P00255,5173000.0,33,A. Bilbao,La Liga,ESP,Midfielder,388,2,0.005154639175257732,22.823529411764707,0.11764705882352941
P00256,5159000.0,20,Borussia Dortmund,Bundesliga,GER,Forward,108,4,0.037037037037037035,27.0,1.0
P00257,5159000.0,34,Sampdoria,Serie A,VEN,Midfielder,410,118,0.28780487804878047,22.77777777777778,6.555555555555555
P00258,5155000.0,37,Chelsea,Premier League,BRA,Defender,481,109,0.22661122661122662,22.904761904761905,5.190476190476191
P00259,5155000.0,29,Borussia Dortmund,Bundesliga,GER,Defender,231,12,0.05194805194805195,17.76923076923077,0.9230769230769231
P00260,5112000.0,27,Lazio,Serie A,SRB,Midfielder,272,34,0.125,24.727272727272727,3.090909090909091
P00261,5043000.0,28,Milan,Serie A,FRA,Midfielder,217,1,0.004608294930875576,18.083333333333332,0.08333333333333333
P00262,4999000.0,28,A. Madrid,La Liga,ARG,Midfielder,318,41,0.1289308176100629,26.5,3.4166666666666665
P00263,4974000.0,23,Parthenope,Serie A,NGA,Forward,127,23,0.18110236220472442,18.142857142857142,3.2857142857142856
P00264,4974000.0,24,Capitoline,Serie A,ENG,Forward,208,11,0.052884615384615384,26.0,1.375
P00265,4974000.0,27,Parthenope,Serie A,MEX,Forward,272,58,0.21323529411764705,24.727272727272727,5.2727272727272725
P00266,4958000.0,27,Tottenham,Premier League,FRA,Defender,239,15,0.06276150627615062,21.727272727272727,1.3636363636363635
P00267,4940000.0,25,Liverpool,Premier League,ENG,Defender,115,11,0.09565217391304348,12.777777777777779,1.2222222222222223
P00268,4940000.0,28,West Ham,Premier League,ITA,Defender,125,27,0.216,10.416666666666666,2.25
P00269,4940000.0,25,West Ham,Premier League,GER,Defender,155,20,0.12903225806451613,17.22222222222222,2.2222222222222223
P00270,4931000.0,26,Bayer 04,Bundesliga,CZE,Forward,193,33,0.17098445595854922,19.3,3.3
P00271,4793000.0,27,Lazio,Serie A,ITA,Defender,244,12,0.04918032786885246,22.181818181818183,1.0909090909090908
P00272,4793000.0,24,Fiorentina,Serie A,SRB,Defender,209,37,0.17703349282296652,26.125,4.625
P00273,4793000.0,29,Capitoline,Serie A,ITA,Defender,282,29,0.10283687943262411,21.692307692307693,2.230769230769231
P00274,4793000.0,28,Sassuolo,Serie A,ITA,Forward,313,24,0.07667731629392971,26.083333333333332,2.0
P00275,4793000.0,27,Inter,Serie A,SVK,Defender,298,54,0.18120805369127516,27.09090909090909,4.909090909090909
P00276,4793000.0,29,Capitoline,Serie A,ITA,Defender,204,20,0.09803921568627451,15.692307692307692,1.5384615384615385
P00277,4785000.0,29,OM,Ligue 1 Uber Eats,FRA,Midfielder,363,5,0.013774104683195593,27.923076923076923,0.38461538461538464
P00278,4785000.0,24,Juventus,Serie A,ITA,Midfielder,179,24,0.1340782122905028,22.375,3.0
P00279,4785000.0,27,Capitoline,Serie A,ITA,Midfielder,211,27,0.12796208530805686,19.181818181818183,2.4545454545454546
P00280,4742000.0,25,AS Monaco,Ligue 1 Uber Eats,GER,Goalkeeper,141,0,0.0,15.666666666666666,0.0
P00281,4729000.0,19,FC Bayern,Bundesliga,GER,Midfielder,74,15,0.20270270270270271,24.666666666666668,5.0
P00282,4680000.0,31,OL,Ligue 1 Uber Eats,FRA,Forward,367,16,0.043596730245231606,24.466666666666665,1.0666666666666667
P00283,4680000.0,30,Newcastle,Premier League,ENG,Forward,284,4,0.014084507042253521,20.285714285714285,0.2857142857142857
P00284,4680000.0,22,Newcastle,Premier League,NED,Defender,122,0,0.0,20.333333333333332,0.0
P00285,4680000.0,25,Benfica,Primiera Liga,POR,Midfielder,236,32,0.13559322033898305,26.22222222222222,3.5555555555555554
P00286,4680000.0,25,Liverpool,Premier League,COL,Forward,197,37,0.18781725888324874,21.88888888888889,4.111111111111111
P00287,4680000.0,26,Sampdoria,Serie A,ENG,Midfielder,130,10,0.07692307692307693,13.0,1.0
P00288,4680000.0,25,Leicester,Premier League,NGA,Forward,174,43,0.2471264367816092,19.333333333333332,4.777777777777778
P00289,4680000.0,24,Arsenal,Premier League,ENG,Defender,177,4,0.022598870056497175,22.125,0.5
P00290,4680000.0,29,Everton,Premier League,ENG,Defender,347,2,0.005763688760806916,26.692307692307693,0.15384615384615385
P00291,4680000.0,25,Newcastle,Premier League,FRA,Midfielder,212,0,0.0,23.555555555555557,0.0
P00292,4680000.0,27,Man City,Premier League,SUI,Defender,200,41,0.205,18.181818181818183,3.727272727272727
P00293,4680000.0,30,Tottenham,Premier League,BRA,Midfielder,365,36,0.09863013698630137,26.071428571428573,2.5714285714285716
P00294,4680000.0,21,Newcastle,Premier League,ENG,Forward,76,0,0.0,15.2,0.0
P00295,4643000.0,30,Fulham,Premier League,FRA,Defender,182,13,0.07142857142857142,13.0,0.9285714285714286
P00296,4643000.0,26,RB Leipzig,Bundesliga,SEN,Defender,154,17,0.11038961038961038,15.4,1.7
P00297,4595000.0,28,Salento,Serie A,FRA,Defender,227,31,0.13656387665198239,18.916666666666668,2.5833333333333335
P00298,4594000.0,25,PSG,Ligue 1 Uber Eats,ESP,Defender,222,9,0.04054054054054054,24.666666666666668,1.0
P00299,4559000.0,30,Sevilla,La Liga,SRB,Defender,327,48,0.14678899082568808,23.357142857142858,3.4285714285714284
P00300,4483000.0,36,Real San Sebastian,La Liga,ESP,Midfielder,562,125,0.22241992882562278,28.1,6.25
P00301,4474000.0,23,Inter,Serie A,ITA,Defender,124,15,0.12096774193548387,17.714285714285715,2.142857142857143
P00302,4423000.0,31,Juventus,Serie A,BRA,Defender,312,45,0.14423076923076922,20.8,3.0
P00303,4423000.0,27,Milan,Serie A,BEL,Forward,209,32,0.15311004784688995,19.0,2.909090909090909
P00304,4423000.0,24,Milan,Serie A,FRA,Defender,180,7,0.03888888888888889,22.5,0.875
P00305,4420000.0,30,Fulham,Premier League,GER,Goalkeeper,398,9,0.022613065326633167,28.428571428571427,0.6428571428571429
P00306,4420000.0,24,Crystal Palace,Premier League,FRA,Forward,162,0,0.0,20.25,0.0
P00307,4420000.0,25,Aston Villa,Premier League,JAM,Midfielder,200,17,0.085,22.22222222222222,1.8888888888888888
P00308,4420000.0,28,Wolves,Premier League,POR,Defender,309,24,0.07766990291262135,25.75,2.0
P00309,4368000.0,25,Everton,Premier League,ENG,Forward,200,11,0.055,22.22222222222222,1.2222222222222223
P00310,4311000.0,31,A. Bilbao,La Liga,ESP,Defender,400,19,0.0475,26.666666666666668,1.2666666666666666
P00311,4311000.0,27,Salernitana,Serie A,POL,Forward,300,23,0.07666666666666666,27.272727272727273,2.090909090909091
P00312,4311000.0,29,Bayer 04,Bundesliga,GER,Midfielder,246,2,0.008130081300813009,18.923076923076923,0.15384615384615385
P00313,4311000.0,27,A. Madrid,La Liga,ARG,Midfielder,290,20,0.06896551724137931,26.363636363636363,1.8181818181818181
P00314,4311000.0,27,A. Madrid,La Liga,URU,Defender,195,78,0.4,17.727272727272727,7.090909090909091
P00315,4299000.0,33,Bayer 04,Bundesliga,CHI,Midfielder,437,97,0.2219679633867277,25.705882352941178,5.705882352941177
P00316,4299000.0,33,FC Bayern,Bundesliga,SUI,Goalkeeper,504,74,0.14682539682539683,29.647058823529413,4.352941176470588
P00317,4299000.0,34,Borussia Dortmund,Bundesliga,FRA,Forward,403,0,0.0,22.38888888888889,0.0
P00318,4299000.0,34,OL,Ligue 1 Uber Eats,GER,Defender,378,76,0.20105820105820105,21.0,4.222222222222222
P00319,4299000.0,25,OM,Ligue 1 Uber Eats,MAR,Midfielder,161,14,0.08695652173913043,17.88888888888889,1.5555555555555556
P00320,4299000.0,26,RB Leipzig,Bundesliga,GER,Defender,193,18,0.09326424870466321,19.3,1.8
P00321,4299000.0,28,OL,Ligue 1 Uber Eats,FRA,Midfielder,193,28,0.14507772020725387,16.083333333333332,2.3333333333333335
P00322,4296000.0,28,Borussia Dortmund,Bundesliga,POR,Defender,275,56,0.20363636363636364,22.916666666666668,4.666666666666667
P00323,4259000.0,32,Bayer 04,Bundesliga,GER,Midfielder,310,11,0.035483870967741936,19.375,0.6875
P00324,4199000.0,32,Capitoline,Serie A,ENG,Defender,308,31,0.10064935064935066,19.25,1.9375
P00325,4199000.0,33,Inter,Serie A,ARM,Midfielder,438,94,0.2146118721461187,25.764705882352942,5.529411764705882
P00326,4160000.0,25,A. Madrid,La Liga,ESP,Defender,180,6,0.03333333333333333,20.0,0.6666666666666666
P00327,4160000.0,26,West Ham,Premier League,ESP,Midfielder,274,6,0.021897810218978103,27.4,0.6
P00328,4160000.0,30,Nottm Forest,Premier League,ENG,Midfielder,364,6,0.016483516483516484,26.0,0.42857142857142855
P00329,4160000.0,25,Leicester,Premier League,NGA,Midfielder,235,48,0.20425531914893616,26.11111111111111,5.333333333333333
P00330,4160000.0,23,Leicester,Premier League,FRA,Midfielder,103,0,0.0,14.714285714285714,0.0
P00331,4160000.0,26,Newcastle,Premier League,ENG,Defender,159,0,0.0,15.9,0.0
P00332,4160000.0,23,Chelsea,Premier League,ENG,Defender,133,0,0.0,19.0,0.0
P00333,4160000.0,23,Newcastle,Premier League,ENG,Midfielder,89,0,0.0,12.714285714285714,0.0
P00334,4160000.0,30,Nottm Forest,Premier League,NZL,Forward,454,70,0.15418502202643172,32.42857142857143,5.0
P00335,4160000.0,30,Brighton,Premier League,ENG,Defender,349,1,0.0028653295128939827,24.928571428571427,0.07142857142857142
P00336,4160000.0,25,Man UFC,Premier League,SCO,Defender,126,34,0.2698412698412698,14.0,3.7777777777777777
P00337,4160000.0,37,Aston Villa,Premier League,ENG,Defender,524,39,0.07442748091603053,24.952380952380953,1.8571428571428572
P00338,4160000.0,25,West Ham,Premier League,ENG,Midfielder,227,4,0.01762114537444934,25.22222222222222,0.4444444444444444
P00339,4160000.0,24,Arsenal,Premier League,ENG,Goalkeeper,156,3,0.019230769230769232,19.5,0.375
P00340,4160000.0,21,Sevilla,La Liga,ESP,Midfielder,92,4,0.043478260869565216,18.4,0.8
P00341,4160000.0,26,Newcastle,Premier League,BRA,Midfielder,214,0,0.0,21.4,0.0
P00342,4160000.0,22,Arsenal,Premier League,POR,Midfielder,88,0,0.0,14.666666666666666,0.0
P00343,4160000.0,31,Crystal Palace,Premier League,SRB,Midfielder,342,39,0.11403508771929824,22.8,2.6
P00344,4160000.0,22,Man City,Premier League,ARG,Forward,81,9,0.1111111111111111,13.5,1.5
P00345,4160000.0,29,Real Hispalis,La Liga,ESP,Midfielder,325,0,0.0,25.0,0.0
P00346,4160000.0,33,Leicester,Premier League,ENG,Defender,408,19,0.04656862745098039,24.0,1.1176470588235294
P00347,4160000.0,23,Leicester,Premier League,ZAM,Forward,138,31,0.2246376811594203,19.714285714285715,4.428571428571429
P00348,4160000.0,25,Aston Villa,Premier League,ARG,Midfielder,262,1,0.003816793893129771,29.11111111111111,0.1111111111111111
P00349,4138000.0,25,Hertha Berlin,Bundesliga,FRA,Midfielder,194,0,0.0,21.555555555555557,0.0
P00350,4127000.0,30,AS Monaco,Ligue 1 Uber Eats,GER,Midfielder,386,14,0.03626943005181347,27.571428571428573,1.0
P00351,4091000.0,22,PSG,Ligue 1 Uber Eats,POR,Midfielder,78,3,0.038461538461538464,13.0,0.5
P00352,4056000.0,31,Valencia,La Liga,BRA,Defender,315,0,0.0,21.0,0.0
P00353,4035000.0,27,AS Monaco,Ligue 1 Uber Eats,JPN,Forward,244,42,0.1721311475409836,22.181818181818183,3.8181818181818183
P00354,4004000.0,23,Chelsea,Premier League,ENG,Midfielder,175,31,0.17714285714285713,25.0,4.428571428571429
P00355,3992000.0,38,Inter,Serie A,SVN,Goalkeeper,598,81,0.1354515050167224,27.181818181818183,3.6818181818181817
P00356,3992000.0,22,Milan,Serie A,ITA,Midfielder,153,11,0.0718954248366013,25.5,1.8333333333333333
P00357,3992000.0,29,Lazio,Serie A,ESP,Midfielder,322,1,0.003105590062111801,24.76923076923077,0.07692307692307693
P00358,3987000.0,22,Tottenham,Premier League,SWE,Midfielder,118,25,0.211864406779661,19.666666666666668,4.166666666666667
P00359,3955000.0,26,AS Monaco,Ligue 1 Uber Eats,RUS,Midfielder,192,45,0.234375,19.2,4.5
P00360,3910000.0,32,A. Bilbao,La Liga,ESP,Defender,323,0,0.0,20.1875,0.0
P00361,3900000.0,27,Aston Villa,Premier League,BEL,Defender,244,29,0.11885245901639344,22.181818181818183,2.6363636363636362
P00362,3900000.0,30,Leicester,Premier League,DEN,Defender,291,35,0.12027491408934708,20.785714285714285,2.5
P00363,3900000.0,28,Newcastle,Premier League,PAR,Midfielder,252,44,0.1746031746031746,21.0,3.6666666666666665
P00364,3900000.0,26,Tottenham,Premier League,COL,Defender,185,51,0.2756756756756757,18.5,5.1
P00365,3900000.0,26,Crystal Palace,Premier League,DEN,Defender,219,17,0.0776255707762557,21.9,1.7
P00366,3900000.0,28,Wolves,Premier League,ESP,Defender,316,3,0.00949367088607595,26.333333333333332,0.25
P00367,3900000.0,23,Arsenal,Premier League,ENG,Forward,82,0,0.0,11.714285714285714,0.0
P00368,3900000.0,23,Leicester,Premier League,ENG,Midfielder,83,0,0.0,11.857142857142858,0.0
P00369,3900000.0,20,Chelsea,Premier League,ALB,Forward,69,14,0.2028985507246377,17.25,3.5
P00370,3900000.0,34,Tottenham,Premier League,ENG,Goalkeeper,353,6,0.0169971671388102,19.61111111111111,0.3333333333333333
P00371,3900000.0,23,Tottenham,Premier League,BRA,Defender,136,7,0.051470588235294115,19.428571428571427,1.0
P00372,3900000.0,22,Everton,Premier League,ENG,Midfielder,140,0,0.0,23.333333333333332,0.0
P00373,3900000.0,29,Leeds,Premier League,ENG,Forward,285,1,0.0035087719298245615,21.923076923076923,0.07692307692307693
P00374,3900000.0,28,Leicester,Premier League,BEL,Midfielder,305,15,0.04918032786885246,25.416666666666668,1.25
P00375,3900000.0,30,A. Madrid,La Liga,IRL,Defender,322,29,0.09006211180124224,23.0,2.0714285714285716
P00376,3880000.0,36,Sevilla,La Liga,ESP,Defender,600,46,0.07666666666666666,30.0,2.3
P00377,3877000.0,24,RB Leipzig,Bundesliga,AUT,Midfielder,186,29,0.15591397849462366,23.25,3.625
P00378,3871000.0,28,Milan,Serie A,CRO,Forward,239,42,0.17573221757322174,19.916666666666668,3.5
P00379,3871000.0,35,Milan,Serie A,FRA,Forward,478,112,0.23430962343096234,25.157894736842106,5.894736842105263
P00380,3871000.0,24,Milan,Serie A,ENG,Defender,147,3,0.02040816326530612,18.375,0.375
P00381,3869000.0,31,A. Madrid,La Liga,MNE,Defender,321,62,0.19314641744548286,21.4,4.133333333333334
P00382,3869000.0,30,Barcelona,La Liga,ESP,Defender,312,11,0.035256410256410256,22.285714285714285,0.7857142857142857
P00383,3869000.0,25,Borussia M'gladbach,Bundesliga,FRA,Forward,188,4,0.02127659574468085,20.88888888888889,0.4444444444444444
P00384,3869000.0,30,PSG,Ligue 1 Uber Eats,POR,Defender,294,61,0.20748299319727892,21.0,4.357142857142857
P00385,3869000.0,19,Bayer 04,Bundesliga,GER,Midfielder,60,4,0.06666666666666667,20.0,1.3333333333333333
P00386,3828000.0,28,Capitoline,Serie A,ITA,Forward,333,44,0.13213213213213212,27.75,3.6666666666666665
P00387,3786000.0,34,Capitoline,Serie A,SRB,Midfielder,419,48,0.11455847255369929,23.27777777777778,2.6666666666666665
P00388,3770000.0,25,Everton,Premier League,ENG,Defender,157,0,0.0,17.444444444444443,0.0
P00389,3673000.0,29,Parthenope,Serie A,ITA,Defender,324,21,0.06481481481481481,24.923076923076923,1.6153846153846154
P00390,3640000.0,33,Nottm Forest,Premier League,BRA,Defender,264,2,0.007575757575757576,15.529411764705882,0.11764705882352941
P00391,3640000.0,23,West Ham,Premier League,ITA,Forward,132,7,0.05303030303030303,18.857142857142858,1.0
P00392,3640000.0,23,Leeds,Premier League,COL,Midfielder,126,7,0.05555555555555555,18.0,1.0
P00393,3640000.0,24,Torino,Serie A,CRO,Forward,208,39,0.1875,26.0,4.875
P00394,3640000.0,21,Aston Villa,Premier League,ENG,Midfielder,69,0,0.0,13.8,0.0
P00395,3640000.0,35,Crystal Palace,Premier League,ESP,Goalkeeper,385,0,0.0,20.263157894736842,0.0
P00396,3640000.0,27,Aston Villa,Premier League,SCO,Midfielder,331,48,0.14501510574018128,30.09090909090909,4.363636363636363
P00397,3640000.0,26,Leicester,Premier League,BEL,Defender,215,24,0.11162790697674418,21.5,2.4
P00398,3640000.0,33,Southampton,Premier League,ENG,Midfielder,401,47,0.1172069825436409,23.58823529411765,2.764705882352941
P00399,3640000.0,29,West Ham,Premier League,ARG,Midfielder,310,5,0.016129032258064516,23.846153846153847,0.38461538461538464
P00400,3640000.0,33,Everton,Premier League,IRL,Defender,373,65,0.1742627345844504,21.941176470588236,3.823529411764706
P00401,3640000.0,23,Liverpool,Premier League,FRA,Defender,89,2,0.02247191011235955,12.714285714285714,0.2857142857142857
P00402,3640000.0,31,Crystal Palace,Premier League,ENG,Defender,343,14,0.04081632653061224,22.866666666666667,0.9333333333333333
P00403,3640000.0,24,Aston Villa,Premier League,ENG,Defender,209,0,0.0,26.125,0.0
P00404,3640000.0,29,Everton,Premier League,ENG,Defender,306,12,0.0392156862745098,23.53846153846154,0.9230769230769231
P00405,3640000.0,32,West Ham,Premier League,JAM,Midfielder,413,6,0.014527845036319613,25.8125,0.375
P00406,3640000.0,29,Aston Villa,Premier League,ENG,Defender,211,17,0.08056872037914692,16.23076923076923,1.3076923076923077
P00407,3640000.0,29,Southampton,Premier League,CRO,Midfielder,366,19,0.05191256830601093,28.153846153846153,1.4615384615384615
P00408,3586000.0,26,RB Leipzig,Bundesliga,POR,Forward,272,51,0.1875,27.2,5.1
P00409,3509000.0,28,Spezia,Serie A,ITA,Defender,159,2,0.012578616352201259,13.25,0.16666666666666666
P00410,3509000.0,29,Parthenope,Serie A,ITA,Forward,332,7,0.02108433734939759,25.53846153846154,0.5384615384615384
P00411,3484000.0,34,Brighton,Premier League,ENG,Midfielder,427,34,0.07962529274004684,23.72222222222222,1.8888888888888888
P00412,3476000.0,25,PSG,Ligue 1 Uber Eats,POR,Midfielder,177,32,0.1807909604519774,19.666666666666668,3.5555555555555554
P00413,3449000.0,21,Milan,Serie A,USA,Defender,92,17,0.18478260869565216,18.4,3.4
P00414,3448000.0,24,RB Leipzig,Bundesliga,ESP,Midfielder,175,24,0.13714285714285715,21.875,3.0
P00415,3448000.0,24,Getafe,La Liga,ESP,Midfielder,170,0,0.0,21.25,0.0
P00416,3448000.0,28,Mallorca,La Liga,KOS,Forward,275,42,0.15272727272727274,22.916666666666668,3.5
P00417,3448000.0,24,Nottm Forest,Premier League,BRA,Defender,119,15,0.12605042016806722,14.875,1.875
P00418,3439000.0,28,VfL Wolfsburg,Bundesliga,GER,Midfielder,293,3,0.010238907849829351,24.416666666666668,0.25
P00419,3439000.0,22,VfL Wolfsburg,Bundesliga,FRA,Defender,92,0,0.0,15.333333333333334,0.0
P00420,3439000.0,32,Hoffenheim,Bundesliga,GER,Defender,373,28,0.07506702412868632,23.3125,1.75
P00421,3439000.0,32,Bayer 04,Bundesliga,FIN,Goalkeeper,384,78,0.203125,24.0,4.875
P00422,3439000.0,31,Hoffenheim,Bundesliga,DEN,Midfielder,311,69,0.22186495176848875,20.733333333333334,4.6
P00423,3439000.0,20,Sevilla,La Liga,FRA,Defender,33,0,0.0,8.25,0.0
P00424,3439000.0,28,SV Werder,Bundesliga,GER,Forward,227,0,0.0,18.916666666666668,0.0
P00425,3439000.0,27,Getafe,La Liga,MAR,Forward,203,11,0.054187192118226604,18.454545454545453,1.0
P00426,3439000.0,24,Borussia Dortmund,Bundesliga,TUR,Midfielder,166,5,0.030120481927710843,20.75,0.625
P00427,3439000.0,23,Borussia Dortmund,Bundesliga,NED,Forward,135,18,0.13333333333333333,19.285714285714285,2.5714285714285716
P00428,3439000.0,23,Wolves,Premier League,BRA,Forward,139,7,0.050359712230215826,19.857142857142858,1.0
P00429,3439000.0,26,Borussia M'gladbach,Bundesliga,GER,Midfielder,260,6,0.023076923076923078,26.0,0.6
P00430,3439000.0,30,Borussia M'gladbach,Bundesliga,GER,Midfielder,283,14,0.04946996466431095,20.214285714285715,1.0
P00431,3439000.0,30,VfL Wolfsburg,Bundesliga,BEL,Goalkeeper,262,4,0.015267175572519083,18.714285714285715,0.2857142857142857
P00432,3439000.0,31,Hoffenheim,Bundesliga,CRO,Forward,342,71,0.20760233918128654,22.8,4.733333333333333
P00433,3437000.0,30,RB Leipzig,Bundesliga,SWE,Midfielder,362,74,0.20441988950276244,25.857142857142858,5.285714285714286
P00434,3437000.0,26,Borussia Dortmund,Bundesliga,GER,Midfielder,172,2,0.011627906976744186,17.2,0.2
P00435,3432000.0,31,Brighton,Premier League,GER,Midfielder,385,0,0.0,25.666666666666668,0.0
P00436,3404000.0,28,Juventus,Serie A,POL,Forward,262,62,0.2366412213740458,21.833333333333332,5.166666666666667
P00437,3380000.0,26,Liverpool,Premier League,GRE,Defender,128,22,0.171875,12.8,2.2
P00438,3380000.0,25,Leeds,Premier League,ESP,Midfielder,177,0,0.0,19.666666666666668,0.0
P00439,3380000.0,21,Liverpool,Premier League,ENG,Midfielder,45,0,0.0,9.0,0.0
P00440,3380000.0,29,Aston Villa,Premier League,ESP,Defender,322,0,0.0,24.76923076923077,0.0
P00441,3380000.0,25,Southampton,Premier League,ENG,Defender,132,5,0.03787878787878788,14.666666666666666,0.5555555555555556
P00442,3380000.0,27,Fulham,Premier League,SRB,Forward,357,74,0.20728291316526612,32.45454545454545,6.7272727272727275
P00443,3380000.0,32,Wolves,Premier League,ENG,Defender,464,0,0.0,29.0,0.0
P00444,3380000.0,25,Aston Villa,Premier League,POL,Defender,214,7,0.03271028037383177,23.77777777777778,0.7777777777777778
P00445,3380000.0,31,Fulham,Premier League,POR,Defender,257,34,0.13229571984435798,17.133333333333333,2.2666666666666666
P00446,3380000.0,25,West Ham,Premier League,CIV,Defender,241,28,0.11618257261410789,26.77777777777778,3.111111111111111
P00447,3380000.0,24,Everton,Premier League,ENG,Defender,172,2,0.011627906976744186,21.5,0.25
P00448,3380000.0,26,Nottm Forest,Premier League,SEN,Defender,235,0,0.0,23.5,0.0
P00449,3380000.0,28,Newcastle,Premier League,SCO,Midfielder,273,22,0.08058608058608059,22.75,1.8333333333333333
P00450,3380000.0,36,Man UFC,Premier League,ENG,Goalkeeper,347,3,0.008645533141210375,17.35,0.15
P00451,3380000.0,23,Arsenal,Premier League,JPN,Defender,170,28,0.16470588235294117,24.285714285714285,4.0
P00452,3380000.0,26,West Ham,Premier League,MAR,Defender,168,25,0.1488095238095238,16.8,2.5
P00453,3380000.0,25,Fulham,Premier League,FRA,Defender,187,0,0.0,20.77777777777778,0.0
P00454,3380000.0,34,West Ham,Premier League,ITA,Defender,388,13,0.03350515463917526,21.555555555555557,0.7222222222222222
P00455,3380000.0,24,Aston Villa,Premier League,BRA,Midfielder,173,9,0.05202312138728324,21.625,1.125
P00456,3370000.0,27,Capitoline,Serie A,NED,Defender,178,3,0.016853932584269662,16.181818181818183,0.2727272727272727
P00457,3362000.0,35,OGC Nice,Ligue 1 Uber Eats,DEN,Goalkeeper,579,84,0.14507772020725387,30.473684210526315,4.421052631578948
P00458,3354000.0,31,Parthenope,Serie A,POR,Defender,314,11,0.03503184713375796,20.933333333333334,0.7333333333333333
P00459,3353000.0,27,OM,Ligue 1 Uber Eats,ESP,Goalkeeper,223,2,0.008968609865470852,20.272727272727273,0.18181818181818182
P00460,3319000.0,25,Parthenope,Serie A,KOR,Defender,149,42,0.28187919463087246,16.555555555555557,4.666666666666667
P00461,3319000.0,26,Inter,Serie A,CMR,Goalkeeper,191,30,0.15706806282722513,19.1,3.0
P00462,3319000.0,33,Bologna,Serie A,AUT,Forward,393,102,0.2595419847328244,23.11764705882353,6.0
P00463,3319000.0,30,Parthenope,Serie A,GER,Midfielder,334,1,0.0029940119760479044,23.857142857142858,0.07142857142857142
P00464,3267000.0,26,VfL Wolfsburg,Bundesliga,GER,Forward,158,7,0.04430379746835443,15.8,0.7
P00465,3267000.0,31,OL,Ligue 1 Uber Eats,POR,Goalkeeper,319,14,0.0438871473354232,21.266666666666666,0.9333333333333333
P00466,3224000.0,24,RB Leipzig,Bundesliga,GER,Defender,147,9,0.061224489795918366,18.375,1.125
P00467,3198000.0,24,OL,Ligue 1 Uber Eats,FRA,Midfielder,168,1,0.005952380952380952,21.0,0.125
P00468,3190000.0,28,Sampdoria,Serie A,ITA,Defender,146,1,0.00684931506849315,12.166666666666666,0.08333333333333333
P00469,3190000.0,28,Lazio,Serie A,ALB,Defender,307,71,0.23127035830618892,25.583333333333332,5.916666666666667
P00470,3190000.0,23,Sassuolo,Serie A,ITA,Forward,111,0,0.0,15.857142857142858,0.0
P00471,3190000.0,27,Lazio,Serie A,ITA,Forward,218,0,0.0,19.818181818181817,0.0
P00472,3190000.0,33,Inter,Serie A,ITA,Defender,384,6,0.015625,22.58823529411765,0.35294117647058826
P00473,3190000.0,26,Capitoline,Serie A,ITA,Defender,168,9,0.05357142857142857,16.8,0.9
P00474,3190000.0,34,Sevilla,La Liga,ARG,Midfielder,509,14,0.0275049115913556,28.27777777777778,0.7777777777777778
P00475,3190000.0,27,Brianza,Serie A,ITA,Midfielder,197,9,0.04568527918781726,17.90909090909091,0.8181818181818182
P00476,3190000.0,24,Atalanta,Serie A,TUR,Defender,124,35,0.28225806451612906,15.5,4.375
P00477,3190000.0,31,Milan,Serie A,ITA,Defender,318,49,0.1540880503144654,21.2,3.2666666666666666
P00478,3190000.0,25,Milan,Serie A,ITA,Defender,153,7,0.0457516339869281,17.0,0.7777777777777778
P00479,3138000.0,22,Barcelona,La Liga,ESP,Forward,134,28,0.208955223880597,22.333333333333332,4.666666666666667
P00480,3138000.0,31,Villarreal,La Liga,FRA,Midfielder,260,0,0.0,17.333333333333332,0.0
P00481,3120000.0,32,Nottm Forest,Premier League,GHA,Forward,442,107,0.2420814479638009,27.625,6.6875
P00482,3120000.0,28,Nottm Forest,Premier League,BRA,Forward,248,1,0.004032258064516129,20.666666666666668,0.08333333333333333
P00483,3120000.0,23,Leeds,Premier League,USA,Defender,167,30,0.17964071856287425,23.857142857142858,4.285714285714286
P00484,3120000.0,27,Fulham,Premier League,POR,Midfielder,191,14,0.07329842931937172,17.363636363636363,1.2727272727272727
P00485,3120000.0,25,Leeds,Premier League,ENG,Midfielder,215,0,0.0,23.88888888888889,0.0
P00486,3120000.0,29,Crystal Palace,Premier League,GHA,Midfielder,285,19,0.06666666666666667,21.923076923076923,1.4615384615384615
P00487,3120000.0,28,Strasbourg,Ligue 1 Uber Eats,FRA,Midfielder,272,0,0.0,22.666666666666668,0.0
P00488,3120000.0,23,Leicester,Premier League,AUS,Defender,121,5,0.04132231404958678,17.285714285714285,0.7142857142857143
P00489,3120000.0,37,West Ham,Premier League,POL,Goalkeeper,394,57,0.1446700507614213,18.761904761904763,2.7142857142857144
P00490,3120000.0,23,West Ham,Premier League,ENG,Defender,175,32,0.18285714285714286,25.0,4.571428571428571
P00491,3120000.0,26,Southampton,Premier League,NGA,Midfielder,203,20,0.09852216748768473,20.3,2.0
P00492,3120000.0,35,Liverpool,Premier League,ESP,Goalkeeper,233,0,0.0,12.263157894736842,0.0
P00493,3120000.0,33,Wolves,Premier League,ESP,Forward,394,24,0.06091370558375635,23.176470588235293,1.411764705882353
P00494,3120000.0,30,Southampton,Premier League,SCO,Midfielder,348,36,0.10344827586206896,24.857142857142858,2.5714285714285716
P00495,3120000.0,23,Brighton,Premier League,ARG,Midfielder,148,5,0.033783783783783786,21.142857142857142,0.7142857142857143
P00496,3120000.0,26,Aston Villa,Premier League,BFA,Midfielder,227,64,0.28193832599118945,22.7,6.4
P00497,3120000.0,24,Brighton,Premier League,ECU,Defender,202,31,0.15346534653465346,25.25,3.875
P00498,3120000.0,25,Wolves,Premier League,POR,Midfielder,250,30,0.12,27.77777777777778,3.3333333333333335
P00499,3120000.0,29,Everton,Premier League,ENG,Defender,365,10,0.0273972602739726,28.076923076923077,0.7692307692307693
P00500,3120000.0,26,Southampton,Premier League,POL,Defender,208,42,0.20192307692307693,20.8,4.2
P00501,3120000.0,20,Leeds,Premier League,FRA,Forward,67,0,0.0,16.75,0.0
P00502,3120000.0,26,Fulham,Premier League,SRB,Midfielder,217,30,0.1382488479262673,21.7,3.0
P00503,3120000.0,27,West Ham,Premier League,ALG,Forward,228,17,0.07456140350877193,20.727272727272727,1.5454545454545454
P00504,3120000.0,24,Leicester,Premier League,BEL,Defender,162,1,0.006172839506172839,20.25,0.125
P00505,3120000.0,22,Tottenham,Premier League,ENG,Defender,154,0,0.0,25.666666666666668,0.0
P00506,3120000.0,28,Southampton,Premier League,NOR,Midfielder,301,45,0.14950166112956811,25.083333333333332,3.75
P00507,3095000.0,28,Benfica,Primiera Liga,GER,Midfielder,292,58,0.19863013698630136,24.333333333333332,4.833333333333333
P00508,3095000.0,27,AS Monaco,Ligue 1 Uber Eats,POR,Midfielder,237,21,0.08860759493670886,21.545454545454547,1.9090909090909092
P00509,3095000.0,27,Milan,Serie A,FRA,Goalkeeper,185,4,0.021621621621621623,16.818181818181817,0.36363636363636365
P00510,3071000.0,20,RB Leipzig,Bundesliga,CRO,Defender,76,10,0.13157894736842105,19.0,2.5
P00511,3035000.0,31,Lazio,Serie A,URU,Midfielder,269,60,0.22304832713754646,17.933333333333334,4.0
P00512,3017000.0,30,Hoffenheim,Bundesliga,ISR,Forward,309,40,0.12944983818770225,22.071428571428573,2.857142857142857
P00513,3017000.0,22,Milan,Serie A,FRA,Defender,45,0,0.0,7.5,0.0
P00514,3016000.0,27,Valencia,La Liga,ESP,Defender,304,17,0.05592105263157895,27.636363636363637,1.5454545454545454
P00515,3016000.0,22,Arsenal,Premier League,POL,Defender,91,2,0.02197802197802198,15.166666666666666,0.3333333333333333
P00516,3009000.0,26,Bayer 04,Bundesliga,GER,Defender,245,16,0.0653061224489796,24.5,1.6
P00517,3009000.0,23,VfL Wolfsburg,Bundesliga,GER,Forward,128,6,0.046875,18.285714285714285,0.8571428571428571
P00518,3009000.0,29,RB Leipzig,Bundesliga,HUN,Defender,290,33,0.11379310344827587,22.307692307692307,2.5384615384615383
P00519,3009000.0,29,Borussia M'gladbach,Bundesliga,FRA,Forward,263,1,0.0038022813688212928,20.23076923076923,0.07692307692307693
P00520,3009000.0,34,Borussia M'gladbach,Bundesliga,GER,Forward,434,11,0.02534562211981567,24.11111111111111,0.6111111111111112
P00521,3009000.0,28,VfL Wolfsburg,Bundesliga,GER,Defender,233,1,0.004291845493562232,19.416666666666668,0.08333333333333333
P00522,3009000.0,25,AS Monaco,Ligue 1 Uber Eats,SUI,Midfielder,212,56,0.2641509433962264,23.555555555555557,6.222222222222222
P00523,3007000.0,27,Borussia Dortmund,Bundesliga,GER,Defender,198,0,0.0,18.0,0.0
P00524,3007000.0,32,Girona,La Liga,ESP,Defender,429,0,0.0,26.8125,0.0
P00525,3007000.0,32,RB Leipzig,Bundesliga,HUN,Goalkeeper,335,49,0.14626865671641792,20.9375,3.0625
P00526,2994000.0,24,RB Leipzig,Bundesliga,MLI,Midfielder,157,32,0.20382165605095542,19.625,4.0
P00527,2923000.0,30,OL,Ligue 1 Uber Eats,BRA,Defender,288,0,0.0,20.571428571428573,0.0
P00528,2911000.0,28,RB Leipzig,Bundesliga,DEN,Midfielder,296,68,0.22972972972972974,24.666666666666668,5.666666666666667
P00529,2871000.0,34,Inter,Serie A,ITA,Defender,411,25,0.06082725060827251,22.833333333333332,1.3888888888888888
P00530,2871000.0,23,Valencia,La Liga,NED,Midfielder,162,2,0.012345679012345678,23.142857142857142,0.2857142857142857
P00531,2871000.0,27,Brianza,Serie A,ITA,Forward,249,1,0.004016064257028112,22.636363636363637,0.09090909090909091
P00532,2871000.0,31,Atalanta,Serie A,COL,Forward,353,34,0.09631728045325778,23.533333333333335,2.2666666666666666
P00533,2860000.0,26,Wolves,Premier League,KOR,Midfielder,193,47,0.24352331606217617,19.3,4.7
P00534,2860000.0,27,Brighton,Premier League,ENG,Defender,275,0,0.0,25.0,0.0
P00535,2860000.0,21,Wolves,Premier League,BRA,Midfielder,59,0,0.0,11.8,0.0
P00536,2860000.0,27,Fulham,Premier League,BRA,Forward,134,0,0.0,12.181818181818182,0.0
P00537,2860000.0,30,West Ham,Premier League,CZE,Defender,275,30,0.10909090909090909,19.642857142857142,2.142857142857143
P00538,2860000.0,22,Arsenal,Premier League,ENG,Forward,77,3,0.03896103896103896,12.833333333333334,0.5
P00539,2860000.0,34,Crystal Palace,Premier League,SCO,Midfielder,533,32,0.0600375234521576,29.61111111111111,1.7777777777777777
P00540,2860000.0,31,Leeds,Premier League,NIR,Defender,407,62,0.15233415233415235,27.133333333333333,4.133333333333334
P00541,2860000.0,28,Newcastle,Premier League,ENG,Defender,261,0,0.0,21.75,0.0
P00542,2860000.0,19,Chelsea,Premier League,CIV,Forward,44,0,0.0,14.666666666666666,0.0
P00543,2860000.0,27,Leicester,Premier League,GHA,Defender,169,44,0.2603550295857988,15.363636363636363,4.0
P00544,2860000.0,30,Fulham,Premier League,IRL,Defender,286,55,0.19230769230769232,20.428571428571427,3.9285714285714284
P00545,2860000.0,26,Leeds,Premier League,ESP,Defender,160,0,0.0,16.0,0.0
P00546,2852000.0,34,Capitoline,Serie A,POR,Goalkeeper,481,104,0.21621621621621623,26.72222222222222,5.777777777777778
P00547,2837000.0,27,Bayer 04,Bundesliga,IRN,Forward,221,63,0.2850678733031674,20.09090909090909,5.7272727272727275
P00548,2802000.0,32,Eintracht Frankfurt,Bundesliga,GER,Goalkeeper,355,6,0.016901408450704224,22.1875,0.375
P00549,2802000.0,30,Eintracht Frankfurt,Bundesliga,GER,Midfielder,285,63,0.22105263157894736,20.357142857142858,4.5
P00550,2800000.0,22,Capitoline,Serie A,ALB,Defender,64,15,0.234375,10.666666666666666,2.5
P00551,2786000.0,35,OM,Ligue 1 Uber Eats,FRA,Forward,544,38,0.06985294117647059,28.63157894736842,2.0
P00552,2767000.0,24,Fiorentina,Serie A,ARG,Midfielder,155,21,0.13548387096774195,19.375,2.625
P00553,2767000.0,35,Lazio,Serie A,ESP,Forward,483,65,0.13457556935817805,25.42105263157895,3.4210526315789473
P00554,2767000.0,24,Leeds,Premier League,USA,Midfielder,137,35,0.25547445255474455,17.125,4.375
P00555,2767000.0,29,Juventus,Serie A,SRB,Defender,344,48,0.13953488372093023,26.46153846153846,3.6923076923076925
P00556,2767000.0,26,Inter,Serie A,NED,Defender,224,34,0.15178571428571427,22.4,3.4
P00557,2761000.0,27,Vallecano,La Liga,ESP,Forward,295,4,0.013559322033898305,26.818181818181817,0.36363636363636365
P00558,2751000.0,26,OL,Ligue 1 Uber Eats,FRA,Forward,228,0,0.0,22.8,0.0
P00559,2751000.0,31,VfL Wolfsburg,Bundesliga,FRA,Defender,309,7,0.022653721682847898,20.6,0.4666666666666667
P00560,2749000.0,29,1. FC Koln,Bundesliga,GER,Goalkeeper,334,0,0.0,25.692307692307693,0.0
P00561,2735000.0,23,Bayer 04,Bundesliga,ARG,Midfielder,87,20,0.22988505747126436,12.428571428571429,2.857142857142857
P00562,2732000.0,25,OM,Ligue 1 Uber Eats,TUR,Midfielder,203,42,0.20689655172413793,22.555555555555557,4.666666666666667
P00563,2718000.0,29,Nottm Forest,Premier League,CIV,Defender,273,79,0.2893772893772894,21.0,6.076923076923077
P00564,2711000.0,30,Verona,Serie A,ITA,Forward,292,4,0.0136986301369863,20.857142857142858,0.2857142857142857
P00565,2711000.0,30,Brianza,Serie A,ITA,Defender,277,3,0.010830324909747292,19.785714285714285,0.21428571428571427
P00566,2690000.0,25,Rennes,Ligue 1 Uber Eats,FRA,Forward,168,0,0.0,18.666666666666668,0.0
P00567,2690000.0,30,Sevilla,La Liga,ARG,Forward,298,25,0.08389261744966443,21.285714285714285,1.7857142857142858
P00568,2682000.0,37,Rennes,Ligue 1 Uber Eats,FRA,Goalkeeper,551,34,0.06170598911070781,26.238095238095237,1.619047619047619
P00569,2621000.0,24,Vigo,La Liga,ESP,Midfielder,128,0,0.0,16.0,0.0
P00570,2621000.0,26,Spezia,Serie A,UKR,Midfielder,159,33,0.20754716981132076,15.9,3.3
P00571,2600000.0,30,Real Hispalis,La Liga,BRA,Forward,357,0,0.0,25.5,0.0
P00572,2600000.0,24,Fulham,Premier League,WAL,Midfielder,117,36,0.3076923076923077,14.625,4.5
P00573,2600000.0,22,Man UFC,Premier League,ENG,Defender,47,0,0.0,7.833333333333333,0.0
P00574,2600000.0,24,Nottm Forest,Premier League,ENG,Defender,104,0,0.0,13.0,0.0
P00575,2600000.0,32,Brentford,Premier League,ENG,Defender,372,0,0.0,23.25,0.0
P00576,2600000.0,26,Fulham,Premier League,BRA,Midfielder,167,1,0.005988023952095809,16.7,0.1
P00577,2600000.0,25,Southampton,Premier League,ENG,Defender,91,2,0.02197802197802198,10.11111111111111,0.2222222222222222
P00578,2600000.0,29,Brianza,Serie A,ESP,Defender,264,0,0.0,20.307692307692307,0.0
P00579,2600000.0,31,Nottm Forest,Premier League,CIV,Defender,268,13,0.048507462686567165,17.866666666666667,0.8666666666666667
P00580,2600000.0,23,Man UFC,Premier League,NED,Defender,104,5,0.04807692307692308,14.857142857142858,0.7142857142857143
P00581,2600000.0,22,Nottm Forest,Premier League,ENG,Midfielder,111,0,0.0,18.5,0.0
P00582,2600000.0,31,Brighton,Premier League,ENG,Forward,288,42,0.14583333333333334,19.2,2.8
P00583,2600000.0,33,Crystal Palace,Premier League,ENG,Defender,330,0,0.0,19.41176470588235,0.0
P00584,2600000.0,24,Fulham,Premier League,ENG,Defender,143,0,0.0,17.875,0.0
P00585,2600000.0,26,Southampton,Premier League,SCO,Forward,342,19,0.05555555555555555,34.2,1.9
P00586,2600000.0,29,Wolves,Premier League,GAB,Midfielder,220,25,0.11363636363636363,16.923076923076923,1.9230769230769231
P00587,2600000.0,27,West Ham,Premier League,CZE,Midfielder,234,52,0.2222222222222222,21.272727272727273,4.7272727272727275
P00588,2600000.0,28,Southampton,Premier League,NGA,Forward,261,15,0.05747126436781609,21.75,1.25
P00589,2600000.0,21,Arsenal,Premier League,ENG,Forward,103,18,0.17475728155339806,20.6,3.6
P00590,2600000.0,25,Crystal Palace,Premier League,FRA,Forward,167,0,0.0,18.555555555555557,0.0
P00591,2600000.0,22,Crystal Palace,Premier League,BEL,Midfielder,95,1,0.010526315789473684,15.833333333333334,0.16666666666666666
P00592,2600000.0,24,Newcastle,Premier League,NIR,Defender,124,26,0.20967741935483872,15.5,3.25
P00593,2600000.0,32,West Ham,Premier League,ENG,Defender,465,3,0.0064516129032258064,29.0625,0.1875
P00594,2600000.0,22,Juventus,Serie A,ITA,Forward,126,12,0.09523809523809523,21.0,2.0
P00595,2600000.0,30,Chelsea,Premier League,SEN,Goalkeeper,209,25,0.11961722488038277,14.928571428571429,1.7857142857142858
P00596,2600000.0,26,Wolves,Premier League,POR,Forward,226,1,0.004424778761061947,22.6,0.1
P00597,2600000.0,24,Southampton,Premier League,MLI,Midfielder,113,29,0.25663716814159293,14.125,3.625
P00598,2600000.0,27,Crystal Palace,Premier League,ENG,Midfielder,295,0,0.0,26.818181818181817,0.0
P00599,2600000.0,32,Southampton,Premier League,ENG,Goalkeeper,269,1,0.0037174721189591076,16.8125,0.0625
P00600,2600000.0,26,Everton,Premier League,FRA,Forward,276,0,0.0,27.6,0.0
P00601,2600000.0,27,Aston Villa,Premier League,ENG,Defender,166,3,0.018072289156626505,15.090909090909092,0.2727272727272727
P00602,2600000.0,30,Newcastle,Premier League,ENG,Defender,325,0,0.0,23.214285714285715,0.0
P00603,2600000.0,30,Brighton,Premier League,NED,Defender,252,28,0.1111111111111111,18.0,2.0
P00604,2600000.0,30,Leicester,Premier League,SEN,Midfielder,283,17,0.06007067137809187,20.214285714285715,1.2142857142857142
P00605,2600000.0,18,Chelsea,Premier League,BRA,Midfielder,34,0,0.0,17.0,0.0
P00606,2600000.0,20,Southampton,Premier League,GHA,Midfielder,76,11,0.14473684210526316,19.0,2.75
P00607,2600000.0,21,Tottenham,Premier League,ENG,Midfielder,84,0,0.0,16.8,0.0
P00608,2600000.0,25,Southampton,Premier League,BRA,Defender,97,0,0.0,10.777777777777779,0.0
P00609,2600000.0,25,Southampton,Premier League,CRO,Defender,238,23,0.09663865546218488,26.444444444444443,2.5555555555555554
P00610,2600000.0,19,Udinese,Serie A,ITA,Defender,44,0,0.0,14.666666666666666,0.0
P00611,2600000.0,22,Brentford,Premier League,DEN,Midfielder,136,16,0.11764705882352941,22.666666666666668,2.6666666666666665
P00612,2600000.0,23,Everton,Premier League,UKR,Defender,108,27,0.25,15.428571428571429,3.857142857142857
P00613,2600000.0,19,Southampton,Premier League,ARG,Midfielder,64,0,0.0,21.333333333333332,0.0
P00614,2600000.0,30,Arsenal,Premier League,EGY,Midfielder,236,92,0.3898305084745763,16.857142857142858,6.571428571428571
P00615,2600000.0,25,Southampton,Premier League,ENG,Forward,292,0,0.0,32.44444444444444,0.0
P00616,2600000.0,19,Leicester,Premier League,DEN,Defender,51,0,0.0,17.0,0.0
P00617,2600000.0,22,Crystal Palace,Premier League,USA,Defender,77,8,0.1038961038961039,12.833333333333334,1.3333333333333333
P00618,2592000.0,25,Chelsea,Premier League,SUI,Midfielder,196,40,0.20408163265306123,21.77777777777778,4.444444444444445
P00619,2586000.0,21,Barcelona,La Liga,ESP,Defender,46,17,0.3695652173913043,9.2,3.4
P00620,2586000.0,32,Hoffenheim,Bundesliga,GER,Goalkeeper,420,0,0.0,26.25,0.0
P00621,2586000.0,26,Real San Sebastian,La Liga,NOR,Forward,226,42,0.18584070796460178,22.6,4.2
P00622,2586000.0,25,Bayer 04,Bundesliga,GER,Midfielder,213,5,0.023474178403755867,23.666666666666668,0.5555555555555556
P00623,2579000.0,28,Getafe,La Liga,FRA,Defender,205,0,0.0,17.083333333333332,0.0
P00624,2579000.0,24,PSG,Ligue 1 Uber Eats,FRA,Defender,184,1,0.005434782608695652,23.0,0.125
P00625,2579000.0,23,VfL Wolfsburg,Bundesliga,SWE,Midfielder,160,21,0.13125,22.857142857142858,3.0
P00626,2579000.0,25,Borussia M'gladbach,Bundesliga,SUI,Defender,253,38,0.15019762845849802,28.11111111111111,4.222222222222222
P00627,2579000.0,23,VfL Wolfsburg,Bundesliga,BEL,Defender,104,2,0.019230769230769232,14.857142857142858,0.2857142857142857
P00628,2579000.0,23,Bayer 04,Bundesliga,BFA,Defender,118,29,0.2457627118644068,16.857142857142858,4.142857142857143
P00629,2579000.0,39,FC Porto,Primiera Liga,POR,Defender,495,128,0.2585858585858586,21.52173913043478,5.565217391304348
P00630,2579000.0,22,OL,Ligue 1 Uber Eats,FRA,Midfielder,74,0,0.0,12.333333333333334,0.0
P00631,2579000.0,25,Hoffenheim,Bundesliga,ESP,Defender,179,0,0.0,19.88888888888889,0.0
P00632,2579000.0,23,Bayer 04,Bundesliga,FRA,Midfielder,125,8,0.064,17.857142857142858,1.1428571428571428
P00633,2579000.0,24,Hertha Berlin,Bundesliga,BEL,Midfielder,160,4,0.025,20.0,0.5
P00634,2579000.0,25,Borussia M'gladbach,Bundesliga,GER,Midfielder,174,10,0.05747126436781609,19.333333333333332,1.1111111111111112
P00635,2579000.0,27,Borussia M'gladbach,Bundesliga,ALG,Defender,196,48,0.24489795918367346,17.818181818181817,4.363636363636363
P00636,2579000.0,22,RB Leipzig,Bundesliga,FRA,Defender,73,0,0.0,12.166666666666666,0.0
P00637,2578000.0,25,Sevilla,La Liga,MAR,Forward,178,48,0.2696629213483146,19.77777777777778,5.333333333333333
P00638,2578000.0,32,1. FC Koln,Bundesliga,GER,Defender,414,43,0.10386473429951691,25.875,2.6875
P00639,2578000.0,30,RB Leipzig,Bundesliga,GER,Defender,299,9,0.030100334448160536,21.357142857142858,0.6428571428571429
P00640,2578000.0,25,RB Leipzig,Bundesliga,AUT,Defender,192,24,0.125,21.333333333333332,2.6666666666666665
P00641,2578000.0,24,Hoffenheim,Bundesliga,DEN,Forward,160,35,0.21875,20.0,4.375
P00642,2555000.0,19,Borussia Dortmund,Bundesliga,ENG,Midfielder,108,15,0.1388888888888889,36.0,5.0
P00643,2552000.0,25,Fiorentina,Serie A,ITA,Midfielder,183,1,0.00546448087431694,20.333333333333332,0.1111111111111111
P00644,2552000.0,26,Torino,Serie A,PAR,Forward,196,29,0.14795918367346939,19.6,2.9
P00645,2552000.0,24,Inter,Serie A,ITA,Defender,141,4,0.028368794326241134,17.625,0.5
P00646,2552000.0,28,Atalanta,Serie A,ARG,Goalkeeper,162,2,0.012345679012345678,13.5,0.16666666666666666
P00647,2550000.0,25,Villarreal,La Liga,ESP,Defender,205,19,0.09268292682926829,22.77777777777778,2.111111111111111
P00648,2494000.0,27,OM,Ligue 1 Uber Eats,FRA,Midfielder,206,0,0.0,18.727272727272727,0.0
P00649,2472000.0,20,Bayer 04,Bundesliga,ECU,Defender,47,24,0.5106382978723404,11.75,6.0
P00650,2466000.0,31,Real Hispalis,La Liga,ESP,Defender,252,0,0.0,16.8,0.0
P00651,2466000.0,25,Tottenham,Premier League,NED,Midfielder,134,6,0.04477611940298507,14.88888888888889,0.6666666666666666
P00652,2466000.0,32,Real San Sebastian,La Liga,ESP,Midfielder,354,3,0.00847457627118644,22.125,0.1875
P00653,2466000.0,22,Borussia Dortmund,Bundesliga,GER,Defender,94,4,0.0425531914893617,15.666666666666666,0.6666666666666666
P00654,2466000.0,33,Valladolid,La Liga,ESP,Midfielder,408,0,0.0,24.0,0.0
P00655,2431000.0,29,Lazio,Serie A,BRA,Forward,308,2,0.006493506493506494,23.692307692307693,0.15384615384615385
P00656,2431000.0,21,Milan,Serie A,BEL,Forward,94,8,0.0851063829787234,18.8,1.6
P00657,2418000.0,29,Capitoline,Serie A,ESP,Defender,273,10,0.03663003663003663,21.0,0.7692307692307693
P00658,2397000.0,29,Juventus,Serie A,ITA,Goalkeeper,269,2,0.007434944237918215,20.692307692307693,0.15384615384615385
P00659,2397000.0,29,Juventus,Serie A,ITA,Defender,206,39,0.18932038834951456,15.846153846153847,3.0
P00660,2397000.0,28,Inter,Serie A,ITA,Midfielder,201,7,0.03482587064676617,16.75,0.5833333333333334
P00661,2397000.0,30,Torino,Serie A,SUI,Defender,336,98,0.2916666666666667,24.0,7.0
P00662,2397000.0,25,Atalanta,Serie A,CIV,Forward,202,10,0.04950495049504951,22.444444444444443,1.1111111111111112
P00663,2397000.0,28,Lazio,Serie A,ITA,Defender,383,2,0.005221932114882507,31.916666666666668,0.16666666666666666
P00664,2397000.0,33,Fiorentina,Serie A,ITA,Midfielder,376,14,0.03723404255319149,22.11764705882353,0.8235294117647058
P00665,2397000.0,25,Parthenope,Serie A,ITA,Goalkeeper,112,2,0.017857142857142856,12.444444444444445,0.2222222222222222
P00666,2392000.0,26,PSG,Ligue 1 Uber Eats,ESP,Midfielder,206,15,0.07281553398058252,20.6,1.5
P00667,2392000.0,26,Torino,Serie A,RUS,Midfielder,218,41,0.18807339449541285,21.8,4.1
P00668,2392000.0,27,Empoli,Serie A,CRO,Forward,218,24,0.11009174311926606,19.818181818181817,2.1818181818181817
P00669,2392000.0,27,Parthenope,Serie A,ARG,Forward,277,5,0.018050541516245487,25.181818181818183,0.45454545454545453
P00670,2381000.0,33,Villarreal,La Liga,ESP,Midfielder,478,4,0.008368200836820083,28.11764705882353,0.23529411764705882
P00671,2376000.0,28,OM,Ligue 1 Uber Eats,COD,Defender,212,66,0.3113207547169811,17.666666666666668,5.5
P00672,2364000.0,31,Borussia M'gladbach,Bundesliga,GER,Midfielder,321,12,0.037383177570093455,21.4,0.8
P00673,2364000.0,22,Hoffenheim,Bundesliga,TUR,Defender,93,17,0.1827956989247312,15.5,2.8333333333333335
P00674,2340000.0,26,Brentford,Premier League,ENG,Forward,305,0,0.0,30.5,0.0
P00675,2340000.0,25,Leeds,Premier League,DEN,Defender,162,8,0.04938271604938271,18.0,0.8888888888888888
P00676,2340000.0,26,Aston Villa,Premier League,ENG,Forward,298,7,0.02348993288590604,29.8,0.7
P00677,2340000.0,32,Newcastle,Premier League,SCO,Defender,469,16,0.03411513859275053,29.3125,1.0
P00678,2340000.0,28,Brighton,Premier League,ENG,Defender,224,0,0.0,18.666666666666668,0.0
P00679,2340000.0,27,Bournemouth,Premier League,COL,Midfielder,319,33,0.10344827586206896,29.0,3.0
P00680,2340000.0,30,Newcastle,Premier League,SUI,Defender,276,71,0.2572463768115942,19.714285714285715,5.071428571428571
P00681,2340000.0,33,Newcastle,Premier League,SVK,Goalkeeper,331,29,0.08761329305135952,19.470588235294116,1.7058823529411764
P00682,2340000.0,19,Man City,Premier League,ARG,Midfielder,22,0,0.0,7.333333333333333,0.0
P00683,2340000.0,22,Rennes,Ligue 1 Uber Eats,ENG,Defender,107,0,0.0,17.833333333333332,0.0
P00684,2340000.0,30,Nottm Forest,Premier League,SUI,Midfielder,375,46,0.12266666666666666,26.785714285714285,3.2857142857142856
P00685,2340000.0,28,Bournemouth,Premier League,ENG,Defender,193,0,0.0,16.083333333333332,0.0
P00686,2340000.0,21,Brighton,Premier League,GHA,Defender,56,0,0.0,11.2,0.0
P00687,2340000.0,22,Crystal Palace,Premier League,MLI,Midfielder,122,8,0.06557377049180328,20.333333333333332,1.3333333333333333
P00688,2340000.0,26,Brentford,Premier League,DEN,Midfielder,191,19,0.09947643979057591,19.1,1.9
P00689,2340000.0,22,Crystal Palace,Premier League,ENG,Defender,92,3,0.03260869565217391,15.333333333333334,0.5
P00690,2340000.0,30,Girona,La Liga,ESP,Midfielder,326,0,0.0,23.285714285714285,0.0
P00691,2340000.0,24,Nottm Forest,Premier League,BEL,Midfielder,131,2,0.015267175572519083,16.375,0.25
P00692,2340000.0,22,Bournemouth,Premier League,GHA,Forward,124,1,0.008064516129032258,20.666666666666668,0.16666666666666666
P00693,2340000.0,20,Crystal Palace,Premier League,FRA,Forward,100,0,0.0,25.0,0.0
P00694,2340000.0,23,Brentford,Premier League,CMR,Midfielder,169,0,0.0,24.142857142857142,0.0
P00695,2340000.0,19,Liverpool,Premier League,ENG,Midfielder,57,0,0.0,19.0,0.0
P00696,2340000.0,20,Bournemouth,Premier League,UKR,Defender,50,22,0.44,12.5,5.5
P00697,2340000.0,25,Bournemouth,Premier League,ARG,Defender,127,1,0.007874015748031496,14.11111111111111,0.1111111111111111
P00698,2340000.0,25,Wolves,Premier League,AUT,Forward,141,15,0.10638297872340426,15.666666666666666,1.6666666666666667
P00699,2340000.0,34,Fulham,Premier League,BRA,Midfielder,457,70,0.15317286652078774,25.38888888888889,3.888888888888889
P00700,2340000.0,23,Nottm Forest,Premier League,ENG,Midfielder,170,0,0.0,24.285714285714285,0.0
P00701,2340000.0,24,Crystal Palace,Premier League,ENG,Midfielder,178,0,0.0,22.25,0.0
P00702,2340000.0,24,Brentford,Premier League,NOR,Defender,217,26,0.11981566820276497,27.125,3.25
P00703,2340000.0,25,Crystal Palace,Premier League,NED,Defender,152,3,0.019736842105263157,16.88888888888889,0.3333333333333333
P00704,2340000.0,24,Leeds,Premier League,AUT,Defender,163,9,0.05521472392638037,20.375,1.125
P00705,2340000.0,29,Crystal Palace,Premier League,ENG,Goalkeeper,311,3,0.00964630225080386,23.923076923076923,0.23076923076923078
P00706,2340000.0,25,Nottm Forest,Premier League,NGA,Forward,163,4,0.024539877300613498,18.11111111111111,0.4444444444444444
P00707,2340000.0,26,Leicester,Premier League,TUR,Defender,176,48,0.2727272727272727,17.6,4.8
P00708,2340000.0,24,Bournemouth,Premier League,ENG,Forward,181,1,0.0055248618784530384,22.625,0.125
P00709,2340000.0,26,Bournemouth,Premier League,DEN,Midfielder,197,3,0.015228426395939087,19.7,0.3
P00710,2340000.0,31,Everton,Premier League,ENG,Midfielder,353,13,0.036827195467422094,23.533333333333335,0.8666666666666667
P00711,2297000.0,30,Villarreal,La Liga,ESP,Forward,372,17,0.0456989247311828,26.571428571428573,1.2142857142857142
P00712,2288000.0,30,Man UFC,Premier League,NED,Forward,329,13,0.03951367781155015,23.5,0.9285714285714286
P00713,2264000.0,29,Benfica,Primiera Liga,POR,Midfielder,283,50,0.17667844522968199,21.76923076923077,3.8461538461538463
P00714,2242000.0,23,OM,Ligue 1 Uber Eats,FRA,Midfielder,151,6,0.039735099337748346,21.571428571428573,0.8571428571428571
P00715,2242000.0,22,Torino,Serie A,NED,Defender,153,0,0.0,25.5,0.0
P00716,2236000.0,26,Wolves,Premier League,ESP,Midfielder,256,9,0.03515625,25.6,0.9
P00717,2235000.0,29,PSG,Ligue 1 Uber Eats,ESP,Goalkeeper,204,1,0.004901960784313725,15.692307692307692,0.07692307692307693
P00718,2235000.0,35,Vigo,La Liga,ESP,Forward,489,18,0.03680981595092025,25.736842105263158,0.9473684210526315
P00719,2235000.0,31,Vigo,La Liga,ESP,Defender,375,0,0.0,25.0,0.0
P00720,2235000.0,33,OL,Ligue 1 Uber Eats,CRO,Defender,371,70,0.18867924528301888,21.823529411764707,4.117647058823529
P00721,2233000.0,28,Lazio,Serie A,ITA,Midfielder,212,0,0.0,17.666666666666668,0.0
P00722,2233000.0,25,Fiorentina,Serie A,ITA,Midfielder,154,4,0.025974025974025976,17.11111111111111,0.4444444444444444
P00723,2233000.0,27,Torino,Serie A,POL,Midfielder,265,41,0.15471698113207547,24.09090909090909,3.727272727272727
P00724,2211000.0,18,Atalanta,Serie A,ITA,Defender,19,1,0.05263157894736842,9.5,0.5
P00725,2207000.0,25,Capitoline,Serie A,TUR,Defender,220,32,0.14545454545454545,24.444444444444443,3.5555555555555554
P00726,2207000.0,32,Inter,Serie A,ITA,Defender,316,36,0.11392405063291139,19.75,2.25
P00727,2207000.0,27,Parthenope,Serie A,SVK,Midfielder,309,40,0.12944983818770225,28.09090909090909,3.6363636363636362
P00728,2207000.0,23,Atalanta,Serie A,BRA,Midfielder,91,0,0.0,13.0,0.0
P00729,2199000.0,28,Real Hispalis,La Liga,ARG,Midfielder,258,24,0.09302325581395349,21.5,2.0
P00730,2195000.0,25,A. Bilbao,La Liga,ESP,Goalkeeper,211,25,0.11848341232227488,23.444444444444443,2.7777777777777777
P00731,2184000.0,24,Everton,Premier League,ENG,Midfielder,142,0,0.0,17.75,0.0
P00732,2155000.0,24,FC Augsburg,Bundesliga,GER,Forward,155,0,0.0,19.375,0.0
P00733,2154000.0,28,Hoffenheim,Bundesliga,TOG,Midfielder,222,26,0.11711711711711711,18.5,2.1666666666666665
P00734,2149000.0,28,Vigo,La Liga,ARG,Midfielder,182,4,0.02197802197802198,15.166666666666666,0.3333333333333333
P00735,2149000.0,24,Fiorentina,Serie A,CRO,Midfielder,182,33,0.1813186813186813,22.75,4.125
P00736,2149000.0,30,OL,Ligue 1 Uber Eats,ARG,Defender,314,40,0.12738853503184713,22.428571428571427,2.857142857142857
P00737,2149000.0,30,Schalke 04,Bundesliga,GER,Goalkeeper,302,0,0.0,21.571428571428573,0.0
P00738,2149000.0,30,Borussia M'gladbach,Bundesliga,AUT,Defender,342,37,0.10818713450292397,24.428571428571427,2.642857142857143
P00739,2149000.0,19,Borussia Dortmund,Bundesliga,USA,Midfielder,63,12,0.19047619047619047,21.0,4.0
P00740,2149000.0,22,FC Bayern,Bundesliga,CRO,Defender,56,5,0.08928571428571429,9.333333333333334,0.8333333333333334
P00741,2149000.0,32,FC Augsburg,Bundesliga,GER,Defender,295,0,0.0,18.4375,0.0
P00742,2149000.0,26,Borussia M'gladbach,Bundesliga,GER,Defender,203,0,0.0,20.3,0.0
P00743,2149000.0,21,Bologna,Serie A,NED,Forward,85,0,0.0,17.0,0.0
P00744,2149000.0,25,RB Leipzig,Bundesliga,GER,Defender,135,7,0.05185185185185185,15.0,0.7777777777777778
P00745,2149000.0,29,Eintracht Frankfurt,Bundesliga,ARG,Forward,264,9,0.03409090909090909,20.307692307692307,0.6923076923076923
P00746,2149000.0,32,FC Bayern,Bundesliga,NED,Defender,333,91,0.2732732732732733,20.8125,5.6875
P00747,2149000.0,30,FC Bayern,Bundesliga,SEN,Defender,247,13,0.05263157894736842,17.642857142857142,0.9285714285714286
P00748,2143000.0,26,Real San Sebastian,La Liga,ESP,Midfielder,225,11,0.04888888888888889,22.5,1.1
P00749,2129000.0,37,Villarreal,La Liga,ESP,Defender,550,58,0.10545454545454545,26.19047619047619,2.761904761904762
P00750,2095000.0,29,OM,Ligue 1 Uber Eats,FRA,Defender,218,4,0.01834862385321101,16.76923076923077,0.3076923076923077
P00751,2084000.0,31,Sevilla,La Liga,MAR,Goalkeeper,247,43,0.17408906882591094,16.466666666666665,2.8666666666666667
P00752,2080000.0,35,Getafe,La Liga,ESP,Goalkeeper,375,1,0.0026666666666666666,19.736842105263158,0.05263157894736842
P00753,2080000.0,28,Arsenal,Premier League,USA,Goalkeeper,129,17,0.13178294573643412,10.75,1.4166666666666667
P00754,2080000.0,24,Nottm Forest,Premier League,NGA,Midfielder,151,7,0.046357615894039736,18.875,0.875
P00755,2080000.0,21,Nottm Forest,Premier League,WAL,Defender,34,21,0.6176470588235294,6.8,4.2
P00756,2080000.0,27,Fulham,Premier League,ENG,Midfielder,191,0,0.0,17.363636363636363,0.0
P00757,2080000.0,37,Man City,Premier League,ENG,Goalkeeper,472,4,0.00847457627118644,22.476190476190474,0.19047619047619047
P00758,2080000.0,21,Everton,Premier League,ENG,Midfielder,84,0,0.0,16.8,0.0
P00759,2080000.0,26,Leeds,Premier League,GER,Defender,211,8,0.037914691943127965,21.1,0.8
P00760,2080000.0,21,Leeds,Premier League,USA,Midfielder,127,22,0.1732283464566929,25.4,4.4
P00761,2080000.0,20,Southampton,Premier League,FRA,Forward,38,0,0.0,9.5,0.0
P00762,2080000.0,20,Southampton,Premier League,IRL,Goalkeeper,84,10,0.11904761904761904,21.0,2.5
P00763,2080000.0,32,Crystal Palace,Premier League,ENG,Defender,391,0,0.0,24.4375,0.0
P00764,2080000.0,22,Man City,Premier League,ESP,Defender,123,0,0.0,20.5,0.0
P00765,2080000.0,25,Brentford,Premier League,ENG,Defender,196,0,0.0,21.77777777777778,0.0
P00766,2080000.0,24,Brentford,Premier League,GER,Midfielder,138,0,0.0,17.25,0.0
P00767,2080000.0,30,Crystal Palace,Premier League,GHA,Forward,387,81,0.20930232558139536,27.642857142857142,5.785714285714286
P00768,2080000.0,25,Fulham,Premier League,WAL,Forward,169,39,0.23076923076923078,18.77777777777778,4.333333333333333
P00769,2080000.0,28,Brentford,Premier League,DEN,Midfielder,239,17,0.07112970711297072,19.916666666666668,1.4166666666666667
P00770,2080000.0,20,Man UFC,Premier League,SWE,Midfielder,28,5,0.17857142857142858,7.0,1.25
P00771,2080000.0,22,Leeds,Premier League,FRA,Goalkeeper,115,0,0.0,19.166666666666668,0.0
P00772,2080000.0,29,Wolves,Premier League,POR,Goalkeeper,247,0,0.0,19.0,0.0
P00773,2080000.0,21,Nottm Forest,Premier League,WAL,Forward,97,13,0.13402061855670103,19.4,2.6
P00774,2080000.0,23,Southampton,Premier League,FRA,Midfielder,96,0,0.0,13.714285714285714,0.0
P00775,2080000.0,31,Brentford,Premier League,SWE,Defender,336,27,0.08035714285714286,22.4,1.8
P00776,2080000.0,21,Arsenal,Premier League,FRA,Defender,90,5,0.05555555555555555,18.0,1.0
P00777,2080000.0,35,Everton,Premier League,BIH,Goalkeeper,346,63,0.18208092485549132,18.210526315789473,3.3157894736842106
P00778,2080000.0,22,Wolves,Premier League,POR,Forward,88,3,0.03409090909090909,14.666666666666666,0.5
P00779,2080000.0,20,Everton,Premier League,SCO,Defender,19,10,0.5263157894736842,4.75,2.5
P00780,2080000.0,24,Southampton,Premier League,FRA,Defender,113,0,0.0,14.125,0.0
P00781,2080000.0,20,Bournemouth,Premier League,BFA,Forward,54,8,0.14814814814814814,13.5,2.0
P00782,2080000.0,26,Arsenal,Premier League,ENG,Defender,112,0,0.0,11.2,0.0
P00783,2080000.0,26,Brentford,Premier League,ESP,Goalkeeper,232,1,0.004310344827586207,23.2,0.1
P00784,2080000.0,23,Leeds,Premier League,NED,Defender,68,0,0.0,9.714285714285714,0.0
P00785,2080000.0,28,Newcastle,Premier League,ESP,Defender,202,0,0.0,16.833333333333332,0.0
P00786,2080000.0,18,Southampton,Premier League,BEL,Midfielder,0,0,0.0,0.0,0.0
P00787,2080000.0,23,Southampton,Premier League,GHA,Defender,123,0,0.0,17.571428571428573,0.0
P00788,2080000.0,26,Everton,Premier League,JAM,Midfielder,256,0,0.0,25.6,0.0
P00789,2080000.0,27,Brentford,Premier League,ALB,Goalkeeper,175,19,0.10857142857142857,15.909090909090908,1.7272727272727273
P00790,2080000.0,29,Man UFC,Premier League,ENG,Goalkeeper,272,9,0.03308823529411765,20.923076923076923,0.6923076923076923
P00791,2080000.0,22,Arsenal,Premier League,ENG,Midfielder,67,0,0.0,11.166666666666666,0.0
P00792,2080000.0,30,Newcastle,Premier League,WAL,Defender,231,5,0.021645021645021644,16.5,0.35714285714285715
P00793,2080000.0,20,Southampton,Premier League,GER,Defender,66,0,0.0,16.5,0.0
P00794,2080000.0,32,Nottm Forest,Premier League,SEN,Defender,451,77,0.17073170731707318,28.1875,4.8125
P00795,2080000.0,35,Bournemouth,Premier League,IRL,Goalkeeper,403,50,0.12406947890818859,21.210526315789473,2.6315789473684212
P00796,2080000.0,23,Crystal Palace,Premier League,ENG,Defender,66,2,0.030303030303030304,9.428571428571429,0.2857142857142857
P00797,2078000.0,29,Fiorentina,Serie A,GHA,Midfielder,269,9,0.03345724907063197,20.692307692307693,0.6923076923076923
P00798,2073000.0,35,Salernitana,Serie A,ITA,Defender,517,54,0.10444874274661509,27.210526315789473,2.8421052631578947
P00799,2063000.0,29,Rennes,Ligue 1 Uber Eats,CMR,Forward,338,50,0.14792899408284024,26.0,3.8461538461538463
P00800,2059000.0,31,FC Porto,Primiera Liga,COL,Midfielder,322,43,0.13354037267080746,21.466666666666665,2.8666666666666667
P00801,2045000.0,32,Leeds,Premier League,ESP,Goalkeeper,183,0,0.0,11.4375,0.0
P00802,2017000.0,28,SC Freiburg,Bundesliga,GER,Defender,299,46,0.15384615384615385,24.916666666666668,3.8333333333333335
P00803,1995000.0,21,Borussia M'gladbach,Bundesliga,FRA,Midfielder,82,0,0.0,16.4,0.0
P00804,1991000.0,28,Parthenope,Serie A,KOS,Defender,254,48,0.1889763779527559,21.166666666666668,4.0
P00805,1991000.0,24,Atalanta,Serie A,NGA,Midfielder,167,4,0.023952095808383235,20.875,0.5
P00806,1991000.0,31,Atalanta,Serie A,COL,Forward,338,44,0.1301775147928994,22.533333333333335,2.933333333333333
P00807,1980000.0,35,Valencia,La Liga,URU,Forward,479,133,0.2776617954070981,25.210526315789473,7.0
P00808,1977000.0,30,Hoffenheim,Bundesliga,GER,Defender,343,0,0.0,24.5,0.0
P00809,1966000.0,30,Real Hispalis,La Liga,POR,Midfielder,303,73,0.24092409240924093,21.642857142857142,5.214285714285714
P00810,1966000.0,26,Torino,Serie A,AUT,Defender,209,36,0.1722488038277512,20.9,3.6
P00811,1950000.0,28,OM,Ligue 1 Uber Eats,FRA,Defender,228,0,0.0,19.0,0.0
P00812,1933000.0,25,Real San Sebastian,La Liga,ESP,Forward,237,21,0.08860759493670886,26.333333333333332,2.3333333333333335
P00813,1914000.0,28,Inter,Serie A,BRA,Defender,202,0,0.0,16.833333333333332,0.0
P00814,1914000.0,30,Fiorentina,Serie A,ITA,Defender,323,13,0.04024767801857585,23.071428571428573,0.9285714285714286
P00815,1914000.0,24,Torino,Serie A,FRA,Forward,144,0,0.0,18.0,0.0
P00816,1914000.0,31,Real Hispalis,La Liga,ARG,Defender,261,29,0.1111111111111111,17.4,1.9333333333333333
P00817,1914000.0,35,Lazio,Serie A,ROU,Defender,432,14,0.032407407407407406,22.736842105263158,0.7368421052631579
P00818,1914000.0,24,Fiorentina,Serie A,CIV,Forward,193,14,0.07253886010362694,24.125,1.75
P00819,1914000.0,26,Lazio,Serie A,ALG,Defender,129,12,0.09302325581395349,12.9,1.2
P00820,1898000.0,27,Real San Sebastian,La Liga,ESP,Goalkeeper,226,0,0.0,20.545454545454547,0.0
P00821,1896000.0,30,SV Werder,Bundesliga,CZE,Goalkeeper,267,14,0.052434456928838954,19.071428571428573,1.0
P00822,1896000.0,28,SV Werder,Bundesliga,GER,Midfielder,274,0,0.0,22.833333333333332,0.0
P00823,1892000.0,25,Mainz 05,Bundesliga,ESP,Defender,209,0,0.0,23.22222222222222,0.0
P00824,1892000.0,26,Troyes,Ligue 1 Uber Eats,POR,Midfielder,181,2,0.011049723756906077,18.1,0.2
P00825,1892000.0,24,Salento,Serie A,CRO,Defender,101,5,0.04950495049504951,12.625,0.625
P00826,1892000.0,31,1. FC Koln,Bundesliga,SWE,Forward,334,9,0.02694610778443114,22.266666666666666,0.6
P00827,1892000.0,25,Borussia M'gladbach,Bundesliga,JPN,Defender,125,12,0.096,13.88888888888889,1.3333333333333333
P00828,1890000.0,29,A. Bilbao,La Liga,ESP,Midfielder,408,2,0.004901960784313725,31.384615384615383,0.15384615384615385
P00829,1889000.0,29,Real Hispalis,La Liga,ESP,Forward,324,0,0.0,24.923076923076923,0.0
P00830,1881000.0,21,Real San Sebastian,La Liga,JPN,Midfielder,157,18,0.11464968152866242,31.4,3.6
P00831,1879000.0,26,Parthenope,Serie A,CMR,Midfielder,203,42,0.20689655172413793,20.3,4.2
P00832,1879000.0,24,Fiorentina,Serie A,FRA,Forward,184,4,0.021739130434782608,23.0,0.5
P00833,1879000.0,24,Fiorentina,Serie A,BRA,Forward,144,0,0.0,18.0,0.0
P00834,1871000.0,29,Udinese,Serie A,FRA,Forward,324,10,0.030864197530864196,24.923076923076923,0.7692307692307693
P00835,1868000.0,25,Eintracht Frankfurt,Bundesliga,SUI,Midfielder,203,30,0.1477832512315271,22.555555555555557,3.3333333333333335
P00836,1857000.0,23,AS Monaco,Ligue 1 Uber Eats,SEN,Defender,118,24,0.2033898305084746,16.857142857142858,3.4285714285714284
P00837,1857000.0,22,LOSC,Ligue 1 Uber Eats,CAN,Forward,141,32,0.22695035460992907,23.5,5.333333333333333
P00838,1856000.0,25,LOSC,Ligue 1 Uber Eats,ALG,Forward,128,19,0.1484375,14.222222222222221,2.111111111111111
P00839,1854000.0,25,Benfica,Primiera Liga,BRA,Midfielder,144,7,0.04861111111111111,16.0,0.7777777777777778
P00840,1835000.0,29,Cadiz,La Liga,ARG,Midfielder,231,0,0.0,17.76923076923077,0.0
P00841,1834000.0,28,OGC Nice,Ligue 1 Uber Eats,FRA,Forward,271,0,0.0,22.583333333333332,0.0
P00842,1820000.0,25,Bournemouth,Premier League,ENG,Midfielder,221,1,0.004524886877828055,24.555555555555557,0.1111111111111111
P00843,1820000.0,29,Leicester,Premier League,WAL,Goalkeeper,79,26,0.3291139240506329,6.076923076923077,2.0
P00844,1820000.0,28,Newcastle,Premier League,SWE,Defender,230,42,0.1826086956521739,19.166666666666668,3.5
P00845,1820000.0,23,Bournemouth,Premier League,ENG,Defender,135,0,0.0,19.285714285714285,0.0
P00846,1820000.0,27,Newcastle,Premier League,ENG,Defender,265,0,0.0,24.09090909090909,0.0
P00847,1820000.0,24,Rennes,Ligue 1 Uber Eats,WAL,Defender,85,28,0.32941176470588235,10.625,3.5
P00848,1820000.0,31,Leeds,Premier League,ENG,Defender,458,0,0.0,30.533333333333335,0.0
P00849,1820000.0,26,Fulham,Premier League,NED,Defender,188,13,0.06914893617021277,18.8,1.3
P00850,1820000.0,27,Nottm Forest,Premier League,ENG,Defender,240,0,0.0,21.818181818181817,0.0
P00851,1820000.0,25,Bournemouth,Premier League,WAL,Midfielder,113,21,0.18584070796460178,12.555555555555555,2.3333333333333335
P00852,1820000.0,21,Brentford,Premier League,ENG,Midfielder,121,0,0.0,24.2,0.0
P00853,1820000.0,24,Brentford,Premier League,NGA,Midfielder,119,7,0.058823529411764705,14.875,0.875
P00854,1820000.0,32,Aston Villa,Premier League,SWE,Goalkeeper,243,60,0.24691358024691357,15.1875,3.75
P00855,1820000.0,29,Fulham,Premier League,JAM,Defender,326,16,0.049079754601226995,25.076923076923077,1.2307692307692308
P00856,1820000.0,27,Bournemouth,Premier League,SCO,Midfielder,249,31,0.12449799196787148,22.636363636363637,2.8181818181818183
P00857,1820000.0,21,Wolves,Premier League,FRA,Defender,68,0,0.0,13.6,0.0
P00858,1820000.0,29,Bournemouth,Premier League,ENG,Defender,221,0,0.0,17.0,0.0
P00859,1820000.0,31,Leeds,Premier League,SCO,Defender,321,14,0.04361370716510903,21.4,0.9333333333333333
P00860,1820000.0,21,Brighton,Premier League,SCO,Midfielder,36,15,0.4166666666666667,7.2,3.0
P00861,1820000.0,21,Everton,Premier League,BEL,Defender,63,1,0.015873015873015872,12.6,0.2
P00862,1820000.0,23,Tottenham,Premier League,ENG,Defender,23,0,0.0,3.2857142857142856,0.0
P00863,1820000.0,24,Bournemouth,Premier League,WAL,Defender,121,32,0.2644628099173554,15.125,4.0
P00864,1820000.0,23,AS Monaco,Ligue 1 Uber Eats,FRA,Defender,132,0,0.0,18.857142857142858,0.0
P00865,1820000.0,29,Brest,Ligue 1 Uber Eats,FRA,Midfielder,257,0,0.0,19.76923076923077,0.0
P00866,1820000.0,23,Man UFC,Premier League,POR,Defender,99,5,0.050505050505050504,14.142857142857142,0.7142857142857143
P00867,1820000.0,20,Brentford,Premier League,SCO,Defender,76,4,0.05263157894736842,19.0,1.0
P00868,1820000.0,21,Spezia,Serie A,WAL,Defender,71,36,0.5070422535211268,14.2,7.2
P00869,1820000.0,18,Aston Villa,Premier League,COL,Forward,74,3,0.04054054054054054,37.0,1.5
P00870,1820000.0,23,Brentford,Premier League,ENG,Midfielder,102,0,0.0,14.571428571428571,0.0
P00871,1820000.0,34,Fulham,Premier League,USA,Defender,427,46,0.10772833723653395,23.72222222222222,2.5555555555555554
P00872,1815000.0,41,Real Hispalis,La Liga,ESP,Midfielder,715,51,0.07132867132867132,28.6,2.04
P00873,1810000.0,25,Real San Sebastian,La Liga,FRA,Defender,191,0,0.0,21.22222222222222,0.0
P00874,1802000.0,28,Rennes,Ligue 1 Uber Eats,FRA,Midfielder,275,0,0.0,22.916666666666668,0.0
P00875,1798000.0,20,PSG,Ligue 1 Uber Eats,POR,Defender,74,15,0.20270270270270271,18.5,3.75
P00876,1797000.0,31,RB Leipzig,Bundesliga,SVN,Midfielder,344,28,0.08139534883720931,22.933333333333334,1.8666666666666667
P00877,1795000.0,28,Mainz 05,Bundesliga,FRA,Forward,247,0,0.0,20.583333333333332,0.0
P00878,1793000.0,32,Hertha Berlin,Bundesliga,MNE,Forward,330,63,0.19090909090909092,20.625,3.9375
P00879,1793000.0,28,Mallorca,La Liga,SWE,Defender,257,46,0.17898832684824903,21.416666666666668,3.8333333333333335
P00880,1767000.0,30,Bologna,Serie A,ITA,Forward,352,3,0.008522727272727272,25.142857142857142,0.21428571428571427
P00881,1767000.0,31,Bologna,Serie A,ITA,Midfielder,352,9,0.02556818181818182,23.466666666666665,0.6
P00882,1763000.0,27,Spezia,Serie A,UZB,Forward,217,57,0.2626728110599078,19.727272727272727,5.181818181818182
P00883,1759000.0,27,Cremonese,Serie A,ITA,Midfielder,217,0,0.0,19.727272727272727,0.0
P00884,1759000.0,28,Milan,Serie A,BIH,Midfielder,264,27,0.10227272727272728,22.0,2.25
P00885,1759000.0,25,Bologna,Serie A,ITA,Midfielder,207,2,0.00966183574879227,23.0,0.2222222222222222
P00886,1759000.0,30,Montpellier,Ligue 1 Uber Eats,FRA,Midfielder,310,0,0.0,22.142857142857142,0.0
P00887,1754000.0,33,Spezia,Serie A,SWE,Midfielder,363,66,0.18181818181818182,21.352941176470587,3.8823529411764706
P00888,1742000.0,27,FC Porto,Primiera Liga,POR,Midfielder,240,7,0.029166666666666667,21.818181818181817,0.6363636363636364
P00889,1732000.0,35,FC Porto,Primiera Liga,ESP,Defender,350,0,0.0,18.42105263157895,0.0
P00890,1726000.0,24,Girona,La Liga,UKR,Midfielder,156,40,0.2564102564102564,19.5,5.0
P00891,1724000.0,30,Hoffenheim,Bundesliga,CZE,Defender,306,48,0.1568627450980392,21.857142857142858,3.4285714285714284
P00892,1724000.0,26,Hoffenheim,Bundesliga,DEN,Defender,225,11,0.04888888888888889,22.5,1.1
P00893,1724000.0,31,Eintracht Frankfurt,Bundesliga,GER,Midfielder,250,0,0.0,16.666666666666668,0.0
P00894,1724000.0,23,Sampdoria,Serie A,FRA,Midfielder,89,0,0.0,12.714285714285714,0.0
P00895,1724000.0,25,R. Madrid,La Liga,ESP,Defender,125,0,0.0,13.88888888888889,0.0
P00896,1722000.0,25,Real San Sebastian,La Liga,ESP,Midfielder,214,4,0.018691588785046728,23.77777777777778,0.4444444444444444
P00897,1719000.0,21,VfL Wolfsburg,Bundesliga,AUT,Midfielder,139,1,0.007194244604316547,27.8,0.2
P00898,1719000.0,23,Borussia M'gladbach,Bundesliga,AUT,Forward,156,0,0.0,22.285714285714285,0.0
P00899,1719000.0,19,Borussia M'gladbach,Bundesliga,GER,Defender,36,0,0.0,12.0,0.0
P00900,1719000.0,24,VfL Wolfsburg,Bundesliga,GER,Defender,143,4,0.027972027972027972,17.875,0.5
P00901,1719000.0,23,VfL Wolfsburg,Bundesliga,DEN,Forward,102,15,0.14705882352941177,14.571428571428571,2.142857142857143
P00902,1719000.0,26,Mainz 05,Bundesliga,SUI,Defender,225,22,0.09777777777777778,22.5,2.2
P00903,1719000.0,24,Borussia Dortmund,Bundesliga,SUI,Goalkeeper,162,3,0.018518518518518517,20.25,0.375
P00904,1718000.0,23,Hoffenheim,Bundesliga,DEN,Midfielder,89,6,0.06741573033707865,12.714285714285714,0.8571428571428571
P00905,1711000.0,34,Benfica,Primiera Liga,ARG,Defender,351,91,0.25925925925925924,19.5,5.055555555555555
P00906,1695000.0,21,RB Leipzig,Bundesliga,HUN,Midfielder,133,24,0.18045112781954886,26.6,4.8
P00907,1693000.0,25,AS Monaco,Ligue 1 Uber Eats,BRA,Defender,155,0,0.0,17.22222222222222,0.0
P00908,1681000.0,29,SV Werder,Bundesliga,GER,Midfielder,266,0,0.0,20.46153846153846,0.0
P00909,1681000.0,28,SV Werder,Bundesliga,GER,Defender,218,0,0.0,18.166666666666668,0.0
P00910,1664000.0,30,Fulham,Premier League,COD,Midfielder,261,32,0.12260536398467432,18.642857142857142,2.2857142857142856
P00911,1655000.0,23,Capitoline,Serie A,BRA,Defender,92,0,0.0,13.142857142857142,0.0
P00912,1655000.0,33,Milan,Serie A,DEN,Defender,385,119,0.3090909090909091,22.647058823529413,7.0
P00913,1655000.0,40,Milan,Serie A,SWE,Forward,633,121,0.1911532385466035,26.375,5.041666666666667
P00914,1655000.0,24,Parthenope,Serie A,URU,Defender,121,6,0.049586776859504134,15.125,0.75
P00915,1655000.0,35,Bologna,Serie A,CHI,Defender,436,152,0.3486238532110092,22.94736842105263,8.0
P00916,1655000.0,22,Parthenope,Serie A,MKD,Midfielder,177,42,0.23728813559322035,29.5,7.0
P00917,1655000.0,24,Atalanta,Serie A,NED,Midfielder,175,9,0.05142857142857143,21.875,1.125
P00918,1655000.0,26,Fiorentina,Serie A,MAR,Midfielder,181,36,0.19889502762430938,18.1,3.6
P00919,1655000.0,23,Fiorentina,Serie A,BRA,Defender,116,0,0.0,16.571428571428573,0.0
P00920,1650000.0,30,Famalicao,Primiera Liga,GNB,Midfielder,211,21,0.0995260663507109,15.071428571428571,1.5
P00921,1634000.0,26,Vigo,La Liga,GHA,Defender,194,8,0.041237113402061855,19.4,0.8
P00922,1632000.0,28,Espanyol,La Liga,ESP,Midfielder,367,0,0.0,30.583333333333332,0.0
P00923,1632000.0,30,Vigo,La Liga,SUI,Forward,287,86,0.29965156794425085,20.5,6.142857142857143
P00924,1627000.0,30,Sevilla,La Liga,ARG,Defender,343,41,0.119533527696793,24.5,2.9285714285714284
P00925,1623000.0,31,Sporting CP,Primiera Liga,URU,Defender,317,47,0.14826498422712933,21.133333333333333,3.1333333333333333
P00926,1612000.0,26,Udinese,Serie A,NGA,Forward,169,4,0.023668639053254437,16.9,0.4
P00927,1610000.0,32,LOSC,Ligue 1 Uber Eats,FRA,Midfielder,441,0,0.0,27.5625,0.0
P00928,1598000.0,24,Bologna,Serie A,CRO,Midfielder,170,1,0.0058823529411764705,21.25,0.125
P00929,1596000.0,34,Villarreal,La Liga,FRA,Midfielder,418,7,0.01674641148325359,23.22222222222222,0.3888888888888889
P00930,1595000.0,35,Sassuolo,Serie A,ITA,Goalkeeper,552,0,0.0,29.05263157894737,0.0
P00931,1595000.0,25,AJ Auxerre,Ligue 1 Uber Eats,ROU,Goalkeeper,81,0,0.0,9.0,0.0
P00932,1595000.0,26,Empoli,Serie A,ROU,Midfielder,252,41,0.1626984126984127,25.2,4.1
P00933,1595000.0,29,Lazio,Serie A,ESP,Defender,214,0,0.0,16.46153846153846,0.0
P00934,1595000.0,24,Salernitana,Serie A,ITA,Midfielder,177,0,0.0,22.125,0.0
P00935,1595000.0,28,Brianza,Serie A,ITA,Goalkeeper,252,2,0.007936507936507936,21.0,0.16666666666666666
P00936,1595000.0,23,Lazio,Serie A,ITA,Defender,70,1,0.014285714285714285,10.0,0.14285714285714285
P00937,1595000.0,21,Torino,Serie A,ITA,Midfielder,97,0,0.0,19.4,0.0
P00938,1595000.0,31,Atalanta,Serie A,NED,Midfielder,388,27,0.06958762886597938,25.866666666666667,1.8
P00939,1595000.0,24,Juventus,Serie A,ITA,Defender,171,1,0.005847953216374269,21.375,0.125
P00940,1595000.0,35,Salernitana,Serie A,ARG,Defender,383,10,0.02610966057441253,20.157894736842106,0.5263157894736842
P00941,1595000.0,24,Lazio,Serie A,ITA,Defender,132,0,0.0,16.5,0.0
P00942,1595000.0,28,Lazio,Serie A,ITA,Goalkeeper,232,0,0.0,19.333333333333332,0.0
P00943,1595000.0,21,Juventus,Serie A,ITA,Midfielder,42,0,0.0,8.4,0.0
P00944,1595000.0,26,Bologna,Serie A,ITA,Defender,135,0,0.0,13.5,0.0
P00945,1595000.0,33,Torino,Serie A,ALB,Goalkeeper,279,73,0.2616487455197133,16.41176470588235,4.294117647058823
P00946,1595000.0,25,Torino,Serie A,NGA,Defender,165,29,0.17575757575757575,18.333333333333332,3.2222222222222223
P00947,1595000.0,31,Parthenope,Serie A,BRA,Defender,220,4,0.01818181818181818,14.666666666666666,0.26666666666666666
P00948,1595000.0,31,Atalanta,Serie A,ITA,Defender,360,8,0.022222222222222223,24.0,0.5333333333333333
P00949,1595000.0,32,Empoli,Serie A,ITA,Defender,232,0,0.0,14.5,0.0
P00950,1595000.0,25,Brianza,Serie A,ITA,Midfielder,204,14,0.06862745098039216,22.666666666666668,1.5555555555555556
P00951,1595000.0,27,Atalanta,Serie A,CRO,Midfielder,258,40,0.15503875968992248,23.454545454545453,3.6363636363636362
P00952,1595000.0,31,Milan,Serie A,BRA,Forward,214,0,0.0,14.266666666666667,0.0
P00953,1595000.0,23,Milan,Serie A,ITA,Midfielder,117,1,0.008547008547008548,16.714285714285715,0.14285714285714285
P00954,1595000.0,20,Brianza,Serie A,ITA,Midfielder,46,0,0.0,11.5,0.0
P00955,1585000.0,22,FC Porto,Primiera Liga,POR,Goalkeeper,94,5,0.05319148936170213,15.666666666666666,0.8333333333333334
P00956,1583000.0,27,RC Lens,Ligue 1 Uber Eats,CIV,Midfielder,239,6,0.02510460251046025,21.727272727272727,0.5454545454545454
P00957,1582000.0,33,OM,Ligue 1 Uber Eats,CHI,Forward,521,152,0.29174664107485604,30.647058823529413,8.941176470588236
P00958,1582000.0,22,OM,Ligue 1 Uber Eats,POR,Forward,56,0,0.0,9.333333333333334,0.0
P00959,1579000.0,25,Bologna,Serie A,NED,Midfielder,144,1,0.006944444444444444,16.0,0.1111111111111111
P00960,1574000.0,30,FC Porto,Primiera Liga,IRN,Forward,248,58,0.23387096774193547,17.714285714285715,4.142857142857143
P00961,1572000.0,24,Getafe,La Liga,ESP,Midfielder,120,1,0.008333333333333333,15.0,0.125
P00962,1562000.0,28,A. Madrid,La Liga,MOZ,Defender,150,35,0.23333333333333334,12.5,2.9166666666666665
P00963,1560000.0,31,Nottm Forest,Premier League,ENG,Defender,403,0,0.0,26.866666666666667,0.0
P00964,1560000.0,28,Brentford,Premier League,IRN,Forward,263,31,0.11787072243346007,21.916666666666668,2.5833333333333335
P00965,1560000.0,32,Leicester,Premier League,ENG,Goalkeeper,444,0,0.0,27.75,0.0
P00966,1560000.0,31,Bournemouth,Premier League,ENG,Defender,351,0,0.0,23.4,0.0
P00967,1560000.0,40,Southampton,Premier League,ARG,Goalkeeper,369,5,0.013550135501355014,15.375,0.20833333333333334
P00968,1560000.0,20,Crystal Palace,Premier League,FRA,Midfielder,36,0,0.0,9.0,0.0
P00969,1560000.0,21,Wolves,Premier League,IRL,Defender,65,6,0.09230769230769231,13.0,1.2
P00970,1560000.0,21,Nottm Forest,Premier League,BRA,Midfielder,74,0,0.0,14.8,0.0
P00971,1560000.0,29,Brentford,Premier League,JAM,Defender,360,5,0.013888888888888888,27.692307692307693,0.38461538461538464
P00972,1560000.0,21,Reims,Ligue 1 Uber Eats,ENG,Forward,25,0,0.0,5.0,0.0
P00973,1560000.0,21,Crystal Palace,Premier League,ENG,Defender,22,0,0.0,4.4,0.0
P00974,1560000.0,19,Tottenham,Premier League,SEN,Midfielder,66,8,0.12121212121212122,22.0,2.6666666666666665
P00975,1560000.0,30,Chelsea,Premier League,ENG,Goalkeeper,225,0,0.0,16.071428571428573,0.0
P00976,1560000.0,22,OM,Ligue 1 Uber Eats,POR,Defender,72,0,0.0,12.0,0.0
P00977,1560000.0,23,West Ham,Premier League,ENG,Midfielder,144,0,0.0,20.571428571428573,0.0
P00978,1560000.0,22,Bournemouth,Premier League,ENG,Midfielder,62,0,0.0,10.333333333333334,0.0
P00979,1560000.0,25,Wolves,Premier League,ENG,Defender,122,0,0.0,13.555555555555555,0.0
P00980,1560000.0,24,Southampton,Premier League,ENG,Defender,217,0,0.0,27.125,0.0
P00981,1560000.0,25,Fulham,Premier League,USA,Defender,164,28,0.17073170731707318,18.22222222222222,3.111111111111111
P00982,1560000.0,22,West Ham,Premier League,ENG,Defender,38,0,0.0,6.333333333333333,0.0
P00983,1560000.0,23,Liverpool,Premier League,IRL,Goalkeeper,4,8,2.0,0.5714285714285714,1.1428571428571428
P00984,1560000.0,24,Newcastle,Premier League,ENG,Midfielder,143,0,0.0,17.875,0.0
P00985,1560000.0,20,Liverpool,Premier League,ENG,Forward,42,0,0.0,10.5,0.0
P00986,1560000.0,27,Bournemouth,Premier League,ENG,Midfielder,225,0,0.0,20.454545454545453,0.0
P00987,1560000.0,28,OGC Nice,Ligue 1 Uber Eats,ENG,Defender,325,0,0.0,27.083333333333332,0.0
P00988,1560000.0,29,Newcastle,Premier League,GER,Goalkeeper,206,0,0.0,15.846153846153847,0.0
P00989,1560000.0,31,Fulham,Premier League,SCO,Midfielder,375,2,0.005333333333333333,25.0,0.13333333333333333
P00990,1552000.0,32,FC Augsburg,Bundesliga,GER,Midfielder,360,1,0.002777777777777778,22.5,0.0625
P00991,1552000.0,26,Eintracht Frankfurt,Bundesliga,FRA,Defender,110,0,0.0,11.0,0.0
P00992,1549000.0,27,Benfica,Primiera Liga,BRA,Defender,124,2,0.016129032258064516,11.272727272727273,0.18181818181818182
P00993,1548000.0,33,Schalke 04,Bundesliga,GER,Goalkeeper,275,0,0.0,16.176470588235293,0.0
P00994,1548000.0,26,Torino,Serie A,SRB,Forward,129,35,0.2713178294573643,12.9,3.5
P00995,1548000.0,30,Mainz 05,Bundesliga,KOR,Midfielder,262,63,0.24045801526717558,18.714285714285715,4.5
P00996,1548000.0,19,OL,Ligue 1 Uber Eats,FRA,Forward,54,0,0.0,18.0,0.0
P00997,1548000.0,31,1. FC Koln,Bundesliga,GER,Forward,278,1,0.0035971223021582736,18.533333333333335,0.06666666666666667
P00998,1548000.0,34,FC Augsburg,Bundesliga,GER,Defender,435,0,0.0,24.166666666666668,0.0
P00999,1548000.0,26,RC Lens,Ligue 1 Uber Eats,FRA,Midfielder,234,0,0.0,23.4,0.0
P01000,1546000.0,26,OGC Nice,Ligue 1 Uber Eats,ALG,Defender,141,20,0.14184397163120568,14.1,2.0
P01001,1546000.0,24,Troyes,Ligue 1 Uber Eats,FRA,Midfielder,85,0,0.0,10.625,0.0
P01002,1546000.0,27,FC Nantes,Ligue 1 Uber Eats,NGA,Midfielder,256,53,0.20703125,23.272727272727273,4.818181818181818
P01003,1545000.0,23,Real San Sebastian,La Liga,ESP,Midfielder,132,1,0.007575757575757576,18.857142857142858,0.14285714285714285
P01004,1543000.0,23,Milan,Serie A,POR,Forward,138,9,0.06521739130434782,19.714285714285715,1.2857142857142858
P01005,1543000.0,25,Lazio,Serie A,CRO,Midfielder,204,2,0.00980392156862745,22.666666666666668,0.2222222222222222
P01006,1534000.0,35,Sevilla,La Liga,BRA,Midfielder,393,0,0.0,20.68421052631579,0.0
P01007,1525000.0,35,Sporting CP,Primiera Liga,ESP,Goalkeeper,361,0,0.0,19.0,0.0
P01008,1505000.0,24,Villarreal,La Liga,ARG,Defender,70,15,0.21428571428571427,8.75,1.875
P01009,1505000.0,20,VfL Wolfsburg,Bundesliga,POL,Midfielder,108,3,0.027777777777777776,27.0,0.75
P01010,1503000.0,24,Rennes,Ligue 1 Uber Eats,CRO,Midfielder,156,8,0.05128205128205128,19.5,1.0
P01011,1502000.0,26,Benfica,Primiera Liga,NOR,Midfielder,330,8,0.024242424242424242,33.0,0.8
P01012,1482000.0,25,Elche,La Liga,ARG,Forward,184,0,0.0,20.444444444444443,0.0
P01013,1474000.0,25,Real Hispalis,La Liga,ITA,Defender,125,1,0.008,13.88888888888889,0.1111111111111111
P01014,1473000.0,37,Salernitana,Serie A,MEX,Goalkeeper,595,128,0.21512605042016808,28.333333333333332,6.095238095238095
P01015,1472000.0,32,LOSC,Ligue 1 Uber Eats,BRA,Defender,238,0,0.0,14.875,0.0
P01016,1462000.0,28,Mainz 05,Bundesliga,GER,Midfielder,248,0,0.0,20.666666666666668,0.0
P01017,1457000.0,28,Real San Sebastian,La Liga,ESP,Defender,229,0,0.0,19.083333333333332,0.0
P01018,1456000.0,26,Brentford,Premier League,COD,Midfielder,209,6,0.028708133971291867,20.9,0.6
P01019,1456000.0,24,Brentford,Premier League,GRN,Midfielder,88,3,0.03409090909090909,11.0,0.375
P01020,1444000.0,25,Elche,La Liga,ESP,Defender,184,0,0.0,20.444444444444443,0.0
P01021,1444000.0,38,LOSC,Ligue 1 Uber Eats,POR,Defender,593,50,0.08431703204047218,26.954545454545453,2.272727272727273
P01022,1441000.0,29,Benfica,Primiera Liga,POR,Forward,293,25,0.08532423208191127,22.53846153846154,1.9230769230769231
P01023,1440000.0,34,Bologna,Serie A,ITA,Defender,405,6,0.014814814814814815,22.5,0.3333333333333333
P01024,1440000.0,25,Empoli,Serie A,ALB,Defender,137,27,0.19708029197080293,15.222222222222221,3.0
P01025,1440000.0,29,Lazio,Serie A,MNE,Defender,311,49,0.15755627009646303,23.923076923076923,3.769230769230769
P01026,1440000.0,31,Salernitana,Serie A,ITA,Goalkeeper,199,0,0.0,13.266666666666667,0.0
P01027,1440000.0,24,Spezia,Serie A,GRE,Defender,104,1,0.009615384615384616,13.0,0.125
P01028,1440000.0,31,Bologna,Serie A,POL,Goalkeeper,286,7,0.024475524475524476,19.066666666666666,0.4666666666666667
P01029,1440000.0,30,Atalanta,Serie A,ITA,Defender,280,13,0.04642857142857143,20.0,0.9285714285714286
P01030,1438000.0,20,A. Bilbao,La Liga,ESP,Midfielder,68,0,0.0,17.0,0.0
P01031,1436000.0,22,Getafe,La Liga,URU,Defender,52,0,0.0,8.666666666666666,0.0
P01032,1435000.0,27,Empoli,Serie A,ITA,Midfielder,142,0,0.0,12.909090909090908,0.0
P01033,1435000.0,35,Girona,La Liga,URU,Forward,496,50,0.10080645161290322,26.105263157894736,2.6315789473684212
P01034,1435000.0,31,Vallecano,La Liga,FRA,Defender,327,0,0.0,21.8,0.0
P01035,1423000.0,22,FC Porto,Primiera Liga,BRA,Forward,71,0,0.0,11.833333333333334,0.0
P01036,1419000.0,34,Schalke 04,Bundesliga,JPN,Defender,355,119,0.3352112676056338,19.72222222222222,6.611111111111111
P01037,1414000.0,26,Villarreal,La Liga,ESP,Defender,234,0,0.0,23.4,0.0
P01038,1412000.0,26,Benfica,Primiera Liga,ESP,Defender,264,0,0.0,26.4,0.0
P01039,1412000.0,22,Tottenham,Premier League,ESP,Defender,109,1,0.009174311926605505,18.166666666666668,0.16666666666666666
P01040,1410000.0,24,Mallorca,La Liga,BIH,Defender,100,18,0.18,12.5,2.25
P01041,1405000.0,23,Sassuolo,Serie A,FRA,Forward,99,0,0.0,14.142857142857142,0.0
P01042,1401000.0,31,Real Hispalis,La Liga,ESP,Midfielder,381,10,0.026246719160104987,25.4,0.6666666666666666
P01043,1393000.0,30,FC Nantes,Ligue 1 Uber Eats,ALG,Forward,357,11,0.03081232492997199,25.5,0.7857142857142857
P01044,1384000.0,24,Fiorentina,Serie A,SRB,Forward,175,26,0.14857142857142858,21.875,3.25
P01045,1376000.0,29,Mainz 05,Bundesliga,SUI,Defender,315,31,0.09841269841269841,24.23076923076923,2.3846153846153846
P01046,1375000.0,27,AC Ajaccio,Ligue 1 Uber Eats,MLI,Defender,93,17,0.1827956989247312,8.454545454545455,1.5454545454545454
P01047,1370000.0,24,FC Nantes,Ligue 1 Uber Eats,BRA,Defender,70,0,0.0,8.75,0.0
P01048,1356000.0,24,Sporting CP,Primiera Liga,POR,Midfielder,97,2,0.020618556701030927,12.125,0.25
P01049,1354000.0,23,Udinese,Serie A,SVN,Defender,146,31,0.21232876712328766,20.857142857142858,4.428571428571429
P01050,1354000.0,31,Sassuolo,Serie A,FRA,Forward,321,0,0.0,21.4,0.0
P01051,1345000.0,21,Wolves,Premier League,MLI,Midfielder,35,0,0.0,7.0,0.0
P01052,1345000.0,32,Hoffenheim,Bundesliga,BIH,Defender,224,35,0.15625,14.0,2.1875
P01053,1345000.0,27,Union Berlin,Bundesliga,CRO,Defender,247,20,0.08097165991902834,22.454545454545453,1.8181818181818181
P01054,1345000.0,26,Sampdoria,Serie A,ARG,Midfielder,183,0,0.0,18.3,0.0
P01055,1345000.0,27,Cremonese,Serie A,NGA,Forward,205,3,0.014634146341463415,18.636363636363637,0.2727272727272727
P01056,1340000.0,28,Sevilla,La Liga,ARG,Midfielder,350,10,0.02857142857142857,29.166666666666668,0.8333333333333334
P01057,1340000.0,30,Montpellier,Ligue 1 Uber Eats,FRA,Midfielder,274,0,0.0,19.571428571428573,0.0
P01058,1334000.0,28,SV Werder,Bundesliga,GER,Forward,276,0,0.0,23.0,0.0
P01059,1334000.0,25,FC Porto,Primiera Liga,BRA,Midfielder,125,0,0.0,13.88888888888889,0.0
P01060,1328000.0,23,Reims,Ligue 1 Uber Eats,SWE,Defender,85,13,0.15294117647058825,12.142857142857142,1.8571428571428572
P01061,1328000.0,23,Sassuolo,Serie A,ALB,Midfielder,187,7,0.0374331550802139,26.714285714285715,1.0
P01062,1328000.0,20,Juventus,Serie A,BRA,Forward,53,0,0.0,13.25,0.0
P01063,1328000.0,24,Bournemouth,Premier League,URU,Defender,92,24,0.2608695652173913,11.5,3.0
P01064,1328000.0,36,Milan,Serie A,ROU,Goalkeeper,362,73,0.20165745856353592,18.1,3.65
P01065,1328000.0,21,Parthenope,Serie A,GEO,Forward,113,17,0.1504424778761062,22.6,3.4
P01066,1328000.0,25,Capitoline,Serie A,CRO,Midfielder,152,4,0.02631578947368421,16.88888888888889,0.4444444444444444
P01067,1323000.0,28,Espanyol,La Liga,ESP,Midfielder,264,1,0.003787878787878788,22.0,0.08333333333333333
P01068,1310000.0,24,Bologna,Serie A,COL,Defender,154,7,0.045454545454545456,19.25,0.875
P01069,1305000.0,24,Schalke 04,Bundesliga,CZE,Midfielder,121,31,0.256198347107438,15.125,3.875
P01070,1301000.0,28,Cremonese,Serie A,FRA,Midfielder,243,0,0.0,20.25,0.0
P01071,1300000.0,31,Valencia,La Liga,ESP,Goalkeeper,223,0,0.0,14.866666666666667,0.0
P01072,1300000.0,18,Chelsea,Premier League,ENG,Forward,3,0,0.0,1.5,0.0
P01073,1300000.0,33,Elche,La Liga,ARG,Defender,318,32,0.10062893081761007,18.705882352941178,1.8823529411764706
P01074,1300000.0,20,Man City,Premier League,ENG,Midfielder,7,0,0.0,1.75,0.0
P01075,1300000.0,22,Newcastle,Premier League,ENG,Midfielder,45,0,0.0,7.5,0.0
P01076,1300000.0,22,Bournemouth,Premier League,ZIM,Defender,42,6,0.14285714285714285,7.0,1.0
P01077,1300000.0,23,Bournemouth,Premier League,ENG,Midfielder,149,0,0.0,21.285714285714285,0.0
P01078,1300000.0,24,Brighton,Premier League,ESP,Goalkeeper,114,1,0.008771929824561403,14.25,0.125
P01079,1300000.0,20,Man UFC,Premier League,URU,Forward,65,6,0.09230769230769231,16.25,1.5
P01080,1300000.0,30,Bournemouth,Premier League,WAL,Forward,305,26,0.08524590163934426,21.785714285714285,1.8571428571428572
P01081,1300000.0,25,Nottm Forest,Premier League,ENG,Defender,207,0,0.0,23.0,0.0
P01082,1300000.0,25,Liverpool,Premier League,ENG,Defender,53,0,0.0,5.888888888888889,0.0
P01083,1300000.0,24,Nottm Forest,Premier League,ENG,Midfielder,196,0,0.0,24.5,0.0
P01084,1300000.0,26,Valladolid,La Liga,BRA,Defender,146,0,0.0,14.6,0.0
P01085,1300000.0,22,Wolves,Premier League,POR,Forward,44,0,0.0,7.333333333333333,0.0
P01086,1300000.0,25,Nottm Forest,Premier League,SCO,Defender,194,26,0.13402061855670103,21.555555555555557,2.888888888888889
P01087,1300000.0,30,Leeds,Premier League,ENG,Midfielder,274,0,0.0,19.571428571428573,0.0
P01088,1300000.0,30,Girona,La Liga,ARG,Goalkeeper,116,1,0.008620689655172414,8.285714285714286,0.07142857142857142
P01089,1300000.0,20,Leeds,Premier League,NED,Midfielder,49,0,0.0,12.25,0.0
P01090,1300000.0,32,Bournemouth,Premier League,ENG,Midfielder,314,0,0.0,19.625,0.0
P01091,1300000.0,20,Brighton,Premier League,ECU,Midfielder,52,28,0.5384615384615384,13.0,7.0
P01092,1300000.0,23,Bournemouth,Premier League,IRL,Goalkeeper,80,3,0.0375,11.428571428571429,0.42857142857142855
P01093,1300000.0,26,Bournemouth,Premier League,ENG,Defender,212,0,0.0,21.2,0.0
P01094,1300000.0,21,Leicester,Premier League,ENG,Defender,46,0,0.0,9.2,0.0
P01095,1298000.0,28,Benfica,Primiera Liga,GRE,Goalkeeper,244,27,0.11065573770491803,20.333333333333332,2.25
P01096,1298000.0,29,FC Porto,Primiera Liga,BRA,Defender,237,0,0.0,18.23076923076923,0.0
P01097,1296000.0,23,Capitoline,Serie A,NOR,Forward,135,0,0.0,19.285714285714285,0.0
P01098,1293000.0,25,Getafe,La Liga,PAR,Defender,124,11,0.08870967741935484,13.777777777777779,1.2222222222222223
P01099,1293000.0,27,BRG,Primiera Liga,POR,Midfielder,240,9,0.0375,21.818181818181817,0.8181818181818182
P01100,1293000.0,25,Hertha Berlin,Bundesliga,GER,Midfielder,165,4,0.024242424242424242,18.333333333333332,0.4444444444444444
P01101,1293000.0,27,1. FC Koln,Bundesliga,TUN,Midfielder,218,45,0.20642201834862386,19.818181818181817,4.090909090909091
P01102,1293000.0,25,Mallorca,La Liga,ESP,Defender,163,0,0.0,18.11111111111111,0.0
P01103,1292000.0,28,Sampdoria,Serie A,GER,Defender,161,0,0.0,13.416666666666666,0.0
P01104,1290000.0,31,Mainz 05,Bundesliga,GER,Defender,290,0,0.0,19.333333333333332,0.0
P01105,1290000.0,31,Borussia M'gladbach,Bundesliga,GER,Midfielder,339,2,0.0058997050147492625,22.6,0.13333333333333333
P01106,1290000.0,27,Mainz 05,Bundesliga,GER,Goalkeeper,177,0,0.0,16.09090909090909,0.0
P01107,1290000.0,27,Vigo,La Liga,ESP,Defender,310,0,0.0,28.181818181818183,0.0
P01108,1290000.0,29,Elche,La Liga,ESP,Midfielder,285,0,0.0,21.923076923076923,0.0
P01109,1290000.0,25,Mainz 05,Bundesliga,FRA,Defender,114,0,0.0,12.666666666666666,0.0
P01110,1290000.0,23,Hoffenheim,Bundesliga,AUT,Midfielder,108,21,0.19444444444444445,15.428571428571429,3.0
P01111,1290000.0,34,Schalke 04,Bundesliga,GER,Forward,427,0,0.0,23.72222222222222,0.0
P01112,1290000.0,27,1. FC Koln,Bundesliga,GER,Forward,258,0,0.0,23.454545454545453,0.0
P01113,1290000.0,23,Eintracht Frankfurt,Bundesliga,FRA,Forward,100,0,0.0,14.285714285714286,0.0
P01114,1290000.0,27,Union Berlin,Bundesliga,SUR,Midfielder,198,5,0.025252525252525252,18.0,0.45454545454545453
P01115,1290000.0,27,Bayer 04,Bundesliga,GER,Midfielder,247,0,0.0,22.454545454545453,0.0
P01116,1290000.0,24,Hertha Berlin,Bundesliga,NGA,Forward,145,8,0.05517241379310345,18.125,1.0
P01117,1290000.0,27,VfL Wolfsburg,Bundesliga,BRA,Defender,106,0,0.0,9.636363636363637,0.0
P01118,1290000.0,22,Borussia M'gladbach,Bundesliga,FRA,Midfielder,47,0,0.0,7.833333333333333,0.0
P01119,1290000.0,19,Milan,Serie A,BEL,Midfielder,68,0,0.0,22.666666666666668,0.0
P01120,1290000.0,23,VfL Wolfsburg,Bundesliga,FRA,Defender,99,0,0.0,14.142857142857142,0.0
P01121,1290000.0,21,Bayer 04,Bundesliga,NED,Defender,76,0,0.0,15.2,0.0
P01122,1290000.0,22,Mainz 05,Bundesliga,LUX,Midfielder,99,39,0.3939393939393939,16.5,6.5
P01123,1290000.0,31,Schalke 04,Bundesliga,GER,Forward,351,0,0.0,23.4,0.0
P01124,1290000.0,22,Bayer 04,Bundesliga,NED,Defender,89,0,0.0,14.833333333333334,0.0
P01125,1290000.0,21,Bayer 04,Bundesliga,CIV,Defender,81,15,0.18518518518518517,16.2,3.0
P01126,1290000.0,26,Union Berlin,Bundesliga,USA,Forward,182,9,0.04945054945054945,18.2,0.9
P01127,1290000.0,20,Bayer 04,Bundesliga,CZE,Forward,106,18,0.16981132075471697,26.5,4.5
P01128,1290000.0,22,VfL Wolfsburg,Bundesliga,CRO,Defender,85,0,0.0,14.166666666666666,0.0
P01129,1290000.0,22,Mainz 05,Bundesliga,GER,Forward,83,0,0.0,13.833333333333334,0.0
P01130,1289000.0,38,OGC Nice,Ligue 1 Uber Eats,BRA,Defender,496,13,0.02620967741935484,22.545454545454547,0.5909090909090909
P01131,1289000.0,30,Hertha Berlin,Bundesliga,GER,Defender,297,7,0.02356902356902357,21.214285714285715,0.5
P01132,1289000.0,27,Bayer 04,Bundesliga,NED,Defender,159,0,0.0,14.454545454545455,0.0
P01133,1289000.0,23,OM,Ligue 1 Uber Eats,ARG,Defender,66,2,0.030303030303030304,9.428571428571429,0.2857142857142857
P01134,1287000.0,33,FC Nantes,Ligue 1 Uber Eats,FRA,Midfielder,494,71,0.1437246963562753,29.058823529411764,4.176470588235294
P01135,1276000.0,32,Atalanta,Serie A,ARG,Defender,302,0,0.0,18.875,0.0
P01136,1276000.0,23,Bologna,Serie A,GAM,Forward,136,27,0.19852941176470587,19.428571428571427,3.857142857142857
P01137,1276000.0,35,Empoli,Serie A,ITA,Forward,531,2,0.003766478342749529,27.94736842105263,0.10526315789473684
P01138,1276000.0,26,Empoli,Serie A,SUI,Midfielder,200,0,0.0,20.0,0.0
P01139,1276000.0,32,Cremonese,Serie A,ROU,Defender,243,75,0.30864197530864196,15.1875,4.6875
P01140,1276000.0,28,Atalanta,Serie A,NED,Defender,240,13,0.05416666666666667,20.0,1.0833333333333333
P01141,1276000.0,27,Verona,Serie A,FRA,Forward,218,0,0.0,19.818181818181817,0.0
P01142,1276000.0,25,Spezia,Serie A,POL,Goalkeeper,179,2,0.0111731843575419,19.88888888888889,0.2222222222222222
P01143,1276000.0,27,Parthenope,Serie A,ITA,Goalkeeper,139,1,0.007194244604316547,12.636363636363637,0.09090909090909091
P01144,1276000.0,26,Empoli,Serie A,SCO,Midfielder,212,0,0.0,21.2,0.0
P01145,1276000.0,29,Atalanta,Serie A,ALB,Defender,331,48,0.14501510574018128,25.46153846153846,3.6923076923076925
P01146,1276000.0,28,Inter,Serie A,GER,Defender,238,13,0.0546218487394958,19.833333333333332,1.0833333333333333
P01147,1276000.0,25,Sampdoria,Serie A,ITA,Goalkeeper,178,0,0.0,19.77777777777778,0.0
P01148,1276000.0,22,Milan,Serie A,ITA,Defender,54,0,0.0,9.0,0.0
P01149,1273000.0,35,LOSC,Ligue 1 Uber Eats,FRA,Goalkeeper,513,1,0.001949317738791423,27.0,0.05263157894736842
P01150,1268000.0,22,Udinese,Serie A,ARG,Defender,65,0,0.0,10.833333333333334,0.0
P01151,1268000.0,24,Udinese,Serie A,SVN,Midfielder,193,22,0.11398963730569948,24.125,2.75
P01152,1266000.0,22,Leicester,Premier League,BRA,Midfielder,90,0,0.0,15.0,0.0
P01153,1266000.0,23,Fulham,Premier League,ISR,Forward,143,31,0.21678321678321677,20.428571428571427,4.428571428571429
P01154,1256000.0,29,AS Monaco,Ligue 1 Uber Eats,FRA,Defender,244,1,0.004098360655737705,18.76923076923077,0.07692307692307693
P01155,1255000.0,19,Valencia,La Liga,GUI,Midfielder,52,8,0.15384615384615385,17.333333333333332,2.6666666666666665
P01156,1238000.0,23,Sevilla,La Liga,SEN,Midfielder,104,11,0.10576923076923077,14.857142857142858,1.5714285714285714
P01157,1238000.0,26,LOSC,Ligue 1 Uber Eats,FRA,Forward,219,0,0.0,21.9,0.0
P01158,1237000.0,29,Rennes,Ligue 1 Uber Eats,FRA,Midfielder,229,0,0.0,17.615384615384617,0.0
P01159,1235000.0,26,FC Porto,Primiera Liga,SRB,Midfielder,164,17,0.10365853658536585,16.4,1.7
P01160,1233000.0,29,Schalke 04,Bundesliga,COL,Defender,189,9,0.047619047619047616,14.538461538461538,0.6923076923076923
P01161,1233000.0,27,SV Werder,Bundesliga,GER,Defender,212,2,0.009433962264150943,19.272727272727273,0.18181818181818182
P01162,1232000.0,35,Villarreal,La Liga,ESP,Midfielder,523,0,0.0,27.526315789473685,0.0
P01163,1232000.0,19,Villarreal,La Liga,ESP,Forward,80,4,0.05,26.666666666666668,1.3333333333333333
P01164,1224000.0,20,Inter,Serie A,ALB,Midfielder,27,4,0.14814814814814814,6.75,1.0
P01165,1224000.0,25,Salento,Serie A,ITA,Defender,220,0,0.0,24.444444444444443,0.0
P01166,1222000.0,39,Real Hispalis,La Liga,CHI,Goalkeeper,448,144,0.32142857142857145,19.47826086956522,6.260869565217392
P01167,1219000.0,25,Sporting CP,Primiera Liga,NED,Defender,169,0,0.0,18.77777777777778,0.0
P01168,1216000.0,23,VfL Wolfsburg,Bundesliga,EGY,Forward,106,13,0.12264150943396226,15.142857142857142,1.8571428571428572
P01169,1216000.0,30,Sampdoria,Serie A,COL,Defender,293,32,0.10921501706484642,20.928571428571427,2.2857142857142856
P01170,1216000.0,30,Sampdoria,Serie A,ITA,Forward,325,11,0.033846153846153845,23.214285714285715,0.7857142857142857
P01171,1204000.0,25,Hertha Berlin,Bundesliga,GER,Defender,158,0,0.0,17.555555555555557,0.0
P01172,1201000.0,31,Mallorca,La Liga,ARG,Midfielder,262,2,0.007633587786259542,17.466666666666665,0.13333333333333333
P01173,1198000.0,30,Bologna,Serie A,FRA,Defender,165,0,0.0,11.785714285714286,0.0
P01174,1197000.0,23,Union Berlin,Bundesliga,HUN,Midfielder,117,20,0.17094017094017094,16.714285714285715,2.857142857142857
P01175,1186000.0,32,Montpellier,Ligue 1 Uber Eats,FRA,Forward,356,0,0.0,22.25,0.0
P01176,1184000.0,27,Sporting CP,Primiera Liga,ESP,Defender,214,4,0.018691588785046728,19.454545454545453,0.36363636363636365
P01177,1182000.0,24,Hoffenheim,Bundesliga,GER,Midfielder,105,0,0.0,13.125,0.0
P01178,1178000.0,32,LOSC,Ligue 1 Uber Eats,FRA,Midfielder,326,4,0.012269938650306749,20.375,0.25
P01179,1177000.0,21,A. Bilbao,La Liga,ESP,Midfielder,130,0,0.0,26.0,0.0
P01180,1171000.0,23,Sporting CP,Primiera Liga,ENG,Forward,120,0,0.0,17.142857142857142,0.0
P01181,1170000.0,23,Brighton,Premier League,POL,Midfielder,173,20,0.11560693641618497,24.714285714285715,2.857142857142857
P01182,1169000.0,25,OGC Nice,Ligue 1 Uber Eats,NED,Defender,220,1,0.004545454545454545,24.444444444444443,0.1111111111111111
P01183,1163000.0,27,Sevilla,La Liga,ESP,Midfielder,252,0,0.0,22.90909090909091,0.0
P01184,1163000.0,29,Sevilla,La Liga,MEX,Defender,298,71,0.23825503355704697,22.923076923076923,5.461538461538462
P01185,1161000.0,32,Schalke 04,Bundesliga,GER,Midfielder,376,0,0.0,23.5,0.0
P01186,1161000.0,23,Schalke 04,Bundesliga,URU,Midfielder,88,0,0.0,12.571428571428571,0.0
P01187,1161000.0,28,Mainz 05,Bundesliga,GER,Defender,224,0,0.0,18.666666666666668,0.0
P01188,1161000.0,32,Schalke 04,Bundesliga,GER,Midfielder,354,0,0.0,22.125,0.0
P01189,1161000.0,29,Schalke 04,Bundesliga,GER,Midfielder,270,0,0.0,20.76923076923077,0.0
P01190,1161000.0,24,Bayer 04,Bundesliga,NED,Defender,64,3,0.046875,8.0,0.375
P01191,1141000.0,31,Atletico Pamplona,La Liga,ESP,Goalkeeper,362,0,0.0,24.133333333333333,0.0
P01192,1141000.0,23,Villarreal,La Liga,NGA,Midfielder,139,24,0.17266187050359713,19.857142857142858,3.4285714285714284
P01193,1138000.0,29,Real Hispalis,La Liga,ESP,Forward,294,1,0.003401360544217687,22.615384615384617,0.07692307692307693
P01194,1137000.0,26,Eintracht Frankfurt,Bundesliga,COL,Forward,180,20,0.1111111111111111,18.0,2.0
P01195,1135000.0,32,Montpellier,Ligue 1 Uber Eats,FRA,Defender,309,29,0.09385113268608414,19.3125,1.8125
P01196,1134000.0,24,RC Lens,Ligue 1 Uber Eats,FRA,Midfielder,123,0,0.0,15.375,0.0
P01197,1134000.0,34,FC Nantes,Ligue 1 Uber Eats,FRA,Defender,377,0,0.0,20.944444444444443,0.0
P01198,1134000.0,25,Salento,Serie A,FRA,Forward,185,0,0.0,20.555555555555557,0.0
P01199,1127000.0,22,Rennes,Ligue 1 Uber Eats,FRA,Forward,84,0,0.0,14.0,0.0
P01200,1121000.0,32,Brentford,Premier League,DEN,Defender,340,35,0.10294117647058823,21.25,2.1875
P01201,1121000.0,27,Sampdoria,Serie A,ITA,Defender,217,0,0.0,19.727272727272727,0.0
P01202,1121000.0,24,Sassuolo,Serie A,BRA,Defender,117,0,0.0,14.625,0.0
P01203,1121000.0,31,Hertha Berlin,Bundesliga,GER,Forward,351,0,0.0,23.4,0.0
P01204,1121000.0,24,VfB Stuttgart,Bundesliga,GRE,Defender,92,13,0.14130434782608695,11.5,1.625
P01205,1121000.0,24,Salento,Serie A,MAR,Midfielder,120,0,0.0,15.0,0.0
P01206,1121000.0,35,Fiorentina,Serie A,ITA,Goalkeeper,446,28,0.06278026905829596,23.473684210526315,1.4736842105263157
P01207,1121000.0,22,Sassuolo,Serie A,ITA,Midfielder,149,3,0.020134228187919462,24.833333333333332,0.5
P01208,1121000.0,26,Brighton,Premier League,GER,Forward,220,0,0.0,22.0,0.0
P01209,1121000.0,20,Rennes,Ligue 1 Uber Eats,FRA,Forward,69,0,0.0,17.25,0.0
P01210,1121000.0,39,Milan,Serie A,ITA,Goalkeeper,418,0,0.0,18.17391304347826,0.0
P01211,1121000.0,30,Verona,Serie A,ITA,Forward,386,7,0.018134715025906734,27.571428571428573,0.5
P01212,1118000.0,30,Mainz 05,Bundesliga,AUT,Forward,332,18,0.05421686746987952,23.714285714285715,1.2857142857142858
P01213,1118000.0,26,Mainz 05,Bundesliga,DEN,Forward,190,1,0.005263157894736842,19.0,0.1
P01214,1116000.0,25,Empoli,Serie A,ITA,Defender,134,0,0.0,14.88888888888889,0.0
P01215,1116000.0,27,A. Bilbao,La Liga,ESP,Defender,269,0,0.0,24.454545454545453,0.0
P01216,1116000.0,32,Udinese,Serie A,MKD,Forward,344,46,0.13372093023255813,21.5,2.875
P01217,1116000.0,32,Verona,Serie A,BIH,Forward,410,15,0.036585365853658534,25.625,0.9375
P01218,1107000.0,24,Almeria,La Liga,COL,Forward,219,3,0.0136986301369863,27.375,0.375
P01219,1104000.0,20,Real San Sebastian,La Liga,ESP,Midfielder,80,0,0.0,20.0,0.0
P01220,1104000.0,30,Sampdoria,Serie A,SRB,Midfielder,298,35,0.1174496644295302,21.285714285714285,2.5
P01221,1103000.0,26,Fiorentina,Serie A,ARG,Defender,105,11,0.10476190476190476,10.5,1.1
P01222,1103000.0,25,Atalanta,Serie A,DEN,Defender,179,29,0.16201117318435754,19.88888888888889,3.2222222222222223
P01223,1103000.0,25,Milan,Serie A,SEN,Defender,118,13,0.11016949152542373,13.11111111111111,1.4444444444444444
P01224,1103000.0,21,Torino,Serie A,ITA,Forward,49,1,0.02040816326530612,9.8,0.2
P01225,1103000.0,29,OM,Ligue 1 Uber Eats,UKR,Midfielder,313,49,0.15654952076677317,24.076923076923077,3.769230769230769
P01226,1103000.0,28,Udinese,Serie A,ESP,Forward,292,4,0.0136986301369863,24.333333333333332,0.3333333333333333
P01227,1103000.0,31,Spezia,Serie A,NED,Goalkeeper,293,11,0.03754266211604096,19.533333333333335,0.7333333333333333
P01228,1103000.0,23,Milan,Serie A,BEL,Defender,141,9,0.06382978723404255,20.142857142857142,1.2857142857142858
P01229,1103000.0,23,Lazio,Serie A,POR,Goalkeeper,66,0,0.0,9.428571428571429,0.0
P01230,1103000.0,31,Udinese,Serie A,ARG,Defender,342,19,0.05555555555555555,22.8,1.2666666666666666
P01231,1103000.0,30,Fiorentina,Serie A,ITA,Forward,269,0,0.0,19.214285714285715,0.0
P01232,1096000.0,21,OGC Nice,Ligue 1 Uber Eats,FRA,Midfielder,86,0,0.0,17.2,0.0
P01233,1090000.0,23,R. Madrid,La Liga,UKR,Goalkeeper,77,7,0.09090909090909091,11.0,1.0
P01234,1090000.0,24,A. Madrid,La Liga,ARG,Defender,112,17,0.15178571428571427,14.0,2.125
P01235,1087000.0,24,FC Nantes,Ligue 1 Uber Eats,EGY,Forward,148,21,0.14189189189189189,18.5,2.625
P01236,1086000.0,31,Brianza,Serie A,ITA,Defender,252,0,0.0,16.8,0.0
P01237,1086000.0,27,Brianza,Serie A,ITA,Defender,257,0,0.0,23.363636363636363,0.0
P01238,1078000.0,22,OGC Nice,Ligue 1 Uber Eats,FRA,Defender,81,0,0.0,13.5,0.0
P01239,1077000.0,34,Sporting CP,Primiera Liga,POR,Defender,293,19,0.06484641638225255,16.27777777777778,1.0555555555555556
P01240,1076000.0,34,FC Augsburg,Bundesliga,AUT,Midfielder,348,84,0.2413793103448276,19.333333333333332,4.666666666666667
P01241,1075000.0,24,FC Augsburg,Bundesliga,GER,Midfielder,156,0,0.0,19.5,0.0
P01242,1075000.0,26,VfB Stuttgart,Bundesliga,GER,Defender,205,0,0.0,20.5,0.0
P01243,1070000.0,24,Vigo,La Liga,ESP,Midfielder,149,2,0.013422818791946308,18.625,0.25
P01244,1069000.0,29,Sporting CP,Primiera Liga,POR,Forward,334,3,0.008982035928143712,25.692307692307693,0.23076923076923078
P01245,1069000.0,28,Udinese,Serie A,MAR,Defender,219,16,0.0730593607305936,18.25,1.3333333333333333
P01246,1053000.0,28,Real Hispalis,La Liga,POR,Goalkeeper,183,1,0.00546448087431694,15.25,0.08333333333333333
P01247,1052000.0,22,Rennes,Ligue 1 Uber Eats,BEL,Defender,73,3,0.0410958904109589,12.166666666666666,0.5
P01248,1052000.0,22,Parthenope,Serie A,NOR,Defender,136,5,0.03676470588235294,22.666666666666668,0.8333333333333334
P01249,1051000.0,23,Everton,Premier League,POR,Defender,82,0,0.0,11.714285714285714,0.0
P01250,1051000.0,23,Benfica,Primiera Liga,POR,Midfielder,130,0,0.0,18.571428571428573,0.0
P01251,1050000.0,30,Villarreal,La Liga,ESP,Defender,232,4,0.017241379310344827,16.571428571428573,0.2857142857142857
P01252,1050000.0,30,Villarreal,La Liga,ESP,Midfielder,423,0,0.0,30.214285714285715,0.0
P01253,1048000.0,25,Sampdoria,Serie A,NED,Forward,148,0,0.0,16.444444444444443,0.0
P01254,1047000.0,22,AS Monaco,Ligue 1 Uber Eats,MLI,Midfielder,99,15,0.15151515151515152,16.5,2.5
P01255,1040000.0,23,Brentford,Premier League,DEN,Defender,64,0,0.0,9.142857142857142,0.0
P01256,1040000.0,22,Nottm Forest,Premier League,FRA,Defender,80,0,0.0,13.333333333333334,0.0
P01257,1040000.0,29,Man City,Premier League,GER,Goalkeeper,266,0,0.0,20.46153846153846,0.0
P01258,1040000.0,18,Leeds,Premier League,ITA,Forward,65,4,0.06153846153846154,32.5,2.0
P01259,1040000.0,32,Nottm Forest,Premier League,ENG,Defender,368,0,0.0,23.0,0.0
P01260,1040000.0,27,Strasbourg,Ligue 1 Uber Eats,FRA,Defender,228,0,0.0,20.727272727272727,0.0
P01261,1040000.0,29,Aston Villa,Premier League,ENG,Goalkeeper,120,0,0.0,9.23076923076923,0.0
P01262,1040000.0,35,Nottm Forest,Premier League,WAL,Goalkeeper,322,104,0.32298136645962733,16.94736842105263,5.473684210526316
P01263,1040000.0,24,Girona,La Liga,VEN,Midfielder,171,25,0.14619883040935672,21.375,3.125
P01264,1040000.0,18,Chelsea,Premier League,USA,Goalkeeper,43,0,0.0,21.5,0.0
P01265,1040000.0,25,Leicester,Premier League,DEN,Goalkeeper,151,0,0.0,16.77777777777778,0.0
P01266,1040000.0,25,Brighton,Premier League,JPN,Midfielder,151,7,0.046357615894039736,16.77777777777778,0.7777777777777778
P01267,1040000.0,20,Leeds,Premier League,ENG,Midfielder,13,0,0.0,3.25,0.0
P01268,1040000.0,23,Angers SCO,Ligue 1 Uber Eats,TUN,Defender,51,0,0.0,7.285714285714286,0.0
P01269,1040000.0,25,AJ Auxerre,Ligue 1 Uber Eats,SCO,Midfielder,183,0,0.0,20.333333333333332,0.0
P01270,1037000.0,23,Capitoline,Serie A,SRB,Goalkeeper,62,1,0.016129032258064516,8.857142857142858,0.14285714285714285
P01271,1036000.0,22,Valencia,La Liga,BRA,Forward,115,0,0.0,19.166666666666668,0.0
P01272,1035000.0,23,Hoffenheim,Bundesliga,FRA,Defender,85,0,0.0,12.142857142857142,0.0
P01273,1035000.0,29,Hoffenheim,Bundesliga,USA,Defender,284,43,0.15140845070422534,21.846153846153847,3.3076923076923075
P01274,1035000.0,21,Empoli,Serie A,URU,Forward,24,1,0.041666666666666664,4.8,0.2
P01275,1035000.0,27,Sevilla,La Liga,NED,Defender,200,4,0.02,18.181818181818183,0.36363636363636365
P01276,1035000.0,31,FC Augsburg,Bundesliga,NED,Defender,318,0,0.0,21.2,0.0
P01277,1034000.0,27,Getafe,La Liga,SRB,Midfielder,242,39,0.16115702479338842,22.0,3.5454545454545454
P01278,1032000.0,30,Union Berlin,Bundesliga,GER,Defender,325,0,0.0,23.214285714285715,0.0
P01279,1032000.0,34,VfL Wolfsburg,Bundesliga,AUT,Goalkeeper,266,7,0.02631578947368421,14.777777777777779,0.3888888888888889
P01280,1032000.0,21,AS Monaco,Ligue 1 Uber Eats,NED,Forward,111,1,0.009009009009009009,22.2,0.2
P01281,1032000.0,29,1. FC Koln,Bundesliga,AUT,Midfielder,344,20,0.05813953488372093,26.46153846153846,1.5384615384615385
P01282,1032000.0,30,FC Nantes,Ligue 1 Uber Eats,FRA,Midfielder,293,0,0.0,20.928571428571427,0.0
P01283,1032000.0,22,Bayer 04,Bundesliga,FRA,Forward,64,0,0.0,10.666666666666666,0.0
P01284,1032000.0,30,Schalke 04,Bundesliga,POL,Defender,279,7,0.025089605734767026,19.928571428571427,0.5
P01285,1032000.0,22,Sevilla,La Liga,FRA,Defender,54,0,0.0,9.0,0.0
P01286,1032000.0,23,Strasbourg,Ligue 1 Uber Eats,FRA,Defender,59,0,0.0,8.428571428571429,0.0
P01287,1032000.0,27,Rennes,Ligue 1 Uber Eats,NOR,Defender,206,22,0.10679611650485436,18.727272727272727,2.0
P01288,1032000.0,26,Mallorca,La Liga,ZIM,Forward,162,22,0.13580246913580246,16.2,2.2
P01289,1032000.0,24,BVT,Primiera Liga,USA,Defender,123,27,0.21951219512195122,15.375,3.375
P01290,1032000.0,32,Borussia M'gladbach,Bundesliga,GER,Defender,257,0,0.0,16.0625,0.0
P01291,1032000.0,24,Borussia Dortmund,Bundesliga,NOR,Defender,185,11,0.05945945945945946,23.125,1.375
P01292,1031000.0,25,Angers SCO,Ligue 1 Uber Eats,FRA,Goalkeeper,186,0,0.0,20.666666666666668,0.0
P01293,1031000.0,28,Eintracht Frankfurt,Bundesliga,GER,Defender,288,3,0.010416666666666666,24.0,0.25
P01294,1031000.0,28,FC Lorient,Ligue 1 Uber Eats,GER,Goalkeeper,140,0,0.0,11.666666666666666,0.0
P01295,1028000.0,24,FC Lorient,Ligue 1 Uber Eats,FRA,Midfielder,78,0,0.0,9.75,0.0
P01296,1022000.0,26,Mallorca,La Liga,SRB,Goalkeeper,275,28,0.10181818181818182,27.5,2.8
P01297,1017000.0,25,Real San Sebastian,La Liga,NGA,Forward,158,7,0.04430379746835443,17.555555555555557,0.7777777777777778
P01298,1017000.0,26,Sevilla,La Liga,BRA,Defender,183,0,0.0,18.3,0.0
P01299,1004000.0,22,A. Bilbao,La Liga,ESP,Midfielder,85,0,0.0,14.166666666666666,0.0
P01300,1004000.0,27,A. Bilbao,La Liga,ESP,Defender,231,0,0.0,21.0,0.0
P01301,1003000.0,21,AS Monaco,Ligue 1 Uber Eats,BRA,Defender,60,0,0.0,12.0,0.0
P01302,1003000.0,25,Espanyol,La Liga,MEX,Defender,234,26,0.1111111111111111,26.0,2.888888888888889
P01303,998000.0,30,Villarreal,La Liga,ALG,Defender,331,76,0.229607250755287,23.642857142857142,5.428571428571429
P01304,991000.0,27,Spezia,Serie A,POL,Defender,236,15,0.0635593220338983,21.454545454545453,1.3636363636363635
P01305,991000.0,22,Lazio,Serie A,BRA,Midfielder,76,0,0.0,12.666666666666666,0.0
P01306,987000.0,29,Vigo,La Liga,ESP,Defender,195,0,0.0,15.0,0.0
P01307,986000.0,22,Eintracht Frankfurt,Bundesliga,DEN,Forward,92,5,0.05434782608695652,15.333333333333334,0.8333333333333334
P01308,986000.0,25,Bologna,Serie A,AUT,Defender,179,16,0.0893854748603352,19.88888888888889,1.7777777777777777
P01309,985000.0,30,Cadiz,La Liga,URU,Defender,247,0,0.0,17.642857142857142,0.0
P01310,985000.0,29,Cadiz,La Liga,ESP,Midfielder,353,0,0.0,27.153846153846153,0.0
P01311,983000.0,26,SV Werder,Bundesliga,SRB,Defender,177,20,0.11299435028248588,17.7,2.0
P01312,980000.0,35,Strasbourg,Ligue 1 Uber Eats,FRA,Forward,502,13,0.025896414342629483,26.42105263157895,0.6842105263157895
P01313,977000.0,28,RC Lens,Ligue 1 Uber Eats,FRA,Midfielder,292,0,0.0,24.333333333333332,0.0
P01314,977000.0,20,Lazio,Serie A,ITA,Midfielder,12,1,0.08333333333333333,3.0,0.25
P01315,976000.0,23,Vigo,La Liga,ESP,Defender,79,1,0.012658227848101266,11.285714285714286,0.14285714285714285
P01316,973000.0,23,OGC Nice,Ligue 1 Uber Eats,NGA,Forward,133,7,0.05263157894736842,19.0,1.0
P01317,966000.0,25,Real San Sebastian,La Liga,ESP,Defender,203,0,0.0,22.555555555555557,0.0
P01318,966000.0,30,Getafe,La Liga,ESP,Midfielder,412,0,0.0,29.428571428571427,0.0
P01319,966000.0,32,Brianza,Serie A,DEN,Forward,362,9,0.024861878453038673,22.625,0.5625
P01320,964000.0,18,Benfica,Primiera Liga,NOR,Forward,55,0,0.0,27.5,0.0
P01321,963000.0,25,Sevilla,La Liga,ESP,Forward,181,0,0.0,20.11111111111111,0.0
P01322,963000.0,30,Sevilla,La Liga,SRB,Goalkeeper,234,19,0.0811965811965812,16.714285714285715,1.3571428571428572
P01323,963000.0,28,Sevilla,La Liga,ESP,Midfielder,287,0,0.0,23.916666666666668,0.0
P01324,963000.0,28,Sevilla,La Liga,ESP,Midfielder,253,5,0.019762845849802372,21.083333333333332,0.4166666666666667
P01325,957000.0,25,Cremonese,Serie A,ITA,Defender,108,0,0.0,12.0,0.0
P01326,957000.0,25,Empoli,Serie A,ITA,Goalkeeper,188,0,0.0,20.88888888888889,0.0
P01327,957000.0,23,Fiorentina,Serie A,ITA,Defender,97,0,0.0,13.857142857142858,0.0
P01328,957000.0,23,Fiorentina,Serie A,ITA,Midfielder,79,0,0.0,11.285714285714286,0.0
P01329,957000.0,31,Spezia,Serie A,MAR,Midfielder,186,8,0.043010752688172046,12.4,0.5333333333333333
P01330,957000.0,32,Sampdoria,Serie A,NED,Defender,314,0,0.0,19.625,0.0
P01331,957000.0,30,Atalanta,Serie A,ITA,Goalkeeper,276,0,0.0,19.714285714285715,0.0
P01332,957000.0,30,Sassuolo,Serie A,ITA,Defender,363,1,0.0027548209366391185,25.928571428571427,0.07142857142857142
P01333,957000.0,31,Verona,Serie A,SRB,Defender,370,23,0.062162162162162166,24.666666666666668,1.5333333333333334
P01334,957000.0,27,Empoli,Serie A,ITA,Midfielder,192,0,0.0,17.454545454545453,0.0
P01335,957000.0,26,Verona,Serie A,ITA,Defender,152,0,0.0,15.2,0.0
P01336,953000.0,32,A. Bilbao,La Liga,ESP,Midfielder,430,0,0.0,26.875,0.0
P01337,950000.0,30,AC Ajaccio,Ligue 1 Uber Eats,ALG,Midfielder,179,43,0.24022346368715083,12.785714285714286,3.0714285714285716
P01338,948000.0,29,OM,Ligue 1 Uber Eats,BIH,Defender,218,49,0.22477064220183487,16.76923076923077,3.769230769230769
P01339,948000.0,30,FC Augsburg,Bundesliga,CZE,Goalkeeper,216,11,0.05092592592592592,15.428571428571429,0.7857142857142857
P01340,947000.0,29,Vallecano,La Liga,ESP,Midfielder,353,0,0.0,27.153846153846153,0.0
P01341,946000.0,23,Verona,Serie A,ARG,Forward,84,1,0.011904761904761904,12.0,0.14285714285714285
P01342,946000.0,24,Espanyol,La Liga,FRA,Defender,106,0,0.0,13.25,0.0
P01343,945000.0,31,Villarreal,La Liga,ESP,Defender,379,0,0.0,25.266666666666666,0.0
P01344,945000.0,21,Villarreal,La Liga,ESP,Midfielder,76,0,0.0,15.2,0.0
P01345,945000.0,25,Salernitana,Serie A,SEN,Forward,129,17,0.13178294573643412,14.333333333333334,1.8888888888888888
P01346,941000.0,27,Salernitana,Serie A,NED,Midfielder,287,15,0.05226480836236934,26.09090909090909,1.3636363636363635
P01347,940000.0,30,Sassuolo,Serie A,EQG,Midfielder,280,11,0.039285714285714285,20.0,0.7857142857142857
P01348,929000.0,25,FC Porto,Primiera Liga,ESP,Forward,138,0,0.0,15.333333333333334,0.0
P01349,929000.0,27,Strasbourg,Ligue 1 Uber Eats,SEN,Forward,220,14,0.06363636363636363,20.0,1.2727272727272727
P01350,928000.0,29,Real Hispalis,La Liga,SEN,Defender,238,24,0.10084033613445378,18.307692307692307,1.8461538461538463
P01351,928000.0,30,FC Nantes,Ligue 1 Uber Eats,BRA,Defender,281,0,0.0,20.071428571428573,0.0
P01352,928000.0,30,Strasbourg,Ligue 1 Uber Eats,BEL,Goalkeeper,278,2,0.007194244604316547,19.857142857142858,0.14285714285714285
P01353,928000.0,29,Angers SCO,Ligue 1 Uber Eats,FRA,Forward,231,0,0.0,17.76923076923077,0.0
P01354,923000.0,30,Espanyol,La Liga,ESP,Goalkeeper,335,0,0.0,23.928571428571427,0.0
P01355,923000.0,31,Espanyol,La Liga,DEN,Forward,363,60,0.1652892561983471,24.2,4.0
P01356,923000.0,34,Vigo,La Liga,ARG,Goalkeeper,420,8,0.01904761904761905,23.333333333333332,0.4444444444444444
P01357,921000.0,26,Real Hispalis,La Liga,ESP,Defender,202,0,0.0,20.2,0.0
P01358,920000.0,20,FC Porto,Primiera Liga,BRA,Forward,49,0,0.0,12.25,0.0
P01359,917000.0,27,Udinese,Serie A,NGA,Defender,192,0,0.0,17.454545454545453,0.0
P01360,917000.0,23,Udinese,Serie A,CMR,Defender,53,0,0.0,7.571428571428571,0.0
P01361,914000.0,32,Brianza,Serie A,ITA,Defender,220,0,0.0,13.75,0.0
P01362,910000.0,19,Brentford,Premier League,WAL,Defender,22,0,0.0,7.333333333333333,0.0
P01363,910000.0,25,Sevilla,La Liga,ARG,Defender,92,16,0.17391304347826086,10.222222222222221,1.7777777777777777
P01364,908000.0,24,Benfica,Primiera Liga,DEN,Defender,185,3,0.016216216216216217,23.125,0.375
P01365,903000.0,25,Getafe,La Liga,TUR,Forward,257,27,0.10505836575875487,28.555555555555557,3.0
P01366,903000.0,29,Getafe,La Liga,ESP,Goalkeeper,230,0,0.0,17.692307692307693,0.0
P01367,903000.0,23,A. Bilbao,La Liga,ESP,Defender,151,0,0.0,21.571428571428573,0.0
P01368,903000.0,29,A. Bilbao,La Liga,ESP,Midfielder,268,0,0.0,20.615384615384617,0.0
P01369,902000.0,23,Sassuolo,Serie A,ITA,Defender,86,0,0.0,12.285714285714286,0.0
P01370,898000.0,31,Montpellier,Ligue 1 Uber Eats,FRA,Goalkeeper,291,0,0.0,19.4,0.0
P01371,897000.0,21,Atalanta,Serie A,ITA,Defender,43,0,0.0,8.6,0.0
P01372,897000.0,28,RC Lens,Ligue 1 Uber Eats,FRA,Goalkeeper,177,0,0.0,14.75,0.0
P01373,897000.0,26,Union Berlin,Bundesliga,NOR,Midfielder,226,9,0.03982300884955752,22.6,0.9
P01374,897000.0,25,Estoril Praia,Primiera Liga,POR,Forward,221,0,0.0,24.555555555555557,0.0
P01375,897000.0,23,FC Augsburg,Bundesliga,GER,Midfielder,117,0,0.0,16.714285714285715,0.0
P01376,897000.0,22,OGC Nice,Ligue 1 Uber Eats,FRA,Midfielder,92,0,0.0,15.333333333333334,0.0
P01377,897000.0,26,Union Berlin,Bundesliga,GER,Defender,186,0,0.0,18.6,0.0
P01378,893000.0,22,Villarreal,La Liga,ESP,Defender,139,0,0.0,23.166666666666668,0.0
P01379,893000.0,21,Villarreal,La Liga,SEN,Forward,55,0,0.0,11.0,0.0
P01380,888000.0,21,Milan,Serie A,GER,Defender,60,0,0.0,12.0,0.0
P01381,888000.0,22,Milan,Serie A,FRA,Midfielder,101,0,0.0,16.833333333333332,0.0
P01382,885000.0,25,Cremonese,Serie A,SUI,Midfielder,199,0,0.0,22.11111111111111,0.0
P01383,885000.0,23,Brianza,Serie A,ITA,Defender,175,0,0.0,25.0,0.0
P01384,885000.0,25,Cremonese,Serie A,NGA,Forward,159,0,0.0,17.666666666666668,0.0
P01385,885000.0,28,Salento,Serie A,ITA,Forward,228,0,0.0,19.0,0.0
P01386,884000.0,25,Hertha Berlin,Bundesliga,CRO,Midfielder,228,1,0.0043859649122807015,25.333333333333332,0.1111111111111111
P01387,883000.0,23,RC Lens,Ligue 1 Uber Eats,ARG,Defender,94,2,0.02127659574468085,13.428571428571429,0.2857142857142857
P01388,881000.0,38,Eintracht Frankfurt,Bundesliga,JPN,Defender,513,114,0.2222222222222222,23.318181818181817,5.181818181818182
P01389,881000.0,31,Cadiz,La Liga,ESP,Forward,332,0,0.0,22.133333333333333,0.0
P01390,881000.0,26,Cadiz,La Liga,COD,Midfielder,239,3,0.012552301255230125,23.9,0.3
P01391,878000.0,24,Hertha Berlin,Bundesliga,CIV,Forward,107,0,0.0,13.375,0.0
P01392,877000.0,31,Empoli,Serie A,ITA,Forward,289,8,0.02768166089965398,19.266666666666666,0.5333333333333333
P01393,876000.0,23,FC Porto,Primiera Liga,POR,Defender,83,0,0.0,11.857142857142858,0.0
P01394,876000.0,23,FC Nantes,Ligue 1 Uber Eats,FRA,Goalkeeper,242,0,0.0,34.57142857142857,0.0
P01395,875000.0,21,Sporting CP,Primiera Liga,URU,Midfielder,103,5,0.04854368932038835,20.6,1.0
P01396,872000.0,26,A. Madrid,La Liga,CRO,Goalkeeper,150,2,0.013333333333333334,15.0,0.2
P01397,862000.0,29,SC Freiburg,Bundesliga,ITA,Midfielder,278,6,0.02158273381294964,21.384615384615383,0.46153846153846156
P01398,862000.0,22,Bologna,Serie A,ITA,Defender,104,0,0.0,17.333333333333332,0.0
P01399,862000.0,24,Borussia Dortmund,Bundesliga,GER,Defender,74,0,0.0,9.25,0.0
P01400,862000.0,27,Hertha Berlin,Bundesliga,GER,Defender,205,0,0.0,18.636363636363637,0.0
P01401,862000.0,25,FC Augsburg,Bundesliga,BRA,Defender,104,0,0.0,11.555555555555555,0.0
P01402,862000.0,30,Union Berlin,Bundesliga,DEN,Goalkeeper,208,8,0.038461538461538464,14.857142857142858,0.5714285714285714
P01403,862000.0,30,VfL Bochum,Bundesliga,UKR,Defender,190,12,0.06315789473684211,13.571428571428571,0.8571428571428571
P01404,860000.0,29,Union Berlin,Bundesliga,FRA,Defender,248,0,0.0,19.076923076923077,0.0
P01405,860000.0,19,VfL Wolfsburg,Bundesliga,USA,Defender,48,0,0.0,16.0,0.0
P01406,860000.0,25,Mainz 05,Bundesliga,NOR,Defender,193,12,0.06217616580310881,21.444444444444443,1.3333333333333333
P01407,860000.0,35,Union Berlin,Bundesliga,AUT,Defender,421,23,0.05463182897862233,22.157894736842106,1.2105263157894737
P01408,860000.0,30,Bayer 04,Bundesliga,RUS,Goalkeeper,152,7,0.046052631578947366,10.857142857142858,0.5
P01409,860000.0,28,Union Berlin,Bundesliga,GER,Midfielder,271,0,0.0,22.583333333333332,0.0
P01410,860000.0,21,Schalke 04,Bundesliga,GER,Midfielder,70,0,0.0,14.0,0.0
P01411,860000.0,24,Mainz 05,Bundesliga,GER,Defender,92,0,0.0,11.5,0.0
P01412,860000.0,24,Verona,Serie A,NED,Defender,148,0,0.0,18.5,0.0
P01413,860000.0,25,Schalke 04,Bundesliga,NED,Defender,138,0,0.0,15.333333333333334,0.0
P01414,860000.0,21,Union Berlin,Bundesliga,GER,Forward,82,0,0.0,16.4,0.0
P01415,860000.0,21,Schalke 04,Bundesliga,AUT,Defender,78,0,0.0,15.6,0.0
P01416,860000.0,28,Schalke 04,Bundesliga,SUI,Defender,249,0,0.0,20.75,0.0
P01417,859000.0,24,AS Monaco,Ligue 1 Uber Eats,BRA,Midfielder,102,0,0.0,12.75,0.0
P01418,859000.0,29,1. FC Koln,Bundesliga,GHA,Midfielder,247,0,0.0,19.0,0.0
P01419,859000.0,22,Borussia Dortmund,Bundesliga,ESP,Defender,21,0,0.0,3.5,0.0
P01420,859000.0,27,Hoffenheim,Bundesliga,NGA,Defender,216,4,0.018518518518518517,19.636363636363637,0.36363636363636365
P01421,859000.0,27,Verona,Serie A,SVK,Midfielder,238,59,0.24789915966386555,21.636363636363637,5.363636363636363
P01422,859000.0,28,SC Freiburg,Bundesliga,AUT,Forward,355,39,0.10985915492957747,29.583333333333332,3.25
P01423,858000.0,21,Benfica,Primiera Liga,BRA,Defender,62,0,0.0,12.4,0.0
P01424,858000.0,30,Getafe,La Liga,TOG,Defender,263,67,0.25475285171102663,18.785714285714285,4.785714285714286
P01425,858000.0,26,Getafe,La Liga,URU,Midfielder,218,12,0.05504587155963303,21.8,1.2
P01426,853000.0,30,A. Bilbao,La Liga,ESP,Defender,318,0,0.0,22.714285714285715,0.0
P01427,845000.0,29,Atletico Pamplona,La Liga,ESP,Midfielder,335,0,0.0,25.76923076923077,0.0
P01428,839000.0,29,Benfica,Primiera Liga,BRA,Defender,182,0,0.0,14.0,0.0
P01429,832000.0,26,Benfica,Primiera Liga,SRB,Defender,181,9,0.049723756906077346,18.1,0.9
P01430,832000.0,32,Brighton,Premier League,ENG,Goalkeeper,272,0,0.0,17.0,0.0
P01431,831000.0,30,Espanyol,La Liga,ESP,Defender,291,0,0.0,20.785714285714285,0.0
P01432,830000.0,21,Sporting CP,Primiera Liga,POR,Defender,53,0,0.0,10.6,0.0
P01433,830000.0,37,Cadiz,La Liga,ESP,Forward,593,21,0.03541315345699832,28.238095238095237,1.0
P01434,830000.0,29,Cadiz,La Liga,HON,Forward,354,40,0.11299435028248588,27.23076923076923,3.076923076923077
P01435,830000.0,33,Valladolid,La Liga,ESP,Forward,356,0,0.0,20.941176470588236,0.0
P01436,830000.0,30,Elche,La Liga,ESP,Defender,328,0,0.0,23.428571428571427,0.0
P01437,829000.0,24,FC Augsburg,Bundesliga,GER,Midfielder,187,0,0.0,23.375,0.0
P01438,829000.0,22,Benfica,Primiera Liga,DEN,Forward,77,0,0.0,12.833333333333334,0.0
P01439,828000.0,21,Sassuolo,Serie A,URU,Forward,67,4,0.05970149253731343,13.4,0.8
P01440,827000.0,24,Benfica,Primiera Liga,CRO,Forward,149,0,0.0,18.625,0.0
P01441,825000.0,34,Reims,Ligue 1 Uber Eats,MAR,Defender,319,10,0.03134796238244514,17.72222222222222,0.5555555555555556
P01442,825000.0,24,FC Nantes,Ligue 1 Uber Eats,FRA,Midfielder,211,0,0.0,26.375,0.0
P01443,825000.0,28,Strasbourg,Ligue 1 Uber Eats,CIV,Midfielder,196,2,0.01020408163265306,16.333333333333332,0.16666666666666666
P01444,824000.0,35,Real Hispalis,La Liga,MEX,Midfielder,475,175,0.3684210526315789,25.0,9.210526315789474
P01445,818000.0,22,Inter,Serie A,ITA,Defender,63,0,0.0,10.5,0.0
P01446,818000.0,25,FC Porto,Primiera Liga,CAN,Midfielder,202,24,0.1188118811881188,22.444444444444443,2.6666666666666665
P01447,817000.0,28,Schalke 04,Bundesliga,FIN,Defender,256,60,0.234375,21.333333333333332,5.0
P01448,817000.0,21,VfL Wolfsburg,Bundesliga,GER,Defender,75,0,0.0,15.0,0.0
P01449,815000.0,21,RC Lens,Ligue 1 Uber Eats,POR,Forward,46,0,0.0,9.2,0.0
P01450,815000.0,22,RC Lens,Ligue 1 Uber Eats,GHA,Midfielder,48,0,0.0,8.0,0.0
P01451,813000.0,27,Getafe,La Liga,POR,Defender,242,3,0.012396694214876033,22.0,0.2727272727272727
P01452,807000.0,25,Valladolid,La Liga,MAR,Midfielder,159,22,0.13836477987421383,17.666666666666668,2.4444444444444446
P01453,807000.0,23,Salernitana,Serie A,NOR,Midfielder,139,0,0.0,19.857142857142858,0.0
P01454,803000.0,29,A. Bilbao,La Liga,ESP,Defender,233,0,0.0,17.923076923076923,0.0
P01455,802000.0,24,Torino,Serie A,ENG,Midfielder,125,0,0.0,15.625,0.0
P01456,802000.0,41,Sassuolo,Serie A,ITA,Goalkeeper,361,0,0.0,14.44,0.0
P01457,802000.0,39,Sampdoria,Serie A,ITA,Forward,625,28,0.0448,27.17391304347826,1.2173913043478262
P01458,802000.0,31,Udinese,Serie A,ITA,Goalkeeper,289,0,0.0,19.266666666666666,0.0
P01459,802000.0,22,Bournemouth,Premier League,CIV,Midfielder,139,4,0.02877697841726619,23.166666666666668,0.6666666666666666
P01460,802000.0,24,Sassuolo,Serie A,ITA,Defender,102,0,0.0,12.75,0.0
P01461,802000.0,30,Verona,Serie A,ITA,Defender,316,0,0.0,22.571428571428573,0.0
P01462,802000.0,30,Verona,Serie A,ITA,Defender,286,0,0.0,20.428571428571427,0.0
P01463,802000.0,24,Spezia,Serie A,POL,Midfielder,163,5,0.03067484662576687,20.375,0.625
P01464,802000.0,36,Verona,Serie A,POR,Midfielder,400,56,0.14,20.0,2.8
P01465,802000.0,25,Estoril Praia,Primiera Liga,BRA,Forward,188,0,0.0,20.88888888888889,0.0
P01466,800000.0,24,FC Porto,Primiera Liga,BRA,Midfielder,191,0,0.0,23.875,0.0
P01467,798000.0,24,Hertha Berlin,Bundesliga,URU,Defender,94,1,0.010638297872340425,11.75,0.125
P01468,797000.0,28,Bologna,Serie A,GRE,Defender,222,6,0.02702702702702703,18.5,0.5
P01469,797000.0,29,Empoli,Serie A,CIV,Midfielder,226,16,0.07079646017699115,17.384615384615383,1.2307692307692308
P01470,797000.0,27,Fiorentina,Serie A,CZE,Midfielder,203,31,0.15270935960591134,18.454545454545453,2.8181818181818183
P01471,797000.0,25,Salernitana,Serie A,ITA,Forward,168,0,0.0,18.666666666666668,0.0
P01472,797000.0,23,Almeria,La Liga,ESP,Defender,192,1,0.005208333333333333,27.428571428571427,0.14285714285714285
P01473,793000.0,21,Spezia,Serie A,ITA,Midfielder,117,0,0.0,23.4,0.0
P01474,791000.0,27,Sporting CP,Primiera Liga,JPN,Midfielder,203,15,0.07389162561576355,18.454545454545453,1.3636363636363635
P01475,787000.0,40,Villarreal,La Liga,ESP,Goalkeeper,677,36,0.053175775480059084,28.208333333333332,1.5
P01476,787000.0,23,Mallorca,La Liga,ESP,Midfielder,192,0,0.0,27.428571428571427,0.0
P01477,786000.0,22,Reims,Ligue 1 Uber Eats,BEL,Defender,91,0,0.0,15.166666666666666,0.0
P01478,785000.0,34,Vallecano,La Liga,ARG,Midfielder,482,0,0.0,26.77777777777778,0.0
P01479,785000.0,27,Vallecano,La Liga,ESP,Midfielder,290,0,0.0,26.363636363636363,0.0
P01480,785000.0,25,Hertha Berlin,Bundesliga,ENG,Defender,121,0,0.0,13.444444444444445,0.0
P01481,785000.0,21,Benfica,Primiera Liga,POR,Forward,79,0,0.0,15.8,0.0
P01482,785000.0,25,Eintracht Frankfurt,Bundesliga,CRO,Midfielder,164,4,0.024390243902439025,18.22222222222222,0.4444444444444444
P01483,785000.0,28,Hertha Berlin,Bundesliga,NED,Midfielder,263,1,0.0038022813688212928,21.916666666666668,0.08333333333333333
P01484,780000.0,18,Chelsea,Premier League,ENG,Midfielder,0,0,0.0,0.0,0.0
P01485,780000.0,32,Nottm Forest,Premier League,IRL,Midfielder,358,19,0.05307262569832402,22.375,1.1875
P01486,780000.0,22,Chelsea,Premier League,ENG,Midfielder,114,4,0.03508771929824561,19.0,0.6666666666666666
P01487,780000.0,29,Wolves,Premier League,ENG,Goalkeeper,404,0,0.0,31.076923076923077,0.0
P01488,780000.0,18,Brighton,Premier League,PAR,Forward,59,5,0.0847457627118644,29.5,2.5
P01489,780000.0,32,Nottm Forest,Premier League,MSR,Forward,472,13,0.02754237288135593,29.5,0.8125
P01490,780000.0,19,Brighton,Premier League,ENG,Defender,32,0,0.0,10.666666666666666,0.0
P01491,780000.0,24,Nottm Forest,Premier League,ENG,Forward,167,0,0.0,20.875,0.0
P01492,780000.0,25,Fulham,Premier League,SVK,Goalkeeper,192,17,0.08854166666666667,21.333333333333332,1.8888888888888888
P01493,780000.0,23,Santa Clara,Primiera Liga,POR,Midfielder,77,0,0.0,11.0,0.0
P01494,780000.0,21,Leeds,Premier League,NOR,Goalkeeper,99,0,0.0,19.8,0.0
P01495,780000.0,19,Liverpool,Premier League,SCO,Defender,28,0,0.0,9.333333333333334,0.0
P01496,778000.0,29,FC Lorient,Ligue 1 Uber Eats,FRA,Midfielder,239,0,0.0,18.384615384615383,0.0
P01497,776000.0,27,Torino,Serie A,KOS,Defender,212,45,0.21226415094339623,19.272727272727273,4.090909090909091
P01498,776000.0,24,Fiorentina,Serie A,BRA,Defender,143,0,0.0,17.875,0.0
P01499,776000.0,24,Bologna,Serie A,ARG,Midfielder,152,11,0.07236842105263158,19.0,1.375
P01500,776000.0,22,Capitoline,Serie A,FRA,Defender,36,0,0.0,6.0,0.0
P01501,776000.0,30,Bologna,Serie A,ITA,Goalkeeper,256,0,0.0,18.285714285714285,0.0
P01502,776000.0,28,Sassuolo,Serie A,GER,Defender,184,0,0.0,15.333333333333334,0.0
P01503,776000.0,21,Real Hispalis,La Liga,BRA,Forward,77,0,0.0,15.4,0.0
P01504,776000.0,23,Elche,La Liga,ESP,Midfielder,101,0,0.0,14.428571428571429,0.0
P01505,776000.0,20,Atletico Pamplona,La Liga,MAR,Midfielder,90,0,0.0,22.5,0.0
P01506,774000.0,25,Vigo,La Liga,ESP,Goalkeeper,120,0,0.0,13.333333333333334,0.0
P01507,774000.0,21,OL,Ligue 1 Uber Eats,CIV,Defender,44,9,0.20454545454545456,8.8,1.8
P01508,774000.0,27,Schalke 04,Bundesliga,GER,Defender,234,0,0.0,21.272727272727273,0.0
P01509,774000.0,24,AS Monaco,Ligue 1 Uber Eats,FRA,Defender,117,0,0.0,14.625,0.0
P01510,774000.0,28,Union Berlin,Bundesliga,GER,Midfielder,276,0,0.0,23.0,0.0
P01511,774000.0,26,VfB Stuttgart,Bundesliga,GER,Defender,167,0,0.0,16.7,0.0
P01512,772000.0,23,AS Monaco,Ligue 1 Uber Eats,SEN,Defender,104,0,0.0,14.857142857142858,0.0
P01513,770000.0,22,Salernitana,Serie A,NOR,Forward,124,0,0.0,20.666666666666668,0.0
P01514,770000.0,20,Salento,Serie A,ESP,Midfielder,3,0,0.0,0.75,0.0
P01515,770000.0,27,Salernitana,Serie A,TUN,Defender,218,35,0.16055045871559634,19.818181818181817,3.1818181818181817
P01516,767000.0,28,Brianza,Serie A,ITA,Midfielder,317,0,0.0,26.416666666666668,0.0
P01517,762000.0,27,Valencia,La Liga,ESP,Midfielder,286,0,0.0,26.0,0.0
P01518,756000.0,29,Sporting CP,Primiera Liga,POR,Defender,270,0,0.0,20.76923076923077,0.0
P01519,756000.0,28,Atletico Pamplona,La Liga,ESP,Midfielder,343,0,0.0,28.583333333333332,0.0
P01520,755000.0,27,Sporting CP,Primiera Liga,BRA,Midfielder,123,0,0.0,11.181818181818182,0.0
P01521,752000.0,23,FC Augsburg,Bundesliga,ENG,Defender,94,0,0.0,13.428571428571429,0.0
P01522,752000.0,33,VfL Bochum,Bundesliga,GER,Goalkeeper,433,0,0.0,25.470588235294116,0.0
P01523,752000.0,29,SC Freiburg,Bundesliga,GER,Defender,319,6,0.018808777429467086,24.53846153846154,0.46153846153846156
P01524,751000.0,27,Sporting CP,Primiera Liga,POR,Forward,158,0,0.0,14.363636363636363,0.0
P01525,748000.0,19,Borussia M'gladbach,Bundesliga,USA,Defender,55,2,0.03636363636363636,18.333333333333332,0.6666666666666666
P01526,747000.0,29,RC Lens,Ligue 1 Uber Eats,FRA,Defender,270,0,0.0,20.76923076923077,0.0
P01527,742000.0,27,VfL Bochum,Bundesliga,CMR,Midfielder,236,29,0.1228813559322034,21.454545454545453,2.6363636363636362
P01528,741000.0,27,Vallecano,La Liga,ESP,Defender,291,0,0.0,26.454545454545453,0.0
P01529,740000.0,27,Sporting CP,Primiera Liga,POR,Defender,203,0,0.0,18.454545454545453,0.0
P01530,738000.0,33,Espanyol,La Liga,ESP,Defender,343,1,0.0029154518950437317,20.176470588235293,0.058823529411764705
P01531,736000.0,23,LOSC,Ligue 1 Uber Eats,KOS,Midfielder,101,28,0.27722772277227725,14.428571428571429,4.0
P01532,735000.0,30,Villarreal,La Liga,COL,Defender,271,21,0.07749077490774908,19.357142857142858,1.5
P01533,733000.0,23,BRG,Primiera Liga,FRA,Defender,114,0,0.0,16.285714285714285,0.0
P01534,731000.0,21,Schalke 04,Bundesliga,GER,Defender,40,0,0.0,8.0,0.0
P01535,731000.0,23,Mainz 05,Bundesliga,GER,Midfielder,127,2,0.015748031496062992,18.142857142857142,0.2857142857142857
P01536,731000.0,23,Schalke 04,Bundesliga,GER,Defender,50,0,0.0,7.142857142857143,0.0
P01537,731000.0,34,Borussia M'gladbach,Bundesliga,GER,Goalkeeper,235,0,0.0,13.055555555555555,0.0
P01538,731000.0,29,Mainz 05,Bundesliga,GER,Defender,206,0,0.0,15.846153846153847,0.0
P01539,731000.0,28,Schalke 04,Bundesliga,TUR,Forward,218,31,0.14220183486238533,18.166666666666668,2.5833333333333335
P01540,729000.0,25,VfB Stuttgart,Bundesliga,POR,Defender,176,0,0.0,19.555555555555557,0.0
P01541,727000.0,33,Real Hispalis,La Liga,ESP,Defender,349,0,0.0,20.529411764705884,0.0
P01542,726000.0,32,Cadiz,La Liga,ESP,Defender,299,0,0.0,18.6875,0.0
P01543,726000.0,29,Cadiz,La Liga,ARG,Goalkeeper,141,0,0.0,10.846153846153847,0.0
P01544,726000.0,20,Capitoline,Serie A,POL,Defender,20,5,0.25,5.0,1.25
P01545,723000.0,23,VfB Stuttgart,Bundesliga,JPN,Defender,95,3,0.031578947368421054,13.571428571428571,0.42857142857142855
P01546,722000.0,25,Cadiz,La Liga,ESP,Midfielder,230,0,0.0,25.555555555555557,0.0
P01547,722000.0,30,Cadiz,La Liga,ESP,Defender,253,0,0.0,18.071428571428573,0.0
P01548,722000.0,38,Rennes,Ligue 1 Uber Eats,FRA,Goalkeeper,227,0,0.0,10.318181818181818,0.0
P01549,722000.0,28,Strasbourg,Ligue 1 Uber Eats,GHA,Defender,195,17,0.08717948717948718,16.25,1.4166666666666667
P01550,721000.0,28,Strasbourg,Ligue 1 Uber Eats,BIH,Midfielder,183,14,0.07650273224043716,15.25,1.1666666666666667
P01551,718000.0,24,Salento,Serie A,ITA,Defender,115,0,0.0,14.375,0.0
P01552,717000.0,29,Reims,Ligue 1 Uber Eats,JPN,Midfielder,257,36,0.14007782101167315,19.76923076923077,2.769230769230769
P01553,716000.0,25,Brianza,Serie A,ITA,Goalkeeper,162,0,0.0,18.0,0.0
P01554,716000.0,30,Parthenope,Serie A,POL,Defender,282,43,0.1524822695035461,20.142857142857142,3.0714285714285716
P01555,713000.0,19,Empoli,Serie A,ITA,Forward,5,0,0.0,1.6666666666666667,0.0
P01556,713000.0,24,Cremonese,Serie A,GEO,Defender,119,0,0.0,14.875,0.0
P01557,713000.0,25,Salernitana,Serie A,FRA,Defender,221,0,0.0,24.555555555555557,0.0
P01558,713000.0,25,FC Augsburg,Bundesliga,FRA,Forward,139,0,0.0,15.444444444444445,0.0
P01559,712000.0,28,Atletico Pamplona,La Liga,ESP,Defender,269,0,0.0,22.416666666666668,0.0
P01560,712000.0,33,Atletico Pamplona,La Liga,ESP,Defender,350,0,0.0,20.58823529411765,0.0
P01561,712000.0,24,Atletico Pamplona,La Liga,ESP,Midfielder,170,0,0.0,21.25,0.0
P01562,712000.0,29,Real San Sebastian,La Liga,ESP,Defender,271,0,0.0,20.846153846153847,0.0
P01563,712000.0,26,Real San Sebastian,La Liga,ESP,Defender,177,0,0.0,17.7,0.0
P01564,704000.0,23,Cremonese,Serie A,MEX,Defender,158,6,0.0379746835443038,22.571428571428573,0.8571428571428571
P01565,702000.0,19,OL,Ligue 1 Uber Eats,FRA,Midfielder,59,0,0.0,19.666666666666668,0.0
P01566,702000.0,22,OM,Ligue 1 Uber Eats,MAR,Midfielder,74,7,0.0945945945945946,12.333333333333334,1.1666666666666667
P01567,702000.0,34,A. Bilbao,La Liga,ESP,Defender,393,0,0.0,21.833333333333332,0.0
P01568,699000.0,25,Hertha Berlin,Bundesliga,CRO,Defender,174,6,0.034482758620689655,19.333333333333332,0.6666666666666666
P01569,697000.0,35,AC Ajaccio,Ligue 1 Uber Eats,FRA,Midfielder,477,0,0.0,25.105263157894736,0.0
P01570,695000.0,32,LOSC,Ligue 1 Uber Eats,FRA,Midfielder,267,0,0.0,16.6875,0.0
P01571,695000.0,20,Sporting CP,Primiera Liga,GRE,Midfielder,68,5,0.07352941176470588,17.0,1.25
P01572,692000.0,32,Espanyol,La Liga,ESP,Forward,393,0,0.0,24.5625,0.0
P01573,690000.0,32,SC Freiburg,Bundesliga,FRA,Defender,363,0,0.0,22.6875,0.0
P01574,688000.0,21,OGC Nice,Ligue 1 Uber Eats,FRA,Defender,54,0,0.0,10.8,0.0
P01575,688000.0,25,Schalke 04,Bundesliga,GER,Midfielder,145,0,0.0,16.11111111111111,0.0
P01576,688000.0,31,VfB Stuttgart,Bundesliga,JPN,Midfielder,406,73,0.17980295566502463,27.066666666666666,4.866666666666666
P01577,688000.0,32,Union Berlin,Bundesliga,GER,Midfielder,323,0,0.0,20.1875,0.0
P01578,688000.0,23,Mainz 05,Bundesliga,NED,Forward,96,0,0.0,13.714285714285714,0.0
P01579,688000.0,30,Schalke 04,Bundesliga,FRA,Defender,269,0,0.0,19.214285714285715,0.0
P01580,687000.0,25,Valencia,La Liga,GUI,Defender,137,0,0.0,15.222222222222221,0.0
P01581,687000.0,29,VfL Bochum,Bundesliga,GER,Defender,270,0,0.0,20.76923076923077,0.0
P01582,687000.0,23,Union Berlin,Bundesliga,GER,Goalkeeper,84,0,0.0,12.0,0.0
P01583,684000.0,29,Sampdoria,Serie A,ESP,Forward,280,0,0.0,21.53846153846154,0.0
P01584,679000.0,22,Real Hispalis,La Liga,ESP,Midfielder,103,0,0.0,17.166666666666668,0.0
P01585,679000.0,25,Real Hispalis,La Liga,ESP,Defender,152,0,0.0,16.88888888888889,0.0
P01586,674000.0,24,Strasbourg,Ligue 1 Uber Eats,FRA,Midfielder,157,0,0.0,19.625,0.0
P01587,672000.0,34,FC Augsburg,Bundesliga,POL,Goalkeeper,291,0,0.0,16.166666666666668,0.0
P01588,672000.0,22,Troyes,Ligue 1 Uber Eats,CRO,Midfielder,107,0,0.0,17.833333333333332,0.0
P01589,672000.0,31,Angers SCO,Ligue 1 Uber Eats,ALG,Defender,247,37,0.14979757085020243,16.466666666666665,2.466666666666667
P01590,672000.0,32,Eintracht Frankfurt,Bundesliga,USA,Defender,315,29,0.09206349206349207,19.6875,1.8125
P01591,672000.0,23,Sassuolo,Serie A,NOR,Midfielder,149,17,0.11409395973154363,21.285714285714285,2.4285714285714284
P01592,672000.0,25,Valencia,La Liga,BRA,Forward,180,0,0.0,20.0,0.0
P01593,672000.0,23,RC Lens,Ligue 1 Uber Eats,AUT,Defender,123,10,0.08130081300813008,17.571428571428573,1.4285714285714286
P01594,672000.0,27,Angers SCO,Ligue 1 Uber Eats,ALG,Midfielder,166,35,0.21084337349397592,15.090909090909092,3.1818181818181817
P01595,672000.0,26,AS Monaco,Ligue 1 Uber Eats,FRA,Goalkeeper,206,0,0.0,20.6,0.0
P01596,672000.0,35,Hertha Berlin,Bundesliga,SVK,Defender,429,112,0.26107226107226106,22.57894736842105,5.894736842105263
P01597,672000.0,21,Hoffenheim,Bundesliga,GER,Midfielder,81,0,0.0,16.2,0.0
P01598,672000.0,24,Hertha Berlin,Bundesliga,GER,Midfielder,193,0,0.0,24.125,0.0
P01599,672000.0,29,Montpellier,Ligue 1 Uber Eats,FRA,Defender,248,0,0.0,19.076923076923077,0.0
P01600,672000.0,23,VfB Stuttgart,Bundesliga,FRA,Defender,71,0,0.0,10.142857142857142,0.0
P01601,672000.0,28,Montpellier,Ligue 1 Uber Eats,GUI,Defender,248,68,0.27419354838709675,20.666666666666668,5.666666666666667
P01602,672000.0,24,SC Freiburg,Bundesliga,JPN,Midfielder,174,26,0.14942528735632185,21.75,3.25
P01603,672000.0,27,Rennes,Ligue 1 Uber Eats,FRA,Midfielder,297,0,0.0,27.0,0.0
P01604,672000.0,22,RC Lens,Ligue 1 Uber Eats,BEL,Forward,107,3,0.028037383177570093,17.833333333333332,0.5
P01605,672000.0,28,1. FC Koln,Bundesliga,DEN,Defender,327,1,0.0030581039755351682,27.25,0.08333333333333333
P01606,672000.0,25,Union Berlin,Bundesliga,TUN,Midfielder,157,22,0.14012738853503184,17.444444444444443,2.4444444444444446
P01607,672000.0,20,Rennes,Ligue 1 Uber Eats,BEL,Forward,82,10,0.12195121951219512,20.5,2.5
P01608,672000.0,28,Elche,La Liga,ARG,Defender,179,0,0.0,14.916666666666666,0.0
P01609,670000.0,31,Montpellier,Ligue 1 Uber Eats,POR,Defender,280,1,0.0035714285714285713,18.666666666666668,0.06666666666666667
P01610,668000.0,27,Rennes,Ligue 1 Uber Eats,POR,Midfielder,205,0,0.0,18.636363636363637,0.0
P01611,667000.0,28,Atletico Pamplona,La Liga,ARG,Forward,218,0,0.0,18.166666666666668,0.0
P01612,664000.0,26,Udinese,Serie A,BRA,Defender,146,0,0.0,14.6,0.0
P01613,664000.0,24,Sassuolo,Serie A,FRA,Midfielder,182,0,0.0,22.75,0.0
P01614,664000.0,20,Atalanta,Serie A,FRA,Defender,38,0,0.0,9.5,0.0
P01615,664000.0,21,Brianza,Serie A,BUL,Defender,78,11,0.14102564102564102,15.6,2.2
P01616,664000.0,32,Udinese,Serie A,GER,Midfielder,303,0,0.0,18.9375,0.0
P01617,664000.0,26,Salernitana,Serie A,MLI,Midfielder,164,29,0.17682926829268292,16.4,2.9
P01618,663000.0,37,Hertha Berlin,Bundesliga,NOR,Goalkeeper,399,72,0.18045112781954886,19.0,3.4285714285714284
P01619,662000.0,24,Espanyol,La Liga,ESP,Goalkeeper,130,1,0.007692307692307693,16.25,0.125
P01620,661000.0,22,FC Porto,Primiera Liga,POR,Defender,90,0,0.0,15.0,0.0
P01621,661000.0,26,Real San Sebastian,La Liga,ESP,Forward,208,0,0.0,20.8,0.0
P01622,660000.0,27,Sporting CP,Primiera Liga,BRA,Defender,155,0,0.0,14.090909090909092,0.0
P01623,658000.0,29,Salernitana,Serie A,NGA,Defender,226,62,0.2743362831858407,17.384615384615383,4.769230769230769
P01624,657000.0,25,Almeria,La Liga,ARG,Midfielder,117,0,0.0,13.0,0.0
P01625,657000.0,30,Almeria,La Liga,ESP,Midfielder,277,0,0.0,19.785714285714285,0.0
P01626,655000.0,21,Salento,Serie A,ZAM,Forward,73,4,0.0547945205479452,14.6,0.8
P01627,655000.0,28,Salento,Serie A,GAM,Forward,180,32,0.17777777777777778,15.0,2.6666666666666665
P01628,655000.0,37,Cremonese,Serie A,ITA,Forward,543,0,0.0,25.857142857142858,0.0
P01629,655000.0,21,Sassuolo,Serie A,NOR,Forward,110,0,0.0,22.0,0.0
P01630,654000.0,30,Elche,La Liga,ESP,Goalkeeper,342,0,0.0,24.428571428571427,0.0
P01631,654000.0,36,Vallecano,La Liga,COL,Forward,419,102,0.24343675417661098,20.95,5.1
P01632,654000.0,33,Valladolid,La Liga,ESP,Goalkeeper,340,1,0.0029411764705882353,20.0,0.058823529411764705
P01633,654000.0,25,Vallecano,La Liga,ESP,Midfielder,207,0,0.0,23.0,0.0
P01634,654000.0,40,Vallecano,La Liga,ESP,Goalkeeper,559,1,0.0017889087656529517,23.291666666666668,0.041666666666666664
P01635,653000.0,30,Rennes,Ligue 1 Uber Eats,MLI,Defender,292,42,0.14383561643835616,20.857142857142858,3.0
P01636,650000.0,18,Sporting CP,Primiera Liga,CIV,Defender,0,0,0.0,0.0,0.0
P01637,650000.0,25,SC Freiburg,Bundesliga,GER,Midfielder,250,0,0.0,27.77777777777778,0.0
P01638,649000.0,22,OGC Nice,Ligue 1 Uber Eats,ALG,Midfielder,106,10,0.09433962264150944,17.666666666666668,1.6666666666666667
P01639,649000.0,22,FC Lorient,Ligue 1 Uber Eats,FRA,Midfielder,106,0,0.0,17.666666666666668,0.0
P01640,646000.0,31,Espanyol,La Liga,URU,Defender,398,0,0.0,26.533333333333335,0.0
P01641,646000.0,27,OM,Ligue 1 Uber Eats,ESP,Goalkeeper,180,0,0.0,16.363636363636363,0.0
P01642,645000.0,21,VfL Wolfsburg,Bundesliga,GER,Midfielder,21,0,0.0,4.2,0.0
P01643,645000.0,29,Brianza,Serie A,ITA,Forward,302,1,0.0033112582781456954,23.23076923076923,0.07692307692307693
P01644,645000.0,31,Brest,Ligue 1 Uber Eats,NED,Goalkeeper,290,1,0.0034482758620689655,19.333333333333332,0.06666666666666667
P01645,645000.0,29,Union Berlin,Bundesliga,GER,Midfielder,262,0,0.0,20.153846153846153,0.0
P01646,645000.0,24,VfB Stuttgart,Bundesliga,GER,Midfielder,155,0,0.0,19.375,0.0
P01647,645000.0,20,1. FC Koln,Bundesliga,GER,Midfielder,74,0,0.0,18.5,0.0
P01648,645000.0,20,Borussia M'gladbach,Bundesliga,GER,Goalkeeper,47,0,0.0,11.75,0.0
P01649,645000.0,33,SV Werder,Bundesliga,GER,Defender,385,0,0.0,22.647058823529413,0.0
P01650,645000.0,24,FC Augsburg,Bundesliga,GER,Defender,125,0,0.0,15.625,0.0
P01651,645000.0,25,SC Freiburg,Bundesliga,HUN,Midfielder,194,36,0.18556701030927836,21.555555555555557,4.0
P01652,645000.0,28,Schalke 04,Bundesliga,SUI,Forward,305,0,0.0,25.416666666666668,0.0
P01653,645000.0,21,VfL Wolfsburg,Bundesliga,NED,Defender,64,0,0.0,12.8,0.0
P01654,643000.0,22,Clermont,Ligue 1 Uber Eats,GHA,Defender,49,2,0.04081632653061224,8.166666666666666,0.3333333333333333
P01655,642000.0,26,RC Lens,Ligue 1 Uber Eats,POL,Forward,180,9,0.05,18.0,0.9
P01656,642000.0,28,RC Lens,Ligue 1 Uber Eats,FRA,Defender,231,0,0.0,19.25,0.0
P01657,638000.0,21,Torino,Serie A,CZE,Defender,58,11,0.1896551724137931,11.6,2.2
P01658,638000.0,27,Fiorentina,Serie A,ITA,Defender,200,0,0.0,18.181818181818183,0.0
P01659,638000.0,39,Spezia,Serie A,ITA,Goalkeeper,358,11,0.030726256983240222,15.565217391304348,0.4782608695652174
P01660,638000.0,23,Bologna,Serie A,SCO,Midfielder,150,4,0.02666666666666667,21.428571428571427,0.5714285714285714
P01661,638000.0,31,Brianza,Serie A,ITA,Defender,338,0,0.0,22.533333333333335,0.0
P01662,638000.0,28,Cremonese,Serie A,ITA,Defender,131,0,0.0,10.916666666666666,0.0
P01663,638000.0,26,Spezia,Serie A,ANG,Forward,183,5,0.0273224043715847,18.3,0.5
P01664,638000.0,22,Salernitana,Serie A,ITA,Defender,64,0,0.0,10.666666666666666,0.0
P01665,638000.0,30,Spezia,Serie A,ITA,Defender,175,0,0.0,12.5,0.0
P01666,638000.0,26,Spezia,Serie A,ITA,Forward,188,0,0.0,18.8,0.0
P01667,638000.0,22,Parthenope,Serie A,ITA,Midfielder,86,0,0.0,14.333333333333334,0.0
P01668,638000.0,25,Sassuolo,Serie A,ITA,Defender,77,0,0.0,8.555555555555555,0.0
P01669,638000.0,25,Torino,Serie A,SRB,Goalkeeper,94,4,0.0425531914893617,10.444444444444445,0.4444444444444444
P01670,638000.0,23,Spezia,Serie A,COL,Midfielder,109,0,0.0,15.571428571428571,0.0
P01671,636000.0,25,Capitoline,Serie A,GUI,Midfielder,163,21,0.12883435582822086,18.11111111111111,2.3333333333333335
P01672,636000.0,21,Capitoline,Serie A,GAM,Midfielder,6,13,2.1666666666666665,1.2,2.6
P01673,636000.0,25,Cadiz,La Liga,ESP,Defender,205,0,0.0,22.77777777777778,0.0
P01674,632000.0,27,Getafe,La Liga,ESP,Midfielder,245,0,0.0,22.272727272727273,0.0
P01675,632000.0,25,Getafe,La Liga,ESP,Forward,197,0,0.0,21.88888888888889,0.0
P01676,628000.0,31,Toulouse FC,Ligue 1 Uber Eats,BEL,Midfielder,323,0,0.0,21.533333333333335,0.0
P01677,624000.0,21,Liverpool,Premier League,ENG,Defender,40,0,0.0,8.0,0.0
P01678,624000.0,20,Brighton,Premier League,ECU,Forward,5,12,2.4,1.25,3.0
P01679,624000.0,20,Schalke 04,Bundesliga,NED,Defender,88,0,0.0,22.0,0.0
P01680,621000.0,28,FC Lorient,Ligue 1 Uber Eats,SUI,Goalkeeper,225,4,0.017777777777777778,18.75,0.3333333333333333
P01681,620000.0,21,Eintracht Frankfurt,Bundesliga,FRA,Defender,69,0,0.0,13.8,0.0
P01682,619000.0,25,Montpellier,Ligue 1 Uber Eats,MLI,Defender,160,21,0.13125,17.77777777777778,2.3333333333333335
P01683,619000.0,27,Reims,Ligue 1 Uber Eats,BEL,Defender,350,10,0.02857142857142857,31.818181818181817,0.9090909090909091
P01684,619000.0,22,LOSC,Ligue 1 Uber Eats,USA,Forward,75,25,0.3333333333333333,12.5,4.166666666666667
P01685,619000.0,25,Angers SCO,Ligue 1 Uber Eats,CIV,Defender,128,4,0.03125,14.222222222222221,0.4444444444444444
P01686,619000.0,26,Strasbourg,Ligue 1 Uber Eats,RSA,Forward,117,14,0.11965811965811966,11.7,1.4
P01687,616000.0,24,FC Porto,Primiera Liga,POR,Midfielder,60,0,0.0,7.5,0.0
P01688,612000.0,24,Spezia,Serie A,FRA,Defender,175,0,0.0,21.875,0.0
P01689,608000.0,23,OGC Nice,Ligue 1 Uber Eats,BDI,Defender,85,17,0.2,12.142857142857142,2.4285714285714284
P01690,605000.0,27,1. FC Koln,Bundesliga,GER,Goalkeeper,272,0,0.0,24.727272727272727,0.0
P01691,605000.0,24,Sporting CP,Primiera Liga,CPV,Forward,108,5,0.046296296296296294,13.5,0.625
P01692,603000.0,24,VfB Stuttgart,Bundesliga,CRO,Defender,127,6,0.047244094488188976,15.875,0.75
P01693,602000.0,22,Parthenope,Serie A,ITA,Forward,77,13,0.16883116883116883,12.833333333333334,2.1666666666666665
P01694,602000.0,25,Vigo,La Liga,ESP,Defender,137,1,0.0072992700729927005,15.222222222222221,0.1111111111111111
P01695,598000.0,27,Reims,Ligue 1 Uber Eats,KOS,Forward,193,29,0.15025906735751296,17.545454545454547,2.6363636363636362
P01696,598000.0,24,Salernitana,Serie A,CYP,Midfielder,125,47,0.376,15.625,5.875
P01697,597000.0,30,SV Werder,Bundesliga,GER,Defender,331,0,0.0,23.642857142857142,0.0
P01698,590000.0,24,1. FC Koln,Bundesliga,GER,Defender,104,0,0.0,13.0,0.0
P01699,583000.0,24,BRG,Primiera Liga,SRB,Midfielder,159,8,0.050314465408805034,19.875,1.0
P01700,583000.0,22,SV Werder,Bundesliga,GER,Defender,92,0,0.0,15.333333333333334,0.0
P01701,581000.0,27,Toulouse FC,Ligue 1 Uber Eats,NED,Midfielder,261,0,0.0,23.727272727272727,0.0
P01702,578000.0,31,Atletico Pamplona,La Liga,ESP,Defender,327,0,0.0,21.8,0.0
P01703,576000.0,23,Barcelona,La Liga,ESP,Goalkeeper,65,0,0.0,9.285714285714286,0.0
P01704,576000.0,20,Valencia,La Liga,ESP,Midfielder,56,0,0.0,14.0,0.0
P01705,572000.0,24,LOSC,Ligue 1 Uber Eats,GUI,Forward,115,21,0.1826086956521739,14.375,2.625
P01706,572000.0,24,Sporting CP,Primiera Liga,BRA,Forward,122,0,0.0,15.25,0.0
P01707,572000.0,23,VfB Stuttgart,Bundesliga,COD,Midfielder,109,0,0.0,15.571428571428571,0.0
P01708,572000.0,27,AJ Auxerre,Ligue 1 Uber Eats,ALG,Defender,173,1,0.005780346820809248,15.727272727272727,0.09090909090909091
P01709,572000.0,29,Clermont,Ligue 1 Uber Eats,SEN,Goalkeeper,106,0,0.0,8.153846153846153,0.0
P01710,572000.0,33,Clermont,Ligue 1 Uber Eats,FRA,Midfielder,342,8,0.023391812865497075,20.11764705882353,0.47058823529411764
P01711,570000.0,21,OL,Ligue 1 Uber Eats,SWE,Forward,71,0,0.0,14.2,0.0
P01712,568000.0,24,Milan,Serie A,COL,Goalkeeper,28,0,0.0,3.5,0.0
P01713,568000.0,23,OGC Nice,Ligue 1 Uber Eats,SUI,Defender,168,7,0.041666666666666664,24.0,1.0
P01714,567000.0,27,1. FC Koln,Bundesliga,GER,Defender,199,0,0.0,18.09090909090909,0.0
P01715,567000.0,29,Troyes,Ligue 1 Uber Eats,FRA,Midfielder,292,0,0.0,22.46153846153846,0.0
P01716,567000.0,36,RC Lens,Ligue 1 Uber Eats,FRA,Goalkeeper,275,0,0.0,13.75,0.0
P01717,567000.0,27,RC Lens,Ligue 1 Uber Eats,FRA,Forward,177,0,0.0,16.09090909090909,0.0
P01718,567000.0,32,Elche,La Liga,ESP,Defender,316,0,0.0,19.75,0.0
P01719,567000.0,27,Mallorca,La Liga,URU,Defender,179,16,0.0893854748603352,16.272727272727273,1.4545454545454546
P01720,567000.0,28,Vallecano,La Liga,MKD,Goalkeeper,321,56,0.17445482866043613,26.75,4.666666666666667
P01721,567000.0,30,Vallecano,La Liga,ALB,Defender,317,6,0.01892744479495268,22.642857142857142,0.42857142857142855
P01722,567000.0,32,Elche,La Liga,ESP,Midfielder,450,0,0.0,28.125,0.0
P01723,566000.0,21,Empoli,Serie A,ITA,Forward,54,0,0.0,10.8,0.0
P01724,561000.0,30,Hertha Berlin,Bundesliga,TUR,Midfielder,220,3,0.013636363636363636,15.714285714285714,0.21428571428571427
P01725,560000.0,29,VfL Bochum,Bundesliga,AUT,Midfielder,244,0,0.0,18.76923076923077,0.0
P01726,560000.0,31,Union Berlin,Bundesliga,GER,Forward,328,0,0.0,21.866666666666667,0.0
P01727,560000.0,26,Union Berlin,Bundesliga,GER,Midfielder,203,0,0.0,20.3,0.0
P01728,560000.0,29,Cremonese,Serie A,ITA,Forward,322,0,0.0,24.76923076923077,0.0
P01729,560000.0,32,SC Freiburg,Bundesliga,GER,Midfielder,361,0,0.0,22.5625,0.0
P01730,560000.0,28,VfL Bochum,Bundesliga,GRE,Defender,173,32,0.18497109826589594,14.416666666666666,2.6666666666666665
P01731,560000.0,27,Hoffenheim,Bundesliga,GER,Midfielder,194,0,0.0,17.636363636363637,0.0
P01732,560000.0,24,FC Augsburg,Bundesliga,BIH,Forward,140,13,0.09285714285714286,17.5,1.625
P01733,560000.0,29,1. FC Koln,Bundesliga,ARM,Midfielder,268,34,0.12686567164179105,20.615384615384617,2.6153846153846154
P01734,560000.0,27,VfB Stuttgart,Bundesliga,GER,Goalkeeper,147,0,0.0,13.363636363636363,0.0
P01735,560000.0,28,Brianza,Serie A,ITA,Midfielder,212,0,0.0,17.666666666666668,0.0
P01736,560000.0,24,1. FC Koln,Bundesliga,AUT,Defender,191,3,0.015706806282722512,23.875,0.375
P01737,560000.0,26,SC Freiburg,Bundesliga,AUT,Defender,200,9,0.045,20.0,0.9
P01738,559000.0,22,SV Werder,Bundesliga,BUL,Midfielder,51,0,0.0,8.5,0.0
P01739,559000.0,25,Bayer 04,Bundesliga,AUT,Goalkeeper,156,3,0.019230769230769232,17.333333333333332,0.3333333333333333
P01740,559000.0,25,Real San Sebastian,La Liga,ESP,Midfielder,139,0,0.0,15.444444444444445,0.0
P01741,559000.0,24,Mainz 05,Bundesliga,MAR,Midfielder,87,18,0.20689655172413793,10.875,2.25
P01742,559000.0,21,Salernitana,Serie A,AUT,Defender,55,0,0.0,11.0,0.0
P01743,554000.0,22,Sporting CP,Primiera Liga,URU,Goalkeeper,53,0,0.0,8.833333333333334,0.0
P01744,554000.0,27,Vigo,La Liga,PER,Defender,180,75,0.4166666666666667,16.363636363636363,6.818181818181818
P01745,552000.0,25,Bologna,Serie A,SUI,Midfielder,176,10,0.056818181818181816,19.555555555555557,1.1111111111111112
P01746,552000.0,28,Verona,Serie A,FRA,Midfielder,210,0,0.0,17.5,0.0
P01747,552000.0,22,Lazio,Serie A,ESP,Defender,74,0,0.0,12.333333333333334,0.0
P01748,552000.0,26,Empoli,Serie A,SVN,Defender,216,37,0.1712962962962963,21.6,3.7
P01749,552000.0,27,Udinese,Serie A,BRA,Midfielder,216,5,0.023148148148148147,19.636363636363637,0.45454545454545453
P01750,552000.0,19,Atalanta,Serie A,DEN,Forward,37,0,0.0,12.333333333333334,0.0
P01751,544000.0,24,Toulouse FC,Ligue 1 Uber Eats,SRB,Forward,172,3,0.01744186046511628,21.5,0.375
P01752,543000.0,23,Brianza,Serie A,BRA,Defender,87,0,0.0,12.428571428571429,0.0
P01753,542000.0,20,Rennes,Ligue 1 Uber Eats,FRA,Defender,65,0,0.0,16.25,0.0
P01754,542000.0,25,Getafe,La Liga,ESP,Midfielder,183,0,0.0,20.333333333333332,0.0
P01755,542000.0,34,Getafe,La Liga,URU,Defender,420,6,0.014285714285714285,23.333333333333332,0.3333333333333333
P01756,541000.0,35,Brest,Ligue 1 Uber Eats,FRA,Forward,338,30,0.08875739644970414,17.789473684210527,1.5789473684210527
P01757,541000.0,33,Cadiz,La Liga,ESP,Defender,391,0,0.0,23.0,0.0
P01758,541000.0,24,FC Augsburg,Bundesliga,POL,Defender,168,3,0.017857142857142856,21.0,0.375
P01759,538000.0,23,FC Nantes,Ligue 1 Uber Eats,CMR,Forward,108,11,0.10185185185185185,15.428571428571429,1.5714285714285714
P01760,538000.0,25,Troyes,Ligue 1 Uber Eats,USA,Defender,143,4,0.027972027972027972,15.88888888888889,0.4444444444444444
P01761,538000.0,23,Valencia,La Liga,POR,Defender,61,0,0.0,8.714285714285714,0.0
P01762,538000.0,22,LOSC,Ligue 1 Uber Eats,ENG,Midfielder,62,0,0.0,10.333333333333334,0.0
P01763,538000.0,21,VfB Stuttgart,Bundesliga,GER,Defender,77,0,0.0,15.4,0.0
P01764,538000.0,31,RC Lens,Ligue 1 Uber Eats,FRA,Forward,253,0,0.0,16.866666666666667,0.0
P01765,536000.0,22,Troyes,Ligue 1 Uber Eats,ECU,Defender,59,7,0.11864406779661017,9.833333333333334,1.1666666666666667
P01766,536000.0,26,FC Nantes,Ligue 1 Uber Eats,FRA,Defender,210,0,0.0,21.0,0.0
P01767,534000.0,31,Atletico Pamplona,La Liga,CRO,Forward,359,14,0.03899721448467967,23.933333333333334,0.9333333333333333
P01768,534000.0,29,Atletico Pamplona,La Liga,ESP,Goalkeeper,267,0,0.0,20.53846153846154,0.0
P01769,533000.0,20,Salernitana,Serie A,ITA,Defender,23,0,0.0,5.75,0.0
P01770,533000.0,22,Salernitana,Serie A,ITA,Midfielder,41,0,0.0,6.833333333333333,0.0
P01771,530000.0,23,LOSC,Ligue 1 Uber Eats,BRA,Defender,89,0,0.0,12.714285714285714,0.0
P01772,530000.0,20,LOSC,Ligue 1 Uber Eats,FRA,Goalkeeper,36,0,0.0,9.0,0.0
P01773,527000.0,20,OGC Nice,Ligue 1 Uber Eats,ITA,Defender,24,0,0.0,6.0,0.0
P01774,526000.0,29,Cremonese,Serie A,ITA,Defender,209,0,0.0,16.076923076923077,0.0
P01775,526000.0,21,Almeria,La Liga,BEL,Forward,57,0,0.0,11.4,0.0
P01776,524000.0,20,Verona,Serie A,SCO,Defender,70,0,0.0,17.5,0.0
P01777,523000.0,21,Mallorca,La Liga,KOR,Midfielder,105,6,0.05714285714285714,21.0,1.2
P01778,523000.0,26,Vallecano,La Liga,ESP,Midfielder,262,0,0.0,26.2,0.0
P01779,523000.0,25,Valladolid,La Liga,ESP,Defender,125,0,0.0,13.88888888888889,0.0
P01780,523000.0,28,Vallecano,La Liga,ESP,Midfielder,253,0,0.0,21.083333333333332,0.0
P01781,520000.0,29,Nottm Forest,Premier League,POR,Midfielder,238,0,0.0,18.307692307692307,0.0
P01782,520000.0,21,Leicester,Premier League,ENG,Defender,14,0,0.0,2.8,0.0
P01783,520000.0,19,Southampton,Premier League,ENG,Defender,28,0,0.0,9.333333333333334,0.0
P01784,520000.0,19,Newcastle,Premier League,SCO,Midfielder,28,0,0.0,9.333333333333334,0.0
P01785,520000.0,21,OM,Ligue 1 Uber Eats,BFA,Defender,63,26,0.4126984126984127,12.6,5.2
P01786,520000.0,19,Wolves,Premier League,IRL,Midfielder,3,0,0.0,1.0,0.0
P01787,520000.0,19,Santa Clara,Primiera Liga,SRB,Forward,80,0,0.0,26.666666666666668,0.0
P01788,520000.0,20,West Ham,Premier League,BRA,Defender,14,0,0.0,3.5,0.0
P01789,520000.0,23,Sassuolo,Serie A,BRA,Defender,39,0,0.0,5.571428571428571,0.0
P01790,517000.0,26,FC Augsburg,Bundesliga,GER,Midfielder,81,0,0.0,8.1,0.0
P01791,517000.0,24,FC Augsburg,Bundesliga,SUI,Midfielder,173,24,0.13872832369942195,21.625,3.0
P01792,516000.0,21,Torino,Serie A,SEN,Forward,42,0,0.0,8.4,0.0
P01793,516000.0,31,Troyes,Ligue 1 Uber Eats,FRA,Midfielder,327,0,0.0,21.8,0.0
P01794,516000.0,31,VfL Bochum,Bundesliga,GER,Midfielder,303,0,0.0,20.2,0.0
P01795,516000.0,36,Troyes,Ligue 1 Uber Eats,FRA,Goalkeeper,98,0,0.0,4.9,0.0
P01796,516000.0,18,Almeria,La Liga,BRA,Defender,19,0,0.0,9.5,0.0
P01797,516000.0,23,Eintracht Frankfurt,Bundesliga,FRA,Defender,125,0,0.0,17.857142857142858,0.0
P01798,515000.0,34,Strasbourg,Ligue 1 Uber Eats,FRA,Midfielder,395,0,0.0,21.944444444444443,0.0
P01799,514000.0,25,SV Werder,Bundesliga,DEN,Midfielder,221,1,0.004524886877828055,24.555555555555557,0.1111111111111111
P01800,511000.0,23,Cadiz,La Liga,URU,Forward,98,1,0.01020408163265306,14.0,0.14285714285714285
P01801,510000.0,21,Vallecano,La Liga,ESP,Forward,96,0,0.0,19.2,0.0
P01802,508000.0,29,BRG,Primiera Liga,COL,Defender,193,5,0.025906735751295335,14.846153846153847,0.38461538461538464
P01803,508000.0,27,Real San Sebastian,La Liga,ESP,Midfielder,139,0,0.0,12.636363636363637,0.0
P01804,508000.0,25,Real San Sebastian,La Liga,ESP,Defender,103,0,0.0,11.444444444444445,0.0
P01805,508000.0,27,Brest,Ligue 1 Uber Eats,FRA,Defender,161,0,0.0,14.636363636363637,0.0
P01806,507000.0,23,Vigo,La Liga,ESP,Midfielder,211,1,0.004739336492890996,30.142857142857142,0.14285714285714285
P01807,507000.0,26,Espanyol,La Liga,ESP,Midfielder,239,0,0.0,23.9,0.0
P01808,504000.0,24,FC Lorient,Ligue 1 Uber Eats,TUN,Defender,100,20,0.2,12.5,2.5
P01809,504000.0,25,FC Lorient,Ligue 1 Uber Eats,COD,Defender,110,2,0.01818181818181818,12.222222222222221,0.2222222222222222
P01810,502000.0,33,A. Bilbao,La Liga,ESP,Defender,382,0,0.0,22.470588235294116,0.0
P01811,501000.0,26,Verona,Serie A,DEN,Midfielder,144,1,0.006944444444444444,14.4,0.1
P01812,499000.0,21,Borussia M'gladbach,Bundesliga,IRL,Midfielder,56,0,0.0,11.2,0.0
P01813,492000.0,35,AC Ajaccio,Ligue 1 Uber Eats,FRA,Midfielder,431,0,0.0,22.68421052631579,0.0
P01814,491000.0,24,Sassuolo,Serie A,BRA,Midfielder,99,1,0.010101010101010102,12.375,0.125
P01815,490000.0,27,RC Lens,Ligue 1 Uber Eats,POL,Defender,295,24,0.08135593220338982,26.818181818181817,2.1818181818181817
P01816,485000.0,22,Real Hispalis,La Liga,BRA,Defender,103,0,0.0,17.166666666666668,0.0
P01817,484000.0,24,SV Werder,Bundesliga,AUT,Defender,123,5,0.04065040650406504,15.375,0.625
P01818,484000.0,32,Salento,Serie A,ITA,Defender,345,0,0.0,21.5625,0.0
P01819,483000.0,19,Juventus,Serie A,ITA,Midfielder,36,0,0.0,12.0,0.0
P01820,483000.0,22,Empoli,Serie A,ITA,Forward,104,0,0.0,17.333333333333332,0.0
P01821,483000.0,32,Juventus,Serie A,ITA,Goalkeeper,209,0,0.0,13.0625,0.0
P01822,483000.0,32,Fiorentina,Serie A,ITA,Goalkeeper,187,0,0.0,11.6875,0.0
P01823,479000.0,28,Vallecano,La Liga,SEN,Midfielder,174,0,0.0,14.5,0.0
P01824,479000.0,29,Valladolid,La Liga,VEN,Midfielder,328,36,0.10975609756097561,25.23076923076923,2.769230769230769
P01825,478000.0,30,Valladolid,La Liga,MAR,Defender,198,20,0.10101010101010101,14.142857142857142,1.4285714285714286
P01826,478000.0,34,Empoli,Serie A,KOS,Goalkeeper,216,35,0.16203703703703703,12.0,1.9444444444444444
P01827,478000.0,22,Bologna,Serie A,ITA,Defender,32,0,0.0,5.333333333333333,0.0
P01828,478000.0,20,Salento,Serie A,ITA,Forward,55,0,0.0,13.75,0.0
P01829,478000.0,21,Empoli,Serie A,ITA,Forward,43,0,0.0,8.6,0.0
P01830,478000.0,25,Verona,Serie A,ITA,Defender,140,0,0.0,15.555555555555555,0.0
P01831,478000.0,20,Spezia,Serie A,ITA,Forward,15,0,0.0,3.75,0.0
P01832,478000.0,22,AC Ajaccio,Ligue 1 Uber Eats,SEN,Forward,143,0,0.0,23.833333333333332,0.0
P01833,477000.0,25,FC Porto,Primiera Liga,NGA,Defender,146,11,0.07534246575342465,16.22222222222222,1.2222222222222223
P01834,477000.0,21,Verona,Serie A,SLE,Forward,33,0,0.0,6.6,0.0
P01835,476000.0,22,Valencia,La Liga,POR,Midfielder,98,0,0.0,16.333333333333332,0.0
P01836,473000.0,23,VfL Bochum,Bundesliga,SRB,Defender,98,1,0.01020408163265306,14.0,0.14285714285714285
P01837,471000.0,27,Toulouse FC,Ligue 1 Uber Eats,ENG,Forward,200,0,0.0,18.181818181818183,0.0
P01838,471000.0,29,Toulouse FC,Ligue 1 Uber Eats,FRA,Goalkeeper,153,0,0.0,11.76923076923077,0.0
P01839,467000.0,28,FC Lorient,Ligue 1 Uber Eats,FRA,Defender,190,0,0.0,15.833333333333334,0.0
P01840,467000.0,22,FC Lorient,Ligue 1 Uber Eats,SEN,Forward,53,11,0.20754716981132076,8.833333333333334,1.8333333333333333
P01841,467000.0,23,FC Lorient,Ligue 1 Uber Eats,MLI,Forward,103,14,0.13592233009708737,14.714285714285714,2.0
P01842,466000.0,30,Salernitana,Serie A,SVK,Defender,242,30,0.12396694214876033,17.285714285714285,2.142857142857143
P01843,464000.0,36,Troyes,Ligue 1 Uber Eats,FRA,Defender,407,36,0.08845208845208845,20.35,1.8
P01844,464000.0,26,Montpellier,Ligue 1 Uber Eats,URU,Defender,142,3,0.02112676056338028,14.2,0.3
P01845,464000.0,24,Troyes,Ligue 1 Uber Eats,POR,Defender,115,0,0.0,14.375,0.0
P01846,463000.0,33,SC Freiburg,Bundesliga,GER,Forward,446,2,0.004484304932735426,26.235294117647058,0.11764705882352941
P01847,462000.0,37,Vigo,La Liga,BRA,Goalkeeper,422,10,0.023696682464454975,20.095238095238095,0.47619047619047616
P01848,462000.0,24,Espanyol,La Liga,ESP,Defender,141,0,0.0,17.625,0.0
P01849,461000.0,18,Juventus,Serie A,ENG,Midfielder,1,0,0.0,0.5,0.0
P01850,459000.0,29,SC Freiburg,Bundesliga,GER,Goalkeeper,224,0,0.0,17.23076923076923,0.0
P01851,459000.0,27,FC Nantes,Ligue 1 Uber Eats,CMR,Defender,237,11,0.046413502109704644,21.545454545454547,1.0
P01852,457000.0,27,Brianza,Serie A,CRO,Forward,280,2,0.007142857142857143,25.454545454545453,0.18181818181818182
P01853,455000.0,23,Cremonese,Serie A,ITA,Forward,70,0,0.0,10.0,0.0
P01854,453000.0,20,VfB Stuttgart,Bundesliga,POR,Forward,66,0,0.0,16.5,0.0
P01855,452000.0,25,Chaves,Primiera Liga,RSA,Forward,163,13,0.07975460122699386,18.11111111111111,1.4444444444444444
P01856,452000.0,29,RC Lens,Ligue 1 Uber Eats,COL,Defender,214,3,0.014018691588785047,16.46153846153846,0.23076923076923078
P01857,451000.0,32,Getafe,La Liga,SRB,Defender,306,32,0.10457516339869281,19.125,2.0
P01858,451000.0,30,Vigo,La Liga,ARG,Defender,173,0,0.0,12.357142857142858,0.0
P01859,451000.0,30,Cadiz,La Liga,ESP,Forward,275,0,0.0,19.642857142857142,0.0
P01860,450000.0,24,Espanyol,La Liga,ESP,Forward,156,0,0.0,19.5,0.0
P01861,448000.0,20,Eintracht Frankfurt,Bundesliga,GER,Defender,62,0,0.0,15.5,0.0
P01862,448000.0,24,Sampdoria,Serie A,ALG,Midfielder,98,0,0.0,12.25,0.0
P01863,448000.0,29,VfB Stuttgart,Bundesliga,JPN,Defender,353,41,0.11614730878186968,27.153846153846153,3.1538461538461537
P01864,448000.0,24,1. FC Koln,Bundesliga,GRE,Midfielder,155,23,0.14838709677419354,19.375,2.875
P01865,448000.0,25,Clermont,Ligue 1 Uber Eats,BEL,Defender,144,0,0.0,16.0,0.0
P01866,448000.0,24,1. FC Koln,Bundesliga,GER,Forward,169,0,0.0,21.125,0.0
P01867,448000.0,32,VfL Bochum,Bundesliga,CRC,Defender,241,79,0.3278008298755187,15.0625,4.9375
P01868,448000.0,19,Valencia,La Liga,USA,Midfielder,88,19,0.2159090909090909,29.333333333333332,6.333333333333333
P01869,448000.0,21,Cremonese,Serie A,AUT,Defender,127,0,0.0,25.4,0.0
P01870,448000.0,24,Union Berlin,Bundesliga,NED,Defender,150,0,0.0,18.75,0.0
P01871,448000.0,30,Strasbourg,Ligue 1 Uber Eats,FRA,Defender,201,0,0.0,14.357142857142858,0.0
P01872,445000.0,30,Atletico Pamplona,La Liga,SRB,Midfielder,261,3,0.011494252873563218,18.642857142857142,0.21428571428571427
P01873,441000.0,29,Angers SCO,Ligue 1 Uber Eats,SVN,Defender,285,20,0.07017543859649122,21.923076923076923,1.5384615384615385
P01874,441000.0,24,Reims,Ligue 1 Uber Eats,NED,Defender,123,0,0.0,15.375,0.0
P01875,441000.0,24,Torino,Serie A,GLP,Defender,121,4,0.03305785123966942,15.125,0.5
P01876,441000.0,22,Angers SCO,Ligue 1 Uber Eats,FRA,Defender,42,0,0.0,7.0,0.0
P01877,441000.0,19,Verona,Serie A,ITA,Defender,1,0,0.0,0.3333333333333333,0.0
P01878,441000.0,18,Verona,Serie A,ITA,Defender,4,0,0.0,2.0,0.0
P01879,440000.0,20,Santa Clara,Primiera Liga,BRA,Forward,21,0,0.0,5.25,0.0
P01880,440000.0,23,Sassuolo,Serie A,TUR,Defender,172,18,0.10465116279069768,24.571428571428573,2.5714285714285716
P01881,440000.0,26,Bologna,Serie A,GRE,Defender,164,5,0.03048780487804878,16.4,0.5
P01882,438000.0,28,Almeria,La Liga,BRA,Defender,188,0,0.0,15.666666666666666,0.0
P01883,438000.0,21,Almeria,La Liga,POR,Midfielder,90,0,0.0,18.0,0.0
P01884,438000.0,23,A. Bilbao,La Liga,ESP,Midfielder,160,0,0.0,22.857142857142858,0.0
P01885,437000.0,27,Benfica,Primiera Liga,POR,Midfielder,198,0,0.0,18.0,0.0
P01886,436000.0,23,Sporting CP,Primiera Liga,POR,Midfielder,83,0,0.0,11.857142857142858,0.0
P01887,436000.0,24,Vallecano,La Liga,GHA,Defender,107,0,0.0,13.375,0.0
P01888,436000.0,33,Elche,La Liga,ESP,Defender,413,0,0.0,24.294117647058822,0.0
P01889,436000.0,32,Elche,La Liga,ESP,Defender,405,0,0.0,25.3125,0.0
P01890,436000.0,33,Valladolid,La Liga,ESP,Defender,271,0,0.0,15.941176470588236,0.0
P01891,436000.0,26,Mallorca,La Liga,SVK,Defender,290,13,0.04482758620689655,29.0,1.3
P01892,436000.0,26,Mallorca,La Liga,SEN,Forward,180,4,0.022222222222222223,18.0,0.4
P01893,435000.0,27,Toulouse FC,Ligue 1 Uber Eats,DEN,Defender,227,0,0.0,20.636363636363637,0.0
P01894,435000.0,27,Brest,Ligue 1 Uber Eats,BEN,Forward,230,42,0.1826086956521739,20.90909090909091,3.8181818181818183
P01895,435000.0,25,Brest,Ligue 1 Uber Eats,POR,Midfielder,193,0,0.0,21.444444444444443,0.0
P01896,432000.0,26,Espanyol,La Liga,ESP,Defender,212,0,0.0,21.2,0.0
P01897,432000.0,29,FC Porto,Primiera Liga,BRA,Forward,220,0,0.0,16.923076923076923,0.0
P01898,431000.0,26,Verona,Serie A,ITA,Goalkeeper,219,0,0.0,21.9,0.0
P01899,430000.0,22,VfL Bochum,Bundesliga,GER,Midfielder,23,0,0.0,3.8333333333333335,0.0
P01900,430000.0,30,Union Berlin,Bundesliga,GER,Defender,333,0,0.0,23.785714285714285,0.0
P01901,430000.0,28,Almeria,La Liga,ESP,Midfielder,261,0,0.0,21.75,0.0
P01902,430000.0,24,Espanyol,La Liga,ESP,Defender,163,1,0.006134969325153374,20.375,0.125
P01903,430000.0,24,Borussia M'gladbach,Bundesliga,FRA,Defender,11,0,0.0,1.375,0.0
P01904,430000.0,27,VfL Bochum,Bundesliga,PHI,Defender,181,2,0.011049723756906077,16.454545454545453,0.18181818181818182
P01905,430000.0,18,Hoffenheim,Bundesliga,GER,Midfielder,6,0,0.0,3.0,0.0
P01906,430000.0,24,FC Augsburg,Bundesliga,FIN,Midfielder,109,20,0.1834862385321101,13.625,2.5
P01907,428000.0,29,Troyes,Ligue 1 Uber Eats,GUF,Defender,198,2,0.010101010101010102,15.23076923076923,0.15384615384615385
P01908,428000.0,29,Clermont,Ligue 1 Uber Eats,KOS,Midfielder,258,22,0.08527131782945736,19.846153846153847,1.6923076923076923
P01909,428000.0,23,Troyes,Ligue 1 Uber Eats,CAN,Forward,142,6,0.04225352112676056,20.285714285714285,0.8571428571428571
P01910,428000.0,34,Clermont,Ligue 1 Uber Eats,FRA,Midfielder,417,0,0.0,23.166666666666668,0.0
P01911,427000.0,28,FC Porto,Primiera Liga,POR,Defender,232,0,0.0,19.333333333333332,0.0
P01912,426000.0,22,Salernitana,Serie A,CHI,Forward,98,9,0.09183673469387756,16.333333333333332,1.5
P01913,426000.0,26,Brianza,Serie A,BRA,Defender,171,0,0.0,17.1,0.0
P01914,426000.0,27,BRG,Primiera Liga,POR,Forward,280,4,0.014285714285714285,25.454545454545453,0.36363636363636365
P01915,426000.0,20,Montpellier,Ligue 1 Uber Eats,FRA,Midfielder,91,0,0.0,22.75,0.0
P01916,421000.0,24,Arouca,Primiera Liga,CIV,Midfielder,122,1,0.00819672131147541,15.25,0.125
P01917,421000.0,25,Cremonese,Serie A,CHI,Midfielder,163,12,0.0736196319018405,18.11111111111111,1.3333333333333333
P01918,420000.0,20,FC Nantes,Ligue 1 Uber Eats,FRA,Defender,35,0,0.0,8.75,0.0
P01919,417000.0,30,RC Lens,Ligue 1 Uber Eats,CPV,Defender,186,13,0.06989247311827956,13.285714285714286,0.9285714285714286
P01920,416000.0,23,Wolves,Premier League,POR,Defender,43,0,0.0,6.142857142857143,0.0
P01921,416000.0,23,VTSC,Primiera Liga,IRL,Midfielder,60,0,0.0,8.571428571428571,0.0
P01922,416000.0,21,Angers SCO,Ligue 1 Uber Eats,SEN,Forward,28,4,0.14285714285714285,5.6,0.8
P01923,416000.0,18,Brighton,Premier League,SWE,Midfielder,37,0,0.0,18.5,0.0
P01924,416000.0,20,FC Augsburg,Bundesliga,FRA,Forward,80,0,0.0,20.0,0.0
P01925,415000.0,31,Cadiz,La Liga,ESP,Midfielder,354,0,0.0,23.6,0.0
P01926,415000.0,20,Udinese,Serie A,SRB,Midfielder,42,0,0.0,10.5,0.0
P01927,413000.0,23,AS Monaco,Ligue 1 Uber Eats,FRA,Midfielder,111,0,0.0,15.857142857142858,0.0
P01928,413000.0,22,LOSC,Ligue 1 Uber Eats,POR,Defender,68,0,0.0,11.333333333333334,0.0
P01929,412000.0,22,Salernitana,Serie A,CRO,Defender,125,4,0.032,20.833333333333332,0.6666666666666666
P01930,412000.0,35,Angers SCO,Ligue 1 Uber Eats,FRA,Midfielder,359,0,0.0,18.894736842105264,0.0
P01931,412000.0,31,SC Freiburg,Bundesliga,GER,Defender,234,0,0.0,15.6,0.0
P01932,412000.0,24,Valencia,La Liga,SUI,Defender,151,9,0.059602649006622516,18.875,1.125
P01933,412000.0,29,Sporting CP,Primiera Liga,POR,Defender,133,0,0.0,10.23076923076923,0.0
P01934,412000.0,19,Valencia,La Liga,ESP,Defender,37,0,0.0,12.333333333333334,0.0
P01935,411000.0,21,Verona,Serie A,COL,Defender,45,0,0.0,9.0,0.0
P01936,411000.0,24,Montpellier,Ligue 1 Uber Eats,FRA,Midfielder,157,0,0.0,19.625,0.0
P01937,410000.0,30,Almeria,La Liga,BRA,Forward,267,0,0.0,19.071428571428573,0.0
P01938,408000.0,29,Mallorca,La Liga,ESP,Midfielder,283,0,0.0,21.76923076923077,0.0
P01939,408000.0,31,Mallorca,La Liga,FRA,Midfielder,209,5,0.023923444976076555,13.933333333333334,0.3333333333333333
P01940,408000.0,34,Mallorca,La Liga,ESP,Defender,412,0,0.0,22.88888888888889,0.0
P01941,408000.0,34,Mallorca,La Liga,ESP,Midfielder,494,0,0.0,27.444444444444443,0.0
P01942,408000.0,33,Girona,La Liga,COL,Defender,395,0,0.0,23.235294117647058,0.0
P01943,408000.0,35,Mallorca,La Liga,ESP,Forward,501,0,0.0,26.36842105263158,0.0
P01944,405000.0,29,Torino,Serie A,FRA,Defender,180,0,0.0,13.846153846153847,0.0
P01945,404000.0,28,Angers SCO,Ligue 1 Uber Eats,FRA,Forward,212,0,0.0,17.666666666666668,0.0
P01946,403000.0,28,SC Freiburg,Bundesliga,GER,Forward,296,0,0.0,24.666666666666668,0.0
P01947,403000.0,29,Valencia,La Liga,GLP,Defender,243,2,0.00823045267489712,18.692307692307693,0.15384615384615385
P01948,403000.0,22,BRG,Primiera Liga,ESP,Defender,144,0,0.0,24.0,0.0
P01949,403000.0,24,Real Hispalis,La Liga,ESP,Goalkeeper,101,0,0.0,12.625,0.0
P01950,403000.0,21,Villarreal,La Liga,ESP,Defender,99,0,0.0,19.8,0.0
P01951,403000.0,20,Vigo,La Liga,ESP,Midfielder,76,0,0.0,19.0,0.0
P01952,401000.0,30,BRG,Primiera Liga,BRA,Goalkeeper,214,0,0.0,15.285714285714286,0.0
P01953,399000.0,20,Elche,La Liga,ESP,Defender,42,0,0.0,10.5,0.0
P01954,399000.0,26,Elche,La Liga,ARG,Forward,207,1,0.004830917874396135,20.7,0.1
P01955,399000.0,20,Bologna,Serie A,URU,Defender,44,0,0.0,11.0,0.0
P01956,398000.0,26,Toulouse FC,Ligue 1 Uber Eats,SUI,Midfielder,213,0,0.0,21.3,0.0
P01957,398000.0,25,Toulouse FC,Ligue 1 Uber Eats,DEN,Defender,104,0,0.0,11.555555555555555,0.0
P01958,398000.0,26,Toulouse FC,Ligue 1 Uber Eats,BRA,Forward,202,0,0.0,20.2,0.0
P01959,398000.0,21,Villarreal,La Liga,ESP,Forward,63,0,0.0,12.6,0.0
P01960,397000.0,28,Sampdoria,Serie A,ITA,Defender,337,0,0.0,28.083333333333332,0.0
P01961,397000.0,23,Parthenope,Serie A,ITA,Forward,130,1,0.007692307692307693,18.571428571428573,0.14285714285714285
P01962,395000.0,21,FC Lorient,Ligue 1 Uber Eats,FRA,Midfielder,86,0,0.0,17.2,0.0
P01963,395000.0,27,AJ Auxerre,Ligue 1 Uber Eats,SEN,Forward,264,23,0.08712121212121213,24.0,2.090909090909091
P01964,395000.0,32,FC Lorient,Ligue 1 Uber Eats,FRA,Defender,392,0,0.0,24.5,0.0
P01965,393000.0,22,OL,Ligue 1 Uber Eats,BRA,Forward,24,0,0.0,4.0,0.0
P01966,393000.0,22,Empoli,Serie A,POL,Defender,90,3,0.03333333333333333,15.0,0.5
P01967,392000.0,25,BRG,Primiera Liga,POR,Midfielder,162,0,0.0,18.0,0.0
P01968,392000.0,25,FC Porto,Primiera Liga,POR,Midfielder,114,0,0.0,12.666666666666666,0.0
P01969,392000.0,28,FC Porto,Primiera Liga,BRA,Goalkeeper,79,0,0.0,6.583333333333333,0.0
P01970,392000.0,23,Girona,La Liga,ESP,Midfielder,148,0,0.0,21.142857142857142,0.0
P01971,392000.0,24,Reims,Ligue 1 Uber Eats,NED,Forward,121,0,0.0,15.125,0.0
P01972,390000.0,19,Chelsea,Premier League,ENG,Defender,0,0,0.0,0.0,0.0
P01973,390000.0,18,Leicester,Premier League,ENG,Midfielder,1,0,0.0,0.5,0.0
P01974,388000.0,32,Atletico Pamplona,La Liga,ESP,Forward,415,0,0.0,25.9375,0.0
P01975,388000.0,30,Atletico Pamplona,La Liga,ESP,Defender,236,0,0.0,16.857142857142858,0.0
P01976,388000.0,27,Atletico Pamplona,La Liga,ESP,Defender,216,0,0.0,19.636363636363637,0.0
P01977,387000.0,21,VfB Stuttgart,Bundesliga,FRA,Defender,60,0,0.0,12.0,0.0
P01978,383000.0,26,Almeria,La Liga,SRB,Defender,200,0,0.0,20.0,0.0
P01979,383000.0,20,Almeria,La Liga,MLI,Forward,65,13,0.2,16.25,3.25
P01980,382000.0,21,Valladolid,La Liga,ECU,Midfielder,83,33,0.39759036144578314,16.6,6.6
P01981,381000.0,26,FC Augsburg,Bundesliga,DEN,Defender,142,0,0.0,14.2,0.0
P01982,381000.0,22,SC Freiburg,Bundesliga,KOR,Midfielder,111,7,0.06306306306306306,18.5,1.1666666666666667
P01983,381000.0,18,Benfica,Primiera Liga,POR,Defender,10,0,0.0,5.0,0.0
P01984,381000.0,26,VfB Stuttgart,Bundesliga,GER,Forward,225,0,0.0,22.5,0.0
P01985,381000.0,26,Brest,Ligue 1 Uber Eats,HON,Forward,204,56,0.27450980392156865,20.4,5.6
P01986,381000.0,23,Eintracht Frankfurt,Bundesliga,BRA,Defender,65,0,0.0,9.285714285714286,0.0
P01987,381000.0,25,Eintracht Frankfurt,Bundesliga,POR,Defender,135,0,0.0,15.0,0.0
P01988,381000.0,26,Eintracht Frankfurt,Bundesliga,JPN,Midfielder,203,19,0.09359605911330049,20.3,1.9
P01989,381000.0,25,VfB Stuttgart,Bundesliga,GER,Defender,166,0,0.0,18.444444444444443,0.0
P01990,381000.0,25,Valladolid,La Liga,ESP,Midfielder,170,0,0.0,18.88888888888889,0.0
P01991,381000.0,30,Mallorca,La Liga,ESP,Defender,348,0,0.0,24.857142857142858,0.0
P01992,379000.0,24,Brianza,Serie A,POR,Forward,150,0,0.0,18.75,0.0
P01993,379000.0,29,Cadiz,La Liga,ESP,Defender,305,0,0.0,23.46153846153846,0.0
P01994,374000.0,22,Valencia,La Liga,ESP,Defender,125,2,0.016,20.833333333333332,0.3333333333333333
P01995,369000.0,22,Salento,Serie A,ITA,Defender,56,0,0.0,9.333333333333334,0.0
P01996,368000.0,34,Cadiz,La Liga,ESP,Midfielder,382,0,0.0,21.22222222222222,0.0
P01997,367000.0,28,Angers SCO,Ligue 1 Uber Eats,BEN,Defender,210,17,0.08095238095238096,17.5,1.4166666666666667
P01998,365000.0,26,BRG,Primiera Liga,LBY,Midfielder,120,40,0.3333333333333333,12.0,4.0
P01999,365000.0,22,BRG,Primiera Liga,ESP,Forward,133,2,0.015037593984962405,22.166666666666668,0.3333333333333333
P02000,364000.0,18,Tottenham,Premier League,ENG,Forward,0,0,0.0,0.0,0.0
P02001,364000.0,19,Man City,Premier League,NOR,Midfielder,1,0,0.0,0.3333333333333333,0.0
P02002,364000.0,19,Man City,Premier League,ENG,Defender,3,0,0.0,1.0,0.0
P02003,364000.0,19,Brentford,Premier League,ENG,Goalkeeper,0,0,0.0,0.0,0.0
P02004,364000.0,24,Valencia,La Liga,ESP,Defender,98,0,0.0,12.25,0.0
P02005,364000.0,18,Tottenham,Premier League,ENG,Midfielder,0,0,0.0,0.0,0.0
P02006,363000.0,22,Torino,Serie A,FRA,Midfielder,52,0,0.0,8.666666666666666,0.0
P02007,362000.0,22,Brest,Ligue 1 Uber Eats,FRA,Defender,72,0,0.0,12.0,0.0
P02008,362000.0,24,Brest,Ligue 1 Uber Eats,FRA,Midfielder,56,0,0.0,7.0,0.0
P02009,362000.0,22,Toulouse FC,Ligue 1 Uber Eats,MAR,Forward,118,11,0.09322033898305085,19.666666666666668,1.8333333333333333
P02010,362000.0,26,Brest,Ligue 1 Uber Eats,FRA,Forward,174,0,0.0,17.4,0.0
P02011,361000.0,28,AS Monaco,Ligue 1 Uber Eats,CHI,Defender,176,40,0.22727272727272727,14.666666666666666,3.3333333333333335
P02012,359000.0,27,Valladolid,La Liga,ESP,Midfielder,265,0,0.0,24.09090909090909,0.0
P02013,359000.0,32,AJ Auxerre,Ligue 1 Uber Eats,COM,Midfielder,311,52,0.16720257234726688,19.4375,3.25
P02014,359000.0,27,Eintracht Frankfurt,Bundesliga,GER,Defender,224,0,0.0,20.363636363636363,0.0
P02015,359000.0,19,Montpellier,Ligue 1 Uber Eats,FRA,Forward,57,0,0.0,19.0,0.0
P02016,359000.0,22,Valencia,La Liga,ESP,Forward,150,0,0.0,25.0,0.0
P02017,357000.0,22,Real Hispalis,La Liga,ESP,Defender,80,1,0.0125,13.333333333333334,0.16666666666666666
P02018,356000.0,25,Clermont,Ligue 1 Uber Eats,POL,Defender,219,1,0.0045662100456621,24.333333333333332,0.1111111111111111
P02019,356000.0,27,Clermont,Ligue 1 Uber Eats,FRA,Forward,171,0,0.0,15.545454545454545,0.0
P02020,356000.0,25,Clermont,Ligue 1 Uber Eats,FRA,Defender,90,0,0.0,10.0,0.0
P02021,355000.0,30,Almeria,La Liga,ESP,Midfielder,391,0,0.0,27.928571428571427,0.0
P02022,355000.0,29,Sampdoria,Serie A,GRE,Defender,146,6,0.0410958904109589,11.23076923076923,0.46153846153846156
P02023,353000.0,23,Torino,Serie A,ITA,Defender,72,0,0.0,10.285714285714286,0.0
P02024,353000.0,32,Cremonese,Serie A,ITA,Midfielder,400,0,0.0,25.0,0.0
P02025,353000.0,29,Valladolid,La Liga,ESP,Midfielder,363,0,0.0,27.923076923076923,0.0
P02026,353000.0,22,Mallorca,La Liga,ESP,Defender,119,0,0.0,19.833333333333332,0.0
P02027,353000.0,24,Elche,La Liga,FRA,Midfielder,179,0,0.0,22.375,0.0
P02028,352000.0,27,Verona,Serie A,ITA,Goalkeeper,125,0,0.0,11.363636363636363,0.0
P02029,352000.0,19,Verona,Serie A,GHA,Midfielder,5,0,0.0,1.6666666666666667,0.0
P02030,351000.0,26,BRG,Primiera Liga,FRA,Forward,152,0,0.0,15.2,0.0
P02031,349000.0,35,OL,Ligue 1 Uber Eats,FRA,Goalkeeper,322,0,0.0,16.94736842105263,0.0
P02032,349000.0,20,OL,Ligue 1 Uber Eats,FRA,Forward,15,0,0.0,3.75,0.0
P02033,349000.0,23,Verona,Serie A,SWE,Defender,119,0,0.0,17.0,0.0
P02034,348000.0,27,VfL Bochum,Bundesliga,JPN,Forward,206,36,0.17475728155339806,18.727272727272727,3.272727272727273
P02035,347000.0,20,Real San Sebastian,La Liga,ESP,Midfielder,61,0,0.0,15.25,0.0
P02036,347000.0,34,Valencia,La Liga,ESP,Goalkeeper,311,0,0.0,17.27777777777778,0.0
P02037,345000.0,20,VfB Stuttgart,Bundesliga,FRA,Midfielder,11,0,0.0,2.75,0.0
P02038,344000.0,28,Espanyol,La Liga,ESP,Defender,207,0,0.0,17.25,0.0
P02039,344000.0,19,OL,Ligue 1 Uber Eats,FRA,Defender,30,0,0.0,10.0,0.0
P02040,344000.0,24,Mainz 05,Bundesliga,GER,Goalkeeper,76,0,0.0,9.5,0.0
P02041,343000.0,32,BRG,Primiera Liga,POR,Midfielder,414,17,0.04106280193236715,25.875,1.0625
P02042,343000.0,26,FC Nantes,Ligue 1 Uber Eats,COD,Midfielder,104,15,0.14423076923076922,10.4,1.5
P02043,343000.0,27,MRT,Primiera Liga,COL,Forward,207,0,0.0,18.818181818181817,0.0
P02044,341000.0,35,Hertha Berlin,Bundesliga,GHA,Midfielder,393,15,0.03816793893129771,20.68421052631579,0.7894736842105263
P02045,341000.0,21,Eintracht Frankfurt,Bundesliga,GER,Midfielder,39,0,0.0,7.8,0.0
P02046,340000.0,24,Spezia,Serie A,POL,Defender,156,0,0.0,19.5,0.0
P02047,338000.0,19,Chelsea,Premier League,ENG,Midfielder,0,0,0.0,0.0,0.0
P02048,338000.0,22,RC Lens,Ligue 1 Uber Eats,CMR,Midfielder,56,9,0.16071428571428573,9.333333333333334,1.5
P02049,338000.0,29,RC Lens,Ligue 1 Uber Eats,MLI,Defender,186,13,0.06989247311827956,14.307692307692308,1.0
P02050,337000.0,33,Getafe,La Liga,ESP,Forward,446,1,0.002242152466367713,26.235294117647058,0.058823529411764705
P02051,337000.0,28,Getafe,La Liga,ARG,Defender,133,0,0.0,11.083333333333334,0.0
P02052,336000.0,26,Union Berlin,Bundesliga,SRB,Midfielder,186,0,0.0,18.6,0.0
P02053,336000.0,24,Montpellier,Ligue 1 Uber Eats,FRA,Defender,122,0,0.0,15.25,0.0
P02054,336000.0,20,Verona,Serie A,NED,Forward,6,0,0.0,1.5,0.0
P02055,336000.0,27,VfL Bochum,Bundesliga,GER,Midfielder,225,0,0.0,20.454545454545453,0.0
P02056,336000.0,20,Brentford,Premier League,GER,Forward,51,0,0.0,12.75,0.0
P02057,336000.0,29,VfL Bochum,Bundesliga,GER,Forward,315,0,0.0,24.23076923076923,0.0
P02058,336000.0,30,VfL Bochum,Bundesliga,BRA,Defender,297,0,0.0,21.214285714285715,0.0
P02059,336000.0,27,Valladolid,La Liga,CAN,Forward,209,52,0.24880382775119617,19.0,4.7272727272727275
P02060,336000.0,20,Empoli,Serie A,BEL,Defender,22,0,0.0,5.5,0.0
P02061,332000.0,25,Atletico Pamplona,La Liga,ESP,Midfielder,264,0,0.0,29.333333333333332,0.0
P02062,332000.0,26,Verona,Serie A,AUS,Midfielder,128,19,0.1484375,12.8,1.9
P02063,330000.0,29,Angers SCO,Ligue 1 Uber Eats,FRA,Midfielder,217,0,0.0,16.692307692307693,0.0
P02064,329000.0,23,VfL Bochum,Bundesliga,ENG,Defender,53,0,0.0,7.571428571428571,0.0
P02065,328000.0,24,Udinese,Serie A,GNB,Forward,152,0,0.0,19.0,0.0
P02066,328000.0,23,Fiorentina,Serie A,SRB,Defender,42,5,0.11904761904761904,6.0,0.7142857142857143
P02067,328000.0,27,Verona,Serie A,POL,Defender,254,8,0.031496062992125984,23.09090909090909,0.7272727272727273
P02068,328000.0,24,FC Lorient,Ligue 1 Uber Eats,FRA,Midfielder,142,0,0.0,17.75,0.0
P02069,325000.0,24,Vallecano,La Liga,ESP,Defender,152,0,0.0,19.0,0.0
P02070,325000.0,27,Valladolid,La Liga,ESP,Defender,257,0,0.0,23.363636363636363,0.0
P02071,325000.0,21,LOSC,Ligue 1 Uber Eats,FRA,Defender,76,0,0.0,15.2,0.0
P02072,325000.0,20,Villarreal,La Liga,DEN,Goalkeeper,30,0,0.0,7.5,0.0
P02073,325000.0,23,Brest,Ligue 1 Uber Eats,MAR,Defender,91,2,0.02197802197802198,13.0,0.2857142857142857
P02074,323000.0,22,OGC Nice,Ligue 1 Uber Eats,ALG,Forward,62,3,0.04838709677419355,10.333333333333334,0.5
P02075,323000.0,20,Hertha Berlin,Bundesliga,GER,Defender,36,0,0.0,9.0,0.0
P02076,321000.0,28,BRG,Primiera Liga,POR,Forward,227,0,0.0,18.916666666666668,0.0
P02077,320000.0,33,Clermont,Ligue 1 Uber Eats,FRA,Defender,356,0,0.0,20.941176470588236,0.0
P02078,320000.0,25,Clermont,Ligue 1 Uber Eats,BRA,Defender,91,0,0.0,10.11111111111111,0.0
P02079,319000.0,26,Salento,Serie A,ITA,Goalkeeper,85,0,0.0,8.5,0.0
P02080,319000.0,20,Capitoline,Serie A,ITA,Midfielder,13,0,0.0,3.25,0.0
P02081,319000.0,22,Salento,Serie A,ITA,Defender,53,0,0.0,8.833333333333334,0.0
P02082,319000.0,36,Udinese,Serie A,ITA,Goalkeeper,176,0,0.0,8.8,0.0
P02083,319000.0,20,Troyes,Ligue 1 Uber Eats,FRA,Midfielder,63,0,0.0,15.75,0.0
P02084,316000.0,22,Rennes,Ligue 1 Uber Eats,FRA,Defender,34,0,0.0,5.666666666666667,0.0
P02085,315000.0,26,Espanyol,La Liga,ESP,Midfielder,225,0,0.0,22.5,0.0
P02086,315000.0,28,Vigo,La Liga,POR,Forward,178,2,0.011235955056179775,14.833333333333334,0.16666666666666666
P02087,315000.0,21,Real San Sebastian,La Liga,ESP,Defender,65,0,0.0,13.0,0.0
P02088,315000.0,37,AC Ajaccio,Ligue 1 Uber Eats,FRA,Midfielder,480,0,0.0,22.857142857142858,0.0
P02089,315000.0,28,OL,Ligue 1 Uber Eats,BRA,Defender,142,0,0.0,11.833333333333334,0.0
P02090,314000.0,22,VfB Stuttgart,Bundesliga,COL,Forward,82,0,0.0,13.666666666666666,0.0
P02091,314000.0,30,SC Freiburg,Bundesliga,GER,Defender,202,0,0.0,14.428571428571429,0.0
P02092,314000.0,29,SC Freiburg,Bundesliga,NED,Goalkeeper,175,4,0.022857142857142857,13.461538461538462,0.3076923076923077
P02093,314000.0,22,BVT,Primiera Liga,SVK,Forward,117,25,0.21367521367521367,19.5,4.166666666666667
P02094,314000.0,25,FC Nantes,Ligue 1 Uber Eats,ESP,Midfielder,116,0,0.0,12.88888888888889,0.0
P02095,312000.0,30,Newcastle,Premier League,ENG,Goalkeeper,253,0,0.0,18.071428571428573,0.0
P02096,312000.0,20,Man City,Premier League,ENG,Forward,7,0,0.0,1.75,0.0
P02097,312000.0,18,Man City,Premier League,NED,Goalkeeper,0,0,0.0,0.0,0.0
P02098,312000.0,22,Brighton,Premier League,ENG,Goalkeeper,33,0,0.0,5.5,0.0
P02099,312000.0,18,Southampton,Premier League,ESP,Defender,0,0,0.0,0.0,0.0
P02100,312000.0,25,Strasbourg,Ligue 1 Uber Eats,FRA,Defender,81,0,0.0,9.0,0.0
P02101,311000.0,21,A. Bilbao,La Liga,ESP,Goalkeeper,63,0,0.0,12.6,0.0
P02102,310000.0,29,VfL Bochum,Bundesliga,POL,Midfielder,271,21,0.07749077490774908,20.846153846153847,1.6153846153846154
P02103,310000.0,26,Brest,Ligue 1 Uber Eats,FRA,Midfielder,201,0,0.0,20.1,0.0
P02104,310000.0,36,VfL Bochum,Bundesliga,FRA,Midfielder,536,0,0.0,26.8,0.0
P02105,309000.0,25,Brest,Ligue 1 Uber Eats,FRA,Defender,171,0,0.0,19.0,0.0
P02106,309000.0,31,AJ Auxerre,Ligue 1 Uber Eats,FRA,Midfielder,336,0,0.0,22.4,0.0
P02107,309000.0,24,Montpellier,Ligue 1 Uber Eats,ENG,Forward,155,0,0.0,19.375,0.0
P02108,309000.0,28,Brest,Ligue 1 Uber Eats,ALG,Midfielder,264,10,0.03787878787878788,22.0,0.8333333333333334
P02109,307000.0,21,OGC Nice,Ligue 1 Uber Eats,FRA,Midfielder,55,0,0.0,11.0,0.0
P02110,307000.0,21,FC Nantes,Ligue 1 Uber Eats,FRA,Forward,58,0,0.0,11.6,0.0
P02111,304000.0,28,Atletico Pamplona,La Liga,ESP,Midfielder,211,0,0.0,17.583333333333332,0.0
P02112,303000.0,22,Girona,La Liga,ESP,Midfielder,79,0,0.0,13.166666666666666,0.0
P02113,303000.0,20,P. Ferreira,Primiera Liga,POR,Midfielder,48,0,0.0,12.0,0.0
P02114,302000.0,18,Sampdoria,Serie A,TUR,Midfielder,13,0,0.0,6.5,0.0
P02115,302000.0,24,AJ Auxerre,Ligue 1 Uber Eats,GHA,Defender,137,11,0.08029197080291971,17.125,1.375
P02116,302000.0,32,Brianza,Serie A,ITA,Defender,274,0,0.0,17.125,0.0
P02117,301000.0,26,VfL Bochum,Bundesliga,CGO,Forward,167,18,0.10778443113772455,16.7,1.8
P02118,301000.0,21,Schalke 04,Bundesliga,JPN,Midfielder,29,0,0.0,5.8,0.0
P02119,301000.0,24,Union Berlin,Bundesliga,GER,Defender,120,0,0.0,15.0,0.0
P02120,301000.0,19,VfB Stuttgart,Bundesliga,GER,Forward,15,0,0.0,5.0,0.0
P02121,301000.0,22,Schalke 04,Bundesliga,GER,Defender,79,0,0.0,13.166666666666666,0.0
P02122,300000.0,24,Real Hispalis,La Liga,CIV,Midfielder,134,4,0.029850746268656716,16.75,0.5
P02123,300000.0,20,Capitoline,Serie A,ITA,Goalkeeper,0,0,0.0,0.0,0.0
P02124,299000.0,32,Almeria,La Liga,POR,Forward,240,2,0.008333333333333333,15.0,0.125
P02125,299000.0,24,Almeria,La Liga,FRA,Defender,109,0,0.0,13.625,0.0
P02126,299000.0,21,Almeria,La Liga,ESP,Midfielder,37,0,0.0,7.4,0.0
P02127,298000.0,32,Strasbourg,Ligue 1 Uber Eats,FRA,Defender,280,0,0.0,17.5,0.0
P02128,298000.0,27,Strasbourg,Ligue 1 Uber Eats,UKR,Defender,230,26,0.11304347826086956,20.90909090909091,2.3636363636363638
P02129,298000.0,25,Cadiz,La Liga,ESP,Forward,197,0,0.0,21.88888888888889,0.0
P02130,298000.0,25,Elche,La Liga,ESP,Midfielder,175,0,0.0,19.444444444444443,0.0
P02131,298000.0,27,Girona,La Liga,ESP,Midfielder,250,0,0.0,22.727272727272727,0.0
P02132,298000.0,30,Elche,La Liga,CHI,Defender,287,33,0.11498257839721254,20.5,2.357142857142857
P02133,298000.0,29,Mallorca,La Liga,SRB,Defender,208,34,0.16346153846153846,16.0,2.6153846153846154
P02134,298000.0,29,Elche,La Liga,ESP,Forward,317,0,0.0,24.384615384615383,0.0
P02135,298000.0,26,Mallorca,La Liga,GHA,Midfielder,205,18,0.08780487804878048,20.5,1.8
P02136,293000.0,23,Estoril Praia,Primiera Liga,FRA,Midfielder,75,0,0.0,10.714285714285714,0.0
P02137,293000.0,26,Reims,Ligue 1 Uber Eats,ZIM,Midfielder,150,22,0.14666666666666667,15.0,2.2
P02138,293000.0,23,LOSC,Ligue 1 Uber Eats,SWE,Defender,151,0,0.0,21.571428571428573,0.0
P02139,292000.0,26,BRG,Primiera Liga,BRA,Defender,121,0,0.0,12.1,0.0
P02140,291000.0,23,Hertha Berlin,Bundesliga,DEN,Goalkeeper,76,1,0.013157894736842105,10.857142857142858,0.14285714285714285
P02141,291000.0,22,FC Porto,Primiera Liga,ENG,Forward,94,0,0.0,15.666666666666666,0.0
P02142,291000.0,30,BRG,Primiera Liga,POR,Defender,300,1,0.0033333333333333335,21.428571428571427,0.07142857142857142
P02143,291000.0,27,Union Berlin,Bundesliga,GER,Midfielder,200,0,0.0,18.181818181818183,0.0
P02144,291000.0,41,Reims,Ligue 1 Uber Eats,FRA,Goalkeeper,665,0,0.0,26.6,0.0
P02145,291000.0,27,Angers SCO,Ligue 1 Uber Eats,SEN,Midfielder,197,7,0.03553299492385787,17.90909090909091,0.6363636363636364
P02146,290000.0,32,BRG,Primiera Liga,POR,Defender,267,0,0.0,16.6875,0.0
P02147,290000.0,31,FC Nantes,Ligue 1 Uber Eats,FRA,Defender,359,1,0.002785515320334262,23.933333333333334,0.06666666666666667
P02148,289000.0,25,Toulouse FC,Ligue 1 Uber Eats,CHI,Defender,167,13,0.07784431137724551,18.555555555555557,1.4444444444444444
P02149,289000.0,24,Brest,Ligue 1 Uber Eats,FRA,Forward,109,0,0.0,13.625,0.0
P02150,287000.0,23,Angers SCO,Ligue 1 Uber Eats,SEN,Forward,141,0,0.0,20.142857142857142,0.0
P02151,287000.0,34,FC Lorient,Ligue 1 Uber Eats,ITA,Goalkeeper,219,0,0.0,12.166666666666666,0.0
P02152,287000.0,29,AJ Auxerre,Ligue 1 Uber Eats,BRA,Defender,191,0,0.0,14.692307692307692,0.0
P02153,287000.0,26,FC Lorient,Ligue 1 Uber Eats,NGA,Midfielder,132,4,0.030303030303030304,13.2,0.4
P02154,286000.0,25,Espanyol,La Liga,ALB,Midfielder,178,21,0.11797752808988764,19.77777777777778,2.3333333333333335
P02155,286000.0,21,Espanyol,La Liga,ESP,Defender,49,0,0.0,9.8,0.0
P02156,285000.0,34,BRG,Primiera Liga,POR,Midfielder,395,0,0.0,21.944444444444443,0.0
P02157,284000.0,25,Troyes,Ligue 1 Uber Eats,MLI,Defender,122,10,0.08196721311475409,13.555555555555555,1.1111111111111112
P02158,284000.0,21,Troyes,Ligue 1 Uber Eats,FRA,Defender,17,0,0.0,3.4,0.0
P02159,284000.0,21,Clermont,Ligue 1 Uber Eats,AUT,Midfielder,73,0,0.0,14.6,0.0
P02160,282000.0,23,Girona,La Liga,ARG,Forward,127,0,0.0,18.142857142857142,0.0
P02161,282000.0,19,Empoli,Serie A,ITA,Midfielder,0,0,0.0,0.0,0.0
P02162,281000.0,24,Valencia,La Liga,ESP,Goalkeeper,83,0,0.0,10.375,0.0
P02163,280000.0,30,AJ Auxerre,Ligue 1 Uber Eats,MLI,Midfielder,303,10,0.033003300330033,21.642857142857142,0.7142857142857143
P02164,280000.0,28,FC Porto,Primiera Liga,POR,Defender,217,0,0.0,18.083333333333332,0.0
P02165,280000.0,30,FC Porto,Primiera Liga,POR,Goalkeeper,267,1,0.003745318352059925,19.071428571428573,0.07142857142857142
P02166,280000.0,25,AC Ajaccio,Ligue 1 Uber Eats,FRA,Midfielder,140,0,0.0,15.555555555555555,0.0
P02167,280000.0,24,AC Ajaccio,Ligue 1 Uber Eats,CMR,Defender,145,0,0.0,18.125,0.0
P02168,279000.0,25,Reims,Ligue 1 Uber Eats,CIV,Defender,76,2,0.02631578947368421,8.444444444444445,0.2222222222222222
P02169,278000.0,25,Casa Pia,Primiera Liga,JPN,Defender,199,6,0.03015075376884422,22.11111111111111,0.6666666666666666
P02170,276000.0,24,Spezia,Serie A,ESP,Defender,125,0,0.0,15.625,0.0
P02171,276000.0,28,Santa Clara,Primiera Liga,GNB,Defender,202,19,0.09405940594059406,16.833333333333332,1.5833333333333333
P02172,276000.0,19,Sporting CP,Primiera Liga,ARG,Midfielder,34,0,0.0,11.333333333333334,0.0
P02173,276000.0,19,Sporting CP,Primiera Liga,POR,Forward,35,0,0.0,11.666666666666666,0.0
P02174,274000.0,24,SV Werder,Bundesliga,GER,Midfielder,171,0,0.0,21.375,0.0
P02175,273000.0,24,1. FC Koln,Bundesliga,GER,Forward,121,0,0.0,15.125,0.0
P02176,272000.0,26,AJ Auxerre,Ligue 1 Uber Eats,FRA,Forward,139,0,0.0,13.9,0.0
P02177,270000.0,25,RC Lens,Ligue 1 Uber Eats,FRA,Defender,138,0,0.0,15.333333333333334,0.0
P02178,270000.0,27,Clermont,Ligue 1 Uber Eats,GAB,Midfielder,185,17,0.0918918918918919,16.818181818181817,1.5454545454545454
P02179,270000.0,21,Girona,La Liga,ESP,Defender,45,0,0.0,9.0,0.0
P02180,270000.0,31,Vallecano,La Liga,ESP,Midfielder,375,0,0.0,25.0,0.0
P02181,270000.0,27,Elche,La Liga,ESP,Midfielder,277,0,0.0,25.181818181818183,0.0
P02182,270000.0,28,Valladolid,La Liga,URU,Defender,202,0,0.0,16.833333333333332,0.0
P02183,269000.0,18,Borussia Dortmund,Bundesliga,ENG,Forward,7,0,0.0,3.5,0.0
P02184,269000.0,20,1. FC Koln,Bundesliga,GER,Forward,48,0,0.0,12.0,0.0
P02185,269000.0,24,Valladolid,La Liga,CMR,Midfielder,120,17,0.14166666666666666,15.0,2.125
P02186,269000.0,34,VfL Bochum,Bundesliga,GER,Goalkeeper,211,0,0.0,11.722222222222221,0.0
P02187,269000.0,31,RB Leipzig,Bundesliga,NOR,Goalkeeper,210,38,0.18095238095238095,14.0,2.533333333333333
P02188,269000.0,27,Clermont,Ligue 1 Uber Eats,TUN,Forward,157,27,0.17197452229299362,14.272727272727273,2.4545454545454546
P02189,269000.0,24,VfL Bochum,Bundesliga,SWE,Goalkeeper,128,0,0.0,16.0,0.0
P02190,269000.0,24,VfB Stuttgart,Bundesliga,GER,Goalkeeper,135,0,0.0,16.875,0.0
P02191,269000.0,26,Empoli,Serie A,NGA,Defender,136,10,0.07352941176470588,13.6,1.0
P02192,269000.0,26,Salernitana,Serie A,SVN,Midfielder,269,24,0.08921933085501858,26.9,2.4
P02193,268000.0,23,Strasbourg,Ligue 1 Uber Eats,FRA,Defender,48,0,0.0,6.857142857142857,0.0
P02194,264000.0,29,Cadiz,La Liga,ESP,Defender,313,0,0.0,24.076923076923077,0.0
P02195,264000.0,27,Cadiz,La Liga,ESP,Forward,183,0,0.0,16.636363636363637,0.0
P02196,263000.0,32,Almeria,La Liga,ESP,Goalkeeper,236,0,0.0,14.75,0.0
P02197,262000.0,18,Empoli,Serie A,POL,Midfielder,27,0,0.0,13.5,0.0
P02198,261000.0,33,Valladolid,La Liga,ESP,Goalkeeper,268,0,0.0,15.764705882352942,0.0
P02199,261000.0,26,Valladolid,La Liga,ESP,Midfielder,160,0,0.0,16.0,0.0
P02200,260000.0,38,Everton,Premier League,ENG,Goalkeeper,346,0,0.0,15.727272727272727,0.0
P02201,260000.0,25,Troyes,Ligue 1 Uber Eats,POL,Goalkeeper,165,0,0.0,18.333333333333332,0.0
P02202,260000.0,19,Arsenal,Premier League,ROU,Midfielder,23,0,0.0,7.666666666666667,0.0
P02203,260000.0,18,Wolves,Premier League,JAM,Defender,1,0,0.0,0.5,0.0
P02204,260000.0,19,Wolves,Premier League,ESP,Defender,0,0,0.0,0.0,0.0
P02205,260000.0,20,Man UFC,Premier League,ENG,Defender,18,0,0.0,4.5,0.0
P02206,260000.0,18,Man City,Premier League,NIR,Defender,2,4,2.0,1.0,2.0
P02207,260000.0,18,Arsenal,Premier League,ENG,Forward,2,0,0.0,1.0,0.0
P02208,260000.0,18,Crystal Palace,Premier League,IRL,Defender,0,0,0.0,0.0,0.0
P02209,260000.0,19,Southampton,Premier League,ENG,Forward,0,0,0.0,0.0,0.0
P02210,260000.0,18,Leeds,Premier League,ENG,Midfielder,1,0,0.0,0.5,0.0
P02211,260000.0,21,AJ Auxerre,Ligue 1 Uber Eats,FRA,Midfielder,98,0,0.0,19.6,0.0
P02212,260000.0,20,Girona,La Liga,BRA,Defender,55,0,0.0,13.75,0.0
P02213,260000.0,22,Man UFC,Premier League,ENG,Goalkeeper,77,0,0.0,12.833333333333334,0.0
P02214,260000.0,19,Chelsea,Premier League,NOR,Forward,33,0,0.0,11.0,0.0
P02215,260000.0,20,Newcastle,Premier League,SCO,Defender,1,0,0.0,0.25,0.0
P02216,260000.0,20,Aston Villa,Premier League,FIN,Goalkeeper,22,0,0.0,5.5,0.0
P02217,260000.0,20,West Ham,Premier League,IRL,Midfielder,17,0,0.0,4.25,0.0
P02218,260000.0,20,Nottm Forest,Premier League,USA,Forward,65,0,0.0,16.25,0.0
P02219,260000.0,19,Wolves,Premier League,ENG,Defender,47,0,0.0,15.666666666666666,0.0
P02220,260000.0,22,SV Werder,Bundesliga,AUT,Forward,155,0,0.0,25.833333333333332,0.0
P02221,259000.0,27,Clermont,Ligue 1 Uber Eats,SRB,Forward,190,0,0.0,17.272727272727273,0.0
P02222,258000.0,23,FC Lorient,Ligue 1 Uber Eats,CIV,Midfielder,93,0,0.0,13.285714285714286,0.0
P02223,258000.0,20,FC Lorient,Ligue 1 Uber Eats,FRA,Midfielder,72,0,0.0,18.0,0.0
P02224,258000.0,26,FC Lorient,Ligue 1 Uber Eats,BRA,Defender,139,0,0.0,13.9,0.0
P02225,258000.0,29,AJ Auxerre,Ligue 1 Uber Eats,FRA,Defender,214,0,0.0,16.46153846153846,0.0
P02226,258000.0,31,AJ Auxerre,Ligue 1 Uber Eats,CPV,Forward,246,3,0.012195121951219513,16.4,0.2
P02227,258000.0,33,VTSC,Primiera Liga,POR,Midfielder,336,4,0.011904761904761904,19.764705882352942,0.23529411764705882
P02228,258000.0,18,Sporting CP,Primiera Liga,GHA,Midfielder,7,12,1.7142857142857142,3.5,6.0
P02229,258000.0,33,Eintracht Frankfurt,Bundesliga,GER,Goalkeeper,162,0,0.0,9.529411764705882,0.0
P02230,258000.0,30,Brest,Ligue 1 Uber Eats,FRA,Defender,243,0,0.0,17.357142857142858,0.0
P02231,257000.0,22,Espanyol,La Liga,ESP,Midfielder,147,0,0.0,24.5,0.0
P02232,257000.0,24,Espanyol,La Liga,ESP,Forward,144,1,0.006944444444444444,18.0,0.125
P02233,256000.0,20,AS Monaco,Ligue 1 Uber Eats,BEL,Midfielder,30,0,0.0,7.5,0.0
P02234,255000.0,26,FC Nantes,Ligue 1 Uber Eats,FRA,Midfielder,193,0,0.0,19.3,0.0
P02235,255000.0,26,Troyes,Ligue 1 Uber Eats,GNB,Midfielder,198,17,0.08585858585858586,19.8,1.7
P02236,254000.0,25,Empoli,Serie A,ITA,Goalkeeper,89,0,0.0,9.88888888888889,0.0
P02237,252000.0,26,AC Ajaccio,Ligue 1 Uber Eats,CGO,Defender,115,16,0.1391304347826087,11.5,1.6
P02238,252000.0,26,AC Ajaccio,Ligue 1 Uber Eats,BFA,Forward,194,39,0.20103092783505155,19.4,3.9
P02239,251000.0,25,Montpellier,Ligue 1 Uber Eats,SEN,Goalkeeper,118,2,0.01694915254237288,13.11111111111111,0.2222222222222222
P02240,250000.0,21,Empoli,Serie A,NZL,Defender,133,12,0.09022556390977443,26.6,2.4
P02241,248000.0,23,Union Berlin,Bundesliga,POR,Defender,106,0,0.0,15.142857142857142,0.0
P02242,247000.0,20,Atletico Pamplona,La Liga,ESP,Forward,101,0,0.0,25.25,0.0
P02243,247000.0,23,1. FC Koln,Bundesliga,GER,Defender,95,0,0.0,13.571428571428571,0.0
P02244,247000.0,22,FC Porto,Primiera Liga,POR,Defender,68,0,0.0,11.333333333333334,0.0
P02245,247000.0,37,FC Porto,Primiera Liga,POR,Forward,445,27,0.060674157303370786,21.19047619047619,1.2857142857142858
P02246,244000.0,30,AJ Auxerre,Ligue 1 Uber Eats,GUI,Defender,169,6,0.03550295857988166,12.071428571428571,0.42857142857142855
P02247,244000.0,23,Almeria,La Liga,ESP,Defender,81,0,0.0,11.571428571428571,0.0
P02248,244000.0,20,Almeria,La Liga,BRA,Midfielder,31,0,0.0,7.75,0.0
P02249,242000.0,31,Vallecano,La Liga,MNE,Defender,221,4,0.01809954751131222,14.733333333333333,0.26666666666666666
P02250,242000.0,30,Girona,La Liga,PER,Defender,320,35,0.109375,22.857142857142858,2.5
P02251,242000.0,35,Vallecano,La Liga,ESP,Defender,438,3,0.00684931506849315,23.05263157894737,0.15789473684210525
P02252,242000.0,27,Elche,La Liga,ESP,Defender,246,0,0.0,22.363636363636363,0.0
P02253,242000.0,25,Girona,La Liga,ESP,Midfielder,177,0,0.0,19.666666666666668,0.0
P02254,241000.0,31,Verona,Serie A,ITA,Goalkeeper,85,0,0.0,5.666666666666667,0.0
P02255,241000.0,39,Inter,Serie A,ITA,Goalkeeper,482,0,0.0,20.956521739130434,0.0
P02256,241000.0,25,Salento,Serie A,FRA,Midfielder,200,0,0.0,22.22222222222222,0.0
P02257,241000.0,24,Sassuolo,Serie A,CRO,Defender,111,3,0.02702702702702703,13.875,0.375
P02258,241000.0,29,Bayer 04,Bundesliga,GER,Goalkeeper,126,0,0.0,9.692307692307692,0.0
P02259,240000.0,23,Famalicao,Primiera Liga,FRA,Midfielder,100,0,0.0,14.285714285714286,0.0
P02260,237000.0,22,OGC Nice,Ligue 1 Uber Eats,POL,Goalkeeper,16,0,0.0,2.6666666666666665,0.0
P02261,237000.0,26,AJ Auxerre,Ligue 1 Uber Eats,MAR,Midfielder,207,0,0.0,20.7,0.0
P02262,236000.0,20,SC Freiburg,Bundesliga,FRA,Defender,65,0,0.0,16.25,0.0
P02263,234000.0,23,PTM,Primiera Liga,COL,Forward,105,0,0.0,15.0,0.0
P02264,234000.0,22,Atletico Pamplona,La Liga,ESP,Defender,84,0,0.0,14.0,0.0
P02265,233000.0,22,Rennes,Ligue 1 Uber Eats,FRA,Defender,34,0,0.0,5.666666666666667,0.0
P02266,232000.0,25,Santa Clara,Primiera Liga,BRA,Forward,60,0,0.0,6.666666666666667,0.0
P02267,232000.0,19,A. Madrid,La Liga,ESP,Midfielder,3,0,0.0,1.0,0.0
P02268,231000.0,24,Toulouse FC,Ligue 1 Uber Eats,NOR,Goalkeeper,75,0,0.0,9.375,0.0
P02269,230000.0,28,AJ Auxerre,Ligue 1 Uber Eats,FRA,Defender,110,0,0.0,9.166666666666666,0.0
P02270,229000.0,19,BRG,Primiera Liga,TUR,Defender,11,0,0.0,3.6666666666666665,0.0
P02271,228000.0,20,Troyes,Ligue 1 Uber Eats,FRA,Defender,33,0,0.0,8.25,0.0
P02272,227000.0,22,Vigo,La Liga,NOR,Forward,125,1,0.008,20.833333333333332,0.16666666666666666
P02273,227000.0,19,Fiorentina,Serie A,ITA,Midfielder,4,0,0.0,1.3333333333333333,0.0
P02274,225000.0,22,Famalicao,Primiera Liga,POR,Forward,64,0,0.0,10.666666666666666,0.0
P02275,225000.0,21,Salento,Serie A,ISL,Midfielder,82,12,0.14634146341463414,16.4,2.4
P02276,224000.0,26,SC Freiburg,Bundesliga,GHA,Midfielder,187,12,0.06417112299465241,18.7,1.2
P02277,224000.0,24,Sassuolo,Serie A,MAR,Midfielder,164,0,0.0,20.5,0.0
P02278,224000.0,25,Famalicao,Primiera Liga,ARG,Midfielder,167,0,0.0,18.555555555555557,0.0
P02279,224000.0,20,FC Augsburg,Bundesliga,CRO,Forward,93,0,0.0,23.25,0.0
P02280,224000.0,31,RB Leipzig,Bundesliga,GER,Goalkeeper,296,0,0.0,19.733333333333334,0.0
P02281,224000.0,24,SV Werder,Bundesliga,GER,Defender,136,0,0.0,17.0,0.0
P02282,224000.0,26,Toulouse FC,Ligue 1 Uber Eats,NED,Midfielder,193,0,0.0,19.3,0.0
P02283,224000.0,21,Rennes,Ligue 1 Uber Eats,MAR,Forward,16,0,0.0,3.2,0.0
P02284,224000.0,23,Reims,Ligue 1 Uber Eats,FRA,Forward,80,0,0.0,11.428571428571429,0.0
P02285,224000.0,22,Hoffenheim,Bundesliga,GER,Midfielder,88,0,0.0,14.666666666666666,0.0
P02286,224000.0,30,Troyes,Ligue 1 Uber Eats,FRA,Midfielder,314,0,0.0,22.428571428571427,0.0
P02287,224000.0,23,Reims,Ligue 1 Uber Eats,NED,Midfielder,153,0,0.0,21.857142857142858,0.0
P02288,224000.0,21,Torino,Serie A,SRB,Midfielder,104,3,0.028846153846153848,20.8,0.6
P02289,224000.0,21,Torino,Serie A,CIV,Defender,72,2,0.027777777777777776,14.4,0.4
P02290,224000.0,20,1. FC Koln,Bundesliga,GER,Midfielder,56,0,0.0,14.0,0.0
P02291,224000.0,23,Montpellier,Ligue 1 Uber Eats,FRA,Defender,54,0,0.0,7.714285714285714,0.0
P02292,224000.0,39,Strasbourg,Ligue 1 Uber Eats,JPN,Goalkeeper,397,95,0.23929471032745592,17.26086956521739,4.130434782608695
P02293,223000.0,28,Union Berlin,Bundesliga,DEN,Goalkeeper,92,0,0.0,7.666666666666667,0.0
P02294,223000.0,27,Chaves,Primiera Liga,POR,Defender,116,0,0.0,10.545454545454545,0.0
P02295,220000.0,22,Angers SCO,Ligue 1 Uber Eats,FRA,Goalkeeper,38,0,0.0,6.333333333333333,0.0
P02296,220000.0,22,Reims,Ligue 1 Uber Eats,FRA,Forward,43,0,0.0,7.166666666666667,0.0
P02297,218000.0,31,Valladolid,La Liga,ESP,Forward,415,0,0.0,27.666666666666668,0.0
P02298,217000.0,21,FC Porto,Primiera Liga,POR,Forward,63,0,0.0,12.6,0.0
P02299,217000.0,30,Brest,Ligue 1 Uber Eats,FRA,Defender,306,0,0.0,21.857142857142858,0.0
P02300,217000.0,26,Toulouse FC,Ligue 1 Uber Eats,JPN,Forward,226,3,0.01327433628318584,22.6,0.3
P02301,217000.0,27,Angers SCO,Ligue 1 Uber Eats,ALG,Defender,86,9,0.10465116279069768,7.818181818181818,0.8181818181818182
P02302,216000.0,32,Almeria,La Liga,ESP,Forward,326,0,0.0,20.375,0.0
P02303,215000.0,24,AJ Auxerre,Ligue 1 Uber Eats,GHA,Midfielder,117,2,0.017094017094017096,14.625,0.25
P02304,215000.0,21,Mainz 05,Bundesliga,AUT,Forward,73,0,0.0,14.6,0.0
P02305,215000.0,26,1. FC Koln,Bundesliga,GER,Defender,104,0,0.0,10.4,0.0
P02306,215000.0,18,VfL Wolfsburg,Bundesliga,CZE,Midfielder,3,0,0.0,1.5,0.0
P02307,215000.0,32,VfL Bochum,Bundesliga,GRE,Defender,237,5,0.02109704641350211,14.8125,0.3125
P02308,215000.0,26,Vallecano,La Liga,ESP,Midfielder,210,0,0.0,21.0,0.0
P02309,215000.0,29,Elche,La Liga,COL,Defender,269,5,0.01858736059479554,20.692307692307693,0.38461538461538464
P02310,215000.0,25,Mallorca,La Liga,SVK,Goalkeeper,131,4,0.030534351145038167,14.555555555555555,0.4444444444444444
P02311,214000.0,30,FC Nantes,Ligue 1 Uber Eats,MLI,Defender,131,10,0.07633587786259542,9.357142857142858,0.7142857142857143
P02312,214000.0,30,Clermont,Ligue 1 Uber Eats,ALG,Defender,124,19,0.1532258064516129,8.857142857142858,1.3571428571428572
P02313,214000.0,23,Troyes,Ligue 1 Uber Eats,DEN,Defender,98,0,0.0,14.0,0.0
P02314,213000.0,20,VfB Stuttgart,Bundesliga,GER,Midfielder,27,0,0.0,6.75,0.0
P02315,213000.0,27,VTSC,Primiera Liga,POR,Goalkeeper,214,0,0.0,19.454545454545453,0.0
P02316,213000.0,29,VTSC,Primiera Liga,POR,Midfielder,277,0,0.0,21.307692307692307,0.0
P02317,210000.0,33,AC Ajaccio,Ligue 1 Uber Eats,GLP,Defender,355,10,0.028169014084507043,20.88235294117647,0.5882352941176471
P02318,210000.0,22,Torino,Serie A,ITA,Goalkeeper,69,0,0.0,11.5,0.0
P02319,209000.0,19,Brianza,Serie A,ARG,Defender,0,0,0.0,0.0,0.0
P02320,208000.0,20,Brighton,Premier League,NIR,Forward,0,0,0.0,0.0,0.0
P02321,208000.0,19,Man City,Premier League,SCO,Goalkeeper,0,0,0.0,0.0,0.0
P02322,208000.0,19,Brentford,Premier League,ENG,Forward,12,0,0.0,4.0,0.0
P02323,208000.0,20,Brighton,Premier League,ENG,Defender,6,0,0.0,1.5,0.0
P02324,208000.0,22,Brighton,Premier League,NED,Defender,72,0,0.0,12.0,0.0
P02325,208000.0,21,SV Werder,Bundesliga,ENG,Defender,74,0,0.0,14.8,0.0
P02326,206000.0,20,Montpellier,Ligue 1 Uber Eats,FRA,Defender,28,0,0.0,7.0,0.0
P02327,206000.0,24,Strasbourg,Ligue 1 Uber Eats,FRA,Midfielder,159,0,0.0,19.875,0.0
P02328,204000.0,31,Cadiz,La Liga,ESP,Forward,352,0,0.0,23.466666666666665,0.0
P02329,204000.0,33,AC Ajaccio,Ligue 1 Uber Eats,FRA,Goalkeeper,305,0,0.0,17.941176470588236,0.0
P02330,203000.0,22,Troyes,Ligue 1 Uber Eats,SEN,Forward,105,0,0.0,17.5,0.0
P02331,203000.0,27,VTSC,Primiera Liga,POR,Forward,234,0,0.0,21.272727272727273,0.0
P02332,203000.0,29,BRG,Primiera Liga,BRA,Midfielder,170,0,0.0,13.076923076923077,0.0
P02333,202000.0,22,VfB Stuttgart,Bundesliga,DEN,Defender,87,0,0.0,14.5,0.0
P02334,202000.0,24,Vigo,La Liga,USA,Midfielder,72,11,0.1527777777777778,9.0,1.375
P02335,202000.0,21,1. FC Koln,Bundesliga,GER,Midfielder,64,0,0.0,12.8,0.0
P02336,202000.0,23,MRT,Primiera Liga,CZE,Goalkeeper,64,0,0.0,9.142857142857142,0.0
P02337,202000.0,29,Troyes,Ligue 1 Uber Eats,FRA,Goalkeeper,183,0,0.0,14.076923076923077,0.0
P02338,202000.0,31,Borussia Dortmund,Bundesliga,GER,Goalkeeper,219,0,0.0,14.6,0.0
P02339,202000.0,22,FC Augsburg,Bundesliga,GER,Defender,90,0,0.0,15.0,0.0
P02340,202000.0,22,FC Augsburg,Bundesliga,CRO,Defender,96,0,0.0,16.0,0.0
P02341,201000.0,25,P. Ferreira,Primiera Liga,BRA,Forward,114,0,0.0,12.666666666666666,0.0
P02342,200000.0,20,Girona,La Liga,BRA,Forward,46,0,0.0,11.5,0.0
P02343,199000.0,18,Troyes,Ligue 1 Uber Eats,FRA,Forward,32,0,0.0,16.0,0.0
P02344,196000.0,24,Spezia,Serie A,POR,Defender,110,0,0.0,13.75,0.0
P02345,193000.0,22,AJ Auxerre,Ligue 1 Uber Eats,MLI,Forward,39,5,0.1282051282051282,6.5,0.8333333333333334
P02346,193000.0,22,Estoril Praia,Primiera Liga,ESP,Forward,78,0,0.0,13.0,0.0
P02347,192000.0,22,Valladolid,La Liga,ESP,Midfielder,122,0,0.0,20.333333333333332,0.0
P02348,192000.0,24,MRT,Primiera Liga,VEN,Forward,97,0,0.0,12.125,0.0
P02349,191000.0,26,Reims,Ligue 1 Uber Eats,FRA,Goalkeeper,93,0,0.0,9.3,0.0
P02350,191000.0,19,Benfica,Primiera Liga,FRA,Defender,4,0,0.0,1.3333333333333333,0.0
P02351,190000.0,34,Girona,La Liga,ESP,Goalkeeper,399,0,0.0,22.166666666666668,0.0
P02352,190000.0,26,Valladolid,La Liga,ESP,Defender,253,0,0.0,25.3,0.0
P02353,190000.0,31,Girona,La Liga,ESP,Defender,332,0,0.0,22.133333333333333,0.0
P02354,190000.0,25,Cremonese,Serie A,SEN,Goalkeeper,47,0,0.0,5.222222222222222,0.0
P02355,188000.0,21,Toulouse FC,Ligue 1 Uber Eats,SWE,Defender,23,0,0.0,4.6,0.0
P02356,187000.0,20,SV Werder,Bundesliga,GER,Forward,43,0,0.0,10.75,0.0
P02357,187000.0,29,AJ Auxerre,Ligue 1 Uber Eats,GUF,Goalkeeper,136,28,0.20588235294117646,10.461538461538462,2.1538461538461537
P02358,187000.0,19,FC Lorient,Ligue 1 Uber Eats,FRA,Midfielder,10,0,0.0,3.3333333333333335,0.0
P02359,187000.0,20,FC Lorient,Ligue 1 Uber Eats,FRA,Forward,25,0,0.0,6.25,0.0
P02360,187000.0,25,AJ Auxerre,Ligue 1 Uber Eats,MAD,Defender,185,20,0.10810810810810811,20.555555555555557,2.2222222222222223
P02361,187000.0,22,Toulouse FC,Ligue 1 Uber Eats,GRE,Midfielder,43,0,0.0,7.166666666666667,0.0
P02362,186000.0,20,Real San Sebastian,La Liga,ESP,Forward,75,0,0.0,18.75,0.0
P02363,186000.0,19,BRG,Primiera Liga,SWE,Defender,50,0,0.0,16.666666666666668,0.0
P02364,186000.0,25,VTSC,Primiera Liga,BRA,Forward,93,0,0.0,10.333333333333334,0.0
P02365,186000.0,22,Casa Pia,Primiera Liga,POR,Midfielder,80,0,0.0,13.333333333333334,0.0
P02366,183000.0,34,FC Nantes,Ligue 1 Uber Eats,SVN,Goalkeeper,184,0,0.0,10.222222222222221,0.0
P02367,183000.0,21,Barcelona,La Liga,MEX,Defender,100,3,0.03,20.0,0.6
P02368,182000.0,19,Chelsea,Premier League,ENG,Forward,0,0,0.0,0.0,0.0
P02369,182000.0,19,Aston Villa,Premier League,ENG,Defender,51,0,0.0,17.0,0.0
P02370,182000.0,18,Chelsea,Premier League,ENG,Defender,0,0,0.0,0.0,0.0
P02371,182000.0,22,Chelsea,Premier League,NED,Defender,51,0,0.0,8.5,0.0
P02372,182000.0,20,Chelsea,Premier League,ENG,Defender,0,0,0.0,0.0,0.0
P02373,181000.0,20,Udinese,Serie A,IRL,Defender,40,0,0.0,10.0,0.0
P02374,181000.0,22,Cadiz,La Liga,ESP,Defender,57,0,0.0,9.5,0.0
P02375,181000.0,23,Salento,Serie A,DEN,Midfielder,129,0,0.0,18.428571428571427,0.0
P02376,181000.0,27,Santa Clara,Primiera Liga,PAR,Forward,177,0,0.0,16.09090909090909,0.0
P02377,179000.0,30,Almeria,La Liga,ESP,Defender,363,0,0.0,25.928571428571427,0.0
P02378,179000.0,23,1. FC Koln,Bundesliga,GER,Midfielder,98,0,0.0,14.0,0.0
P02379,179000.0,26,FC Nantes,Ligue 1 Uber Eats,FRA,Goalkeeper,61,0,0.0,6.1,0.0
P02380,179000.0,26,Estoril Praia,Primiera Liga,POR,Midfielder,207,0,0.0,20.7,0.0
P02381,179000.0,22,Brest,Ligue 1 Uber Eats,SEN,Defender,78,0,0.0,13.0,0.0
P02382,179000.0,24,Reims,Ligue 1 Uber Eats,BEL,Defender,56,0,0.0,7.0,0.0
P02383,179000.0,22,Verona,Serie A,BEL,Forward,89,0,0.0,14.833333333333334,0.0
P02384,179000.0,22,Spezia,Serie A,SWE,Defender,81,0,0.0,13.5,0.0
P02385,179000.0,21,1. FC Koln,Bundesliga,LUX,Midfielder,60,6,0.1,12.0,1.2
P02386,179000.0,20,Hoffenheim,Bundesliga,GER,Forward,34,0,0.0,8.5,0.0
P02387,179000.0,18,Barcelona,La Liga,ESP,Defender,24,0,0.0,12.0,0.0
P02388,179000.0,19,Barcelona,La Liga,ESP,Midfielder,56,0,0.0,18.666666666666668,0.0
P02389,178000.0,24,Girona,La Liga,ESP,Defender,164,0,0.0,20.5,0.0
P02390,177000.0,34,MRT,Primiera Liga,MOZ,Defender,269,63,0.2342007434944238,14.944444444444445,3.5
P02391,177000.0,29,VTSC,Primiera Liga,ANG,Defender,184,4,0.021739130434782608,14.153846153846153,0.3076923076923077
P02392,177000.0,29,VTSC,Primiera Liga,VEN,Defender,190,31,0.1631578947368421,14.615384615384615,2.3846153846153846
P02393,176000.0,28,Cadiz,La Liga,ESP,Goalkeeper,131,0,0.0,10.916666666666666,0.0
P02394,174000.0,24,Cadiz,La Liga,SEN,Defender,71,0,0.0,8.875,0.0
P02395,174000.0,23,Toulouse FC,Ligue 1 Uber Eats,AUS,Midfielder,106,3,0.02830188679245283,15.142857142857142,0.42857142857142855
P02396,173000.0,28,SC Freiburg,Bundesliga,NED,Forward,248,0,0.0,20.666666666666668,0.0
P02397,173000.0,23,Famalicao,Primiera Liga,POR,Defender,51,0,0.0,7.285714285714286,0.0
P02398,172000.0,26,AJ Auxerre,Ligue 1 Uber Eats,FRA,Midfielder,153,0,0.0,15.3,0.0
P02399,172000.0,27,Salernitana,Serie A,ITA,Defender,203,0,0.0,18.454545454545453,0.0
P02400,172000.0,18,Mainz 05,Bundesliga,GER,Forward,5,0,0.0,2.5,0.0
P02401,172000.0,18,VfL Wolfsburg,Bundesliga,GER,Defender,0,0,0.0,0.0,0.0
P02402,172000.0,26,VfL Wolfsburg,Bundesliga,GER,Goalkeeper,35,0,0.0,3.5,0.0
P02403,172000.0,28,VfL Bochum,Bundesliga,GHA,Midfielder,277,3,0.010830324909747292,23.083333333333332,0.25
P02404,171000.0,29,Clermont,Ligue 1 Uber Eats,ANG,Defender,257,2,0.007782101167315175,19.76923076923077,0.15384615384615385
P02405,171000.0,20,PTM,Primiera Liga,COL,Defender,28,0,0.0,7.0,0.0
P02406,170000.0,34,P. Ferreira,Primiera Liga,ARG,Midfielder,339,19,0.05604719764011799,18.833333333333332,1.0555555555555556
P02407,169000.0,22,Rio Ave,Primiera Liga,ESP,Midfielder,68,0,0.0,11.333333333333334,0.0
P02408,169000.0,21,Espanyol,La Liga,ESP,Midfielder,108,0,0.0,21.6,0.0
P02409,169000.0,27,Estoril Praia,Primiera Liga,POR,Midfielder,202,0,0.0,18.363636363636363,0.0
P02410,169000.0,23,A. Bilbao,La Liga,ESP,Midfielder,136,0,0.0,19.428571428571427,0.0
P02411,168000.0,18,RB Leipzig,Bundesliga,GER,Defender,0,0,0.0,0.0,0.0
P02412,168000.0,31,AC Ajaccio,Ligue 1 Uber Eats,FRA,Forward,245,0,0.0,16.333333333333332,0.0
P02413,168000.0,25,AC Ajaccio,Ligue 1 Uber Eats,SUI,Midfielder,127,0,0.0,14.11111111111111,0.0
P02414,168000.0,20,MRT,Primiera Liga,ESP,Forward,46,0,0.0,11.5,0.0
P02415,168000.0,33,Rio Ave,Primiera Liga,BRA,Defender,278,0,0.0,16.352941176470587,0.0
P02416,168000.0,27,Famalicao,Primiera Liga,VEN,Forward,212,4,0.018867924528301886,19.272727272727273,0.36363636363636365
P02417,168000.0,25,AC Ajaccio,Ligue 1 Uber Eats,CIV,Defender,93,1,0.010752688172043012,10.333333333333334,0.1111111111111111
P02418,168000.0,23,AC Ajaccio,Ligue 1 Uber Eats,FRA,Forward,83,0,0.0,11.857142857142858,0.0
P02419,167000.0,20,Rennes,Ligue 1 Uber Eats,CMR,Defender,28,1,0.03571428571428571,7.0,0.25
P02420,166000.0,20,Juventus,Serie A,ITA,Forward,33,0,0.0,8.25,0.0
P02421,166000.0,21,MRT,Primiera Liga,POR,Defender,74,0,0.0,14.8,0.0
P02422,165000.0,18,Salento,Serie A,CZE,Midfielder,30,0,0.0,15.0,0.0
P02423,165000.0,32,Salernitana,Serie A,ITA,Goalkeeper,251,0,0.0,15.6875,0.0
P02424,164000.0,25,Spezia,Serie A,ITA,Defender,158,0,0.0,17.555555555555557,0.0
P02425,164000.0,33,Sampdoria,Serie A,ITA,Goalkeeper,322,0,0.0,18.941176470588236,0.0
P02426,164000.0,28,Spezia,Serie A,GHA,Forward,255,3,0.011764705882352941,21.25,0.25
P02427,164000.0,21,Empoli,Serie A,ITA,Defender,113,0,0.0,22.6,0.0
P02428,164000.0,32,Salento,Serie A,ITA,Defender,270,0,0.0,16.875,0.0
P02429,164000.0,25,Lazio,Serie A,LTU,Goalkeeper,51,0,0.0,5.666666666666667,0.0
P02430,164000.0,31,Atalanta,Serie A,ITA,Goalkeeper,142,0,0.0,9.466666666666667,0.0
P02431,163000.0,18,LOSC,Ligue 1 Uber Eats,CMR,Midfielder,2,0,0.0,1.0,0.0
P02432,162000.0,21,1. FC Koln,Bundesliga,CRO,Defender,92,0,0.0,18.4,0.0
P02433,162000.0,22,Angers SCO,Ligue 1 Uber Eats,FRA,Midfielder,79,0,0.0,13.166666666666666,0.0
P02434,161000.0,20,Sampdoria,Serie A,ESP,Midfielder,8,0,0.0,2.0,0.0
P02435,161000.0,23,Almeria,La Liga,ESP,Defender,128,0,0.0,18.285714285714285,0.0
P02436,160000.0,25,Casa Pia,Primiera Liga,BRA,Forward,97,0,0.0,10.777777777777779,0.0
P02437,160000.0,21,Estoril Praia,Primiera Liga,POR,Forward,53,0,0.0,10.6,0.0
P02438,160000.0,31,Girona,La Liga,ESP,Forward,432,0,0.0,28.8,0.0
P02439,160000.0,26,Elche,La Liga,ARG,Goalkeeper,58,0,0.0,5.8,0.0
P02440,159000.0,20,Sampdoria,Serie A,ARG,Defender,24,0,0.0,6.0,0.0
P02441,159000.0,22,Cremonese,Serie A,ITA,Goalkeeper,89,0,0.0,14.833333333333334,0.0
P02442,159000.0,24,Bologna,Serie A,NGA,Forward,113,0,0.0,14.125,0.0
P02443,159000.0,21,Salento,Serie A,NOR,Midfielder,45,1,0.022222222222222223,9.0,0.2
P02444,159000.0,21,Brest,Ligue 1 Uber Eats,ARG,Goalkeeper,4,0,0.0,0.8,0.0
P02445,158000.0,29,BVT,Primiera Liga,COL,Midfielder,206,10,0.04854368932038835,15.846153846153847,0.7692307692307693
P02446,157000.0,24,BVT,Primiera Liga,POR,Defender,105,0,0.0,13.125,0.0
P02447,157000.0,21,Famalicao,Primiera Liga,BRA,Goalkeeper,58,0,0.0,11.6,0.0
P02448,157000.0,33,Rio Ave,Primiera Liga,GRE,Defender,287,39,0.13588850174216027,16.88235294117647,2.2941176470588234
P02449,157000.0,26,Estoril Praia,Primiera Liga,CMR,Midfielder,97,11,0.1134020618556701,9.7,1.1
P02450,157000.0,19,Benfica,Primiera Liga,POR,Midfielder,40,0,0.0,13.333333333333334,0.0
P02451,157000.0,25,BVT,Primiera Liga,CGO,Midfielder,147,14,0.09523809523809523,16.333333333333332,1.5555555555555556
P02452,157000.0,33,Estoril Praia,Primiera Liga,POR,Defender,363,0,0.0,21.352941176470587,0.0
P02453,157000.0,28,PTM,Primiera Liga,COL,Forward,207,0,0.0,17.25,0.0
P02454,157000.0,28,MRT,Primiera Liga,BRA,Defender,129,0,0.0,10.75,0.0
P02455,157000.0,22,Famalicao,Primiera Liga,BRA,Midfielder,75,0,0.0,12.5,0.0
P02456,157000.0,20,Gil Vicente,Primiera Liga,POR,Defender,60,0,0.0,15.0,0.0
P02457,157000.0,29,Gil Vicente,Primiera Liga,POR,Defender,259,0,0.0,19.923076923076923,0.0
P02458,157000.0,19,Sporting CP,Primiera Liga,POR,Midfielder,9,0,0.0,3.0,0.0
P02459,156000.0,19,Sampdoria,Serie A,ITA,Forward,1,0,0.0,0.3333333333333333,0.0
P02460,156000.0,18,Chelsea,Premier League,ENG,Forward,0,0,0.0,0.0,0.0
P02461,156000.0,18,Man City,Premier League,ENG,Midfielder,0,0,0.0,0.0,0.0
P02462,156000.0,19,Arsenal,Premier League,NED,Midfielder,0,0,0.0,0.0,0.0
P02463,156000.0,20,Tottenham,Premier League,ENG,Defender,2,0,0.0,0.5,0.0
P02464,156000.0,18,Brentford,Premier League,UKR,Midfielder,21,0,0.0,10.5,0.0
P02465,156000.0,21,Crystal Palace,Premier League,NIR,Defender,115,0,0.0,23.0,0.0
P02466,156000.0,19,Tottenham,Premier League,ENG,Midfielder,0,0,0.0,0.0,0.0
P02467,156000.0,19,Leicester,Premier League,ENG,Forward,1,0,0.0,0.3333333333333333,0.0
P02468,156000.0,19,Man City,Premier League,ENG,Midfielder,3,0,0.0,1.0,0.0
P02469,156000.0,18,Man City,Premier League,POR,Forward,1,0,0.0,0.5,0.0
P02470,156000.0,18,Aston Villa,Premier League,POL,Goalkeeper,0,0,0.0,0.0,0.0
P02471,156000.0,22,Leicester,Premier League,RSA,Midfielder,14,0,0.0,2.3333333333333335,0.0
P02472,156000.0,18,Man City,Premier League,ENG,Goalkeeper,0,0,0.0,0.0,0.0
P02473,156000.0,18,Man City,Premier League,ENG,Forward,0,0,0.0,0.0,0.0
P02474,156000.0,18,Wolves,Premier League,ENG,Midfielder,0,0,0.0,0.0,0.0
P02475,156000.0,18,Man City,Premier League,SCO,Midfielder,0,0,0.0,0.0,0.0
P02476,156000.0,18,Man City,Premier League,SCO,Forward,1,0,0.0,0.5,0.0
P02477,156000.0,20,Man City,Premier League,ENG,Defender,0,0,0.0,0.0,0.0
P02478,155000.0,21,Espanyol,La Liga,ESP,Goalkeeper,21,0,0.0,4.2,0.0
P02479,155000.0,24,AC Ajaccio,Ligue 1 Uber Eats,FRA,Midfielder,20,0,0.0,2.5,0.0
P02480,153000.0,25,A. Bilbao,La Liga,ESP,Forward,224,0,0.0,24.88888888888889,0.0
P02481,153000.0,23,Vallecano,La Liga,ESP,Forward,148,0,0.0,21.142857142857142,0.0
P02482,150000.0,24,Famalicao,Primiera Liga,PAN,Midfielder,94,39,0.4148936170212766,11.75,4.875
P02483,150000.0,33,Estoril Praia,Primiera Liga,MOZ,Defender,353,58,0.1643059490084986,20.764705882352942,3.411764705882353
P02484,150000.0,25,BVT,Primiera Liga,VEN,Forward,119,20,0.16806722689075632,13.222222222222221,2.2222222222222223
P02485,150000.0,21,Getafe,La Liga,ESP,Forward,55,0,0.0,11.0,0.0
P02486,150000.0,23,Rio Ave,Primiera Liga,BRA,Defender,102,0,0.0,14.571428571428571,0.0
P02487,150000.0,20,Chaves,Primiera Liga,ESP,Forward,65,0,0.0,16.25,0.0
P02488,149000.0,23,Girona,La Liga,URU,Defender,114,0,0.0,16.285714285714285,0.0
P02489,148000.0,22,Real Hispalis,La Liga,ARG,Midfielder,93,0,0.0,15.5,0.0
P02490,147000.0,19,Toulouse FC,Ligue 1 Uber Eats,ALG,Midfielder,6,0,0.0,2.0,0.0
P02491,147000.0,20,Reims,Ligue 1 Uber Eats,SEN,Midfielder,36,1,0.027777777777777776,9.0,0.25
P02492,147000.0,19,Reims,Ligue 1 Uber Eats,MLI,Midfielder,14,0,0.0,4.666666666666667,0.0
P02493,147000.0,25,Angers SCO,Ligue 1 Uber Eats,ALG,Midfielder,83,3,0.03614457831325301,9.222222222222221,0.3333333333333333
P02494,147000.0,22,SV Werder,Bundesliga,GER,Defender,91,0,0.0,15.166666666666666,0.0
P02495,147000.0,19,Angers SCO,Ligue 1 Uber Eats,FRA,Defender,38,0,0.0,12.666666666666666,0.0
P02496,147000.0,22,Reims,Ligue 1 Uber Eats,FRA,Goalkeeper,3,0,0.0,0.5,0.0
P02497,147000.0,23,Brianza,Serie A,ITA,Midfielder,92,0,0.0,13.142857142857142,0.0
P02498,146000.0,26,VfL Bochum,Bundesliga,GAM,Defender,149,6,0.040268456375838924,14.9,0.6
P02499,146000.0,22,Santa Clara,Primiera Liga,BRA,Midfielder,18,0,0.0,3.0,0.0
P02500,146000.0,23,Famalicao,Primiera Liga,BRA,Defender,101,0,0.0,14.428571428571429,0.0
P02501,146000.0,27,BRG,Primiera Liga,POR,Goalkeeper,163,0,0.0,14.818181818181818,0.0
P02502,145000.0,21,Toulouse FC,Ligue 1 Uber Eats,NED,Forward,67,0,0.0,13.4,0.0
P02503,144000.0,22,Mallorca,La Liga,ESP,Goalkeeper,57,0,0.0,9.5,0.0
P02504,144000.0,27,Arouca,Primiera Liga,POR,Defender,232,0,0.0,21.09090909090909,0.0
P02505,144000.0,21,FC Lorient,Ligue 1 Uber Eats,CMR,Defender,70,0,0.0,14.0,0.0
P02506,143000.0,20,Spezia,Serie A,LVA,Forward,106,23,0.2169811320754717,26.5,5.75
P02507,143000.0,35,P. Ferreira,Primiera Liga,POR,Defender,341,13,0.03812316715542522,17.94736842105263,0.6842105263157895
P02508,143000.0,24,Clermont,Ligue 1 Uber Eats,FRA,Goalkeeper,28,0,0.0,3.5,0.0
P02509,143000.0,19,RB Leipzig,Bundesliga,USA,Forward,64,0,0.0,21.333333333333332,0.0
P02510,141000.0,23,P. Ferreira,Primiera Liga,ESP,Forward,67,0,0.0,9.571428571428571,0.0
P02511,141000.0,41,BVT,Primiera Liga,BRA,Goalkeeper,354,0,0.0,14.16,0.0
P02512,141000.0,23,Famalicao,Primiera Liga,POR,Defender,92,0,0.0,13.142857142857142,0.0
P02513,141000.0,26,Famalicao,Primiera Liga,ESP,Defender,142,0,0.0,14.2,0.0
P02514,141000.0,27,Famalicao,Primiera Liga,POR,Forward,233,0,0.0,21.181818181818183,0.0
P02515,141000.0,24,Gil Vicente,Primiera Liga,ESP,Forward,149,0,0.0,18.625,0.0
P02516,141000.0,20,Benfica,Primiera Liga,POR,Forward,25,0,0.0,6.25,0.0
P02517,141000.0,24,MRT,Primiera Liga,POR,Midfielder,135,0,0.0,16.875,0.0
P02518,141000.0,25,Rio Ave,Primiera Liga,BRA,Defender,88,0,0.0,9.777777777777779,0.0
P02519,141000.0,26,Santa Clara,Primiera Liga,ESP,Defender,136,0,0.0,13.6,0.0
P02520,141000.0,25,Rio Ave,Primiera Liga,POR,Midfielder,113,0,0.0,12.555555555555555,0.0
P02521,141000.0,32,Famalicao,Primiera Liga,POR,Defender,275,0,0.0,17.1875,0.0
P02522,141000.0,21,Chaves,Primiera Liga,POR,Defender,38,0,0.0,7.6,0.0
P02523,141000.0,25,Gil Vicente,Primiera Liga,ESP,Defender,131,0,0.0,14.555555555555555,0.0
P02524,141000.0,31,Rio Ave,Primiera Liga,POR,Midfielder,241,0,0.0,16.066666666666666,0.0
P02525,141000.0,24,VTSC,Primiera Liga,BRA,Forward,140,0,0.0,17.5,0.0
P02526,141000.0,21,Estoril Praia,Primiera Liga,POR,Defender,44,0,0.0,8.8,0.0
P02527,141000.0,22,AC Ajaccio,Ligue 1 Uber Eats,FRA,Defender,31,0,0.0,5.166666666666667,0.0
P02528,140000.0,21,Hoffenheim,Bundesliga,GER,Goalkeeper,47,0,0.0,9.4,0.0
P02529,140000.0,19,AJ Auxerre,Ligue 1 Uber Eats,FRA,Defender,18,0,0.0,6.0,0.0
P02530,140000.0,19,Inter,Serie A,ITA,Defender,1,0,0.0,0.3333333333333333,0.0
P02531,139000.0,22,Santa Clara,Primiera Liga,BRA,Forward,36,0,0.0,6.0,0.0
P02532,139000.0,25,Elche,La Liga,ESP,Midfielder,210,0,0.0,23.333333333333332,0.0
P02533,138000.0,18,Vigo,La Liga,SWE,Midfielder,58,0,0.0,29.0,0.0
P02534,138000.0,23,Atletico Pamplona,La Liga,ESP,Defender,140,0,0.0,20.0,0.0
P02535,138000.0,24,Getafe,La Liga,ESP,Defender,154,0,0.0,19.25,0.0
P02536,138000.0,24,Almeria,La Liga,ESP,Defender,152,0,0.0,19.0,0.0
P02537,138000.0,24,Mallorca,La Liga,ESP,Midfielder,197,0,0.0,24.625,0.0
P02538,138000.0,23,Getafe,La Liga,ESP,Midfielder,88,0,0.0,12.571428571428571,0.0
P02539,138000.0,23,Vallecano,La Liga,ESP,Defender,133,0,0.0,19.0,0.0
P02540,138000.0,21,Valencia,La Liga,GEO,Goalkeeper,80,3,0.0375,16.0,0.6
P02541,138000.0,23,Vallecano,La Liga,ESP,Defender,77,0,0.0,11.0,0.0
P02542,138000.0,19,Girona,La Liga,ESP,Defender,55,0,0.0,18.333333333333332,0.0
P02543,138000.0,24,Cadiz,La Liga,PAR,Defender,117,21,0.1794871794871795,14.625,2.625
P02544,138000.0,22,Elche,La Liga,ARG,Defender,49,0,0.0,8.166666666666666,0.0
P02545,138000.0,19,Almeria,La Liga,SRB,Forward,18,0,0.0,6.0,0.0
P02546,138000.0,25,Real San Sebastian,La Liga,ESP,Goalkeeper,104,0,0.0,11.555555555555555,0.0
P02547,137000.0,22,Angers SCO,Ligue 1 Uber Eats,FRA,Forward,17,0,0.0,2.8333333333333335,0.0
P02548,137000.0,32,Famalicao,Primiera Liga,POR,Midfielder,382,0,0.0,23.875,0.0
P02549,136000.0,19,Sampdoria,Serie A,SVN,Goalkeeper,10,0,0.0,3.3333333333333335,0.0
P02550,136000.0,30,Atletico Pamplona,La Liga,ESP,Defender,258,0,0.0,18.428571428571427,0.0
P02551,135000.0,27,Montpellier,Ligue 1 Uber Eats,MLI,Defender,177,28,0.15819209039548024,16.09090909090909,2.5454545454545454
P02552,135000.0,20,MRT,Primiera Liga,POR,Defender,66,0,0.0,16.5,0.0
P02553,135000.0,23,VTSC,Primiera Liga,POR,Forward,132,0,0.0,18.857142857142858,0.0
P02554,135000.0,26,Gil Vicente,Primiera Liga,IRN,Forward,272,3,0.011029411764705883,27.2,0.3
P02555,134000.0,18,Eintracht Frankfurt,Bundesliga,ALB,Goalkeeper,28,0,0.0,14.0,0.0
P02556,134000.0,21,VfL Bochum,Bundesliga,GER,Midfielder,69,0,0.0,13.8,0.0
P02557,134000.0,22,Cremonese,Serie A,ITA,Defender,102,0,0.0,17.0,0.0
P02558,134000.0,29,Mallorca,La Liga,ESP,Forward,323,0,0.0,24.846153846153847,0.0
P02559,134000.0,21,Gil Vicente,Primiera Liga,ESP,Midfielder,58,0,0.0,11.6,0.0
P02560,134000.0,36,AC Ajaccio,Ligue 1 Uber Eats,FRA,Midfielder,426,0,0.0,21.3,0.0
P02561,133000.0,27,SV Werder,Bundesliga,GER,Goalkeeper,125,0,0.0,11.363636363636363,0.0
P02562,133000.0,22,Girona,La Liga,MLI,Midfielder,51,0,0.0,8.5,0.0
P02563,133000.0,22,Cremonese,Serie A,ITA,Goalkeeper,55,0,0.0,9.166666666666666,0.0
P02564,132000.0,27,VTSC,Primiera Liga,BRA,Forward,165,0,0.0,15.0,0.0
P02565,132000.0,21,Famalicao,Primiera Liga,ESP,Midfielder,102,0,0.0,20.4,0.0
P02566,132000.0,37,P. Ferreira,Primiera Liga,BRA,Midfielder,348,0,0.0,16.571428571428573,0.0
P02567,132000.0,30,BVT,Primiera Liga,BRA,Goalkeeper,42,0,0.0,3.0,0.0
P02568,132000.0,27,BVT,Primiera Liga,CUW,Forward,127,10,0.07874015748031496,11.545454545454545,0.9090909090909091
P02569,132000.0,27,Santa Clara,Primiera Liga,BRA,Forward,174,0,0.0,15.818181818181818,0.0
P02570,132000.0,22,Estoril Praia,Primiera Liga,POR,Defender,56,0,0.0,9.333333333333334,0.0
P02571,132000.0,32,Famalicao,Primiera Liga,POR,Forward,265,0,0.0,16.5625,0.0
P02572,130000.0,20,Liverpool,Premier League,WAL,Defender,5,0,0.0,1.25,0.0
P02573,130000.0,18,Liverpool,Premier League,ENG,Defender,0,0,0.0,0.0,0.0
P02574,130000.0,19,Liverpool,Premier League,ENG,Midfielder,2,0,0.0,0.6666666666666666,0.0
P02575,130000.0,19,Liverpool,Premier League,ENG,Goalkeeper,0,0,0.0,0.0,0.0
P02576,130000.0,18,Chelsea,Premier League,ENG,Goalkeeper,0,0,0.0,0.0,0.0
P02577,130000.0,19,Liverpool,Premier League,ENG,Forward,13,0,0.0,4.333333333333333,0.0
P02578,130000.0,18,Chelsea,Premier League,FIN,Midfielder,0,0,0.0,0.0,0.0
P02579,130000.0,18,Liverpool,Premier League,ENG,Forward,0,0,0.0,0.0,0.0
P02580,130000.0,18,Brentford,Premier League,ENG,Forward,0,0,0.0,0.0,0.0
P02581,130000.0,18,Liverpool,Premier League,ENG,Midfielder,16,0,0.0,8.0,0.0
P02582,130000.0,19,Liverpool,Premier League,FRA,Defender,9,0,0.0,3.0,0.0
P02583,130000.0,19,Leicester,Premier League,ENG,Forward,0,0,0.0,0.0,0.0
P02584,130000.0,21,Tottenham,Premier League,ENG,Defender,0,0,0.0,0.0,0.0
P02585,130000.0,20,Arsenal,Premier League,EST,Goalkeeper,10,14,1.4,2.5,3.5
P02586,130000.0,21,Everton,Premier League,ENG,Forward,62,0,0.0,12.4,0.0
P02587,130000.0,20,Chelsea,Premier League,USA,Goalkeeper,23,0,0.0,5.75,0.0
P02588,130000.0,19,Liverpool,Premier League,ENG,Defender,0,0,0.0,0.0,0.0
P02589,130000.0,19,Liverpool,Premier League,ENG,Midfielder,0,0,0.0,0.0,0.0
P02590,130000.0,23,Newcastle,Premier League,PER,Midfielder,63,0,0.0,9.0,0.0
P02591,130000.0,20,Liverpool,Premier League,USA,Midfielder,0,0,0.0,0.0,0.0
P02592,130000.0,19,Man UFC,Premier League,FRA,Forward,0,0,0.0,0.0,0.0
P02593,130000.0,21,Liverpool,Premier League,NGA,Defender,0,0,0.0,0.0,0.0
P02594,130000.0,20,Fulham,Premier League,BUL,Forward,38,0,0.0,9.5,0.0
P02595,130000.0,22,Southampton,Premier League,ENG,Defender,26,0,0.0,4.333333333333333,0.0
P02596,130000.0,19,Brentford,Premier League,ENG,Defender,0,0,0.0,0.0,0.0
P02597,130000.0,19,Brentford,Premier League,ENG,Midfielder,2,0,0.0,0.6666666666666666,0.0
P02598,130000.0,18,Valencia,La Liga,ESP,Defender,9,0,0.0,4.5,0.0
P02599,130000.0,19,Leicester,Premier League,WAL,Midfielder,0,0,0.0,0.0,0.0
P02600,130000.0,20,Fulham,Premier League,ENG,Goalkeeper,40,0,0.0,10.0,0.0
P02601,130000.0,20,Chelsea,Premier League,FIN,Goalkeeper,23,0,0.0,5.75,0.0
P02602,130000.0,19,Newcastle,Premier League,ENG,Defender,0,0,0.0,0.0,0.0
P02603,130000.0,18,Newcastle,Premier League,ENG,Defender,0,0,0.0,0.0,0.0
P02604,130000.0,19,Chelsea,Premier League,ENG,Forward,16,0,0.0,5.333333333333333,0.0
P02605,130000.0,19,Liverpool,Premier League,POL,Goalkeeper,31,0,0.0,10.333333333333334,0.0
P02606,130000.0,20,Brentford,Premier League,FRA,Defender,5,0,0.0,1.25,0.0
P02607,130000.0,18,Chelsea,Premier League,ENG,Defender,6,0,0.0,3.0,0.0
P02608,130000.0,18,Chelsea,Premier League,MAR,Goalkeeper,5,0,0.0,2.5,0.0
P02609,130000.0,20,Aston Villa,Premier League,ENG,Defender,5,0,0.0,1.25,0.0
P02610,130000.0,18,Chelsea,Premier League,ENG,Defender,0,0,0.0,0.0,0.0
P02611,130000.0,19,Man UFC,Premier League,ENG,Defender,6,0,0.0,2.0,0.0
P02612,130000.0,19,Wolves,Premier League,POR,Defender,13,0,0.0,4.333333333333333,0.0
P02613,129000.0,19,Montpellier,Ligue 1 Uber Eats,CGO,Forward,25,10,0.4,8.333333333333334,3.3333333333333335
P02614,129000.0,23,Fiorentina,Serie A,ITA,Goalkeeper,43,0,0.0,6.142857142857143,0.0
P02615,129000.0,22,MRT,Primiera Liga,BRA,Midfielder,47,0,0.0,7.833333333333333,0.0
P02616,128000.0,18,OL,Ligue 1 Uber Eats,FRA,Midfielder,6,0,0.0,3.0,0.0
P02617,128000.0,19,Valencia,La Liga,URU,Defender,43,0,0.0,14.333333333333334,0.0
P02618,128000.0,24,Famalicao,Primiera Liga,ALB,Defender,70,8,0.11428571428571428,8.75,1.0
P02619,128000.0,25,VIZ,Primiera Liga,MLI,Forward,88,1,0.011363636363636364,9.777777777777779,0.1111111111111111
P02620,128000.0,26,VIZ,Primiera Liga,POR,Defender,154,0,0.0,15.4,0.0
P02621,128000.0,24,Estoril Praia,Primiera Liga,FRA,Midfielder,110,0,0.0,13.75,0.0
P02622,128000.0,27,Salento,Serie A,ITA,Goalkeeper,145,0,0.0,13.181818181818182,0.0
P02623,128000.0,25,Cremonese,Serie A,ITA,Defender,134,0,0.0,14.88888888888889,0.0
P02624,128000.0,23,Angers SCO,Ligue 1 Uber Eats,BIH,Defender,77,0,0.0,11.0,0.0
P02625,128000.0,20,Brest,Ligue 1 Uber Eats,FRA,Defender,24,0,0.0,6.0,0.0
P02626,128000.0,20,Angers SCO,Ligue 1 Uber Eats,FRA,Midfielder,11,0,0.0,2.75,0.0
P02627,127000.0,32,Almeria,La Liga,ESP,Goalkeeper,404,0,0.0,25.25,0.0
P02628,126000.0,35,AC Ajaccio,Ligue 1 Uber Eats,GLP,Defender,411,13,0.031630170316301706,21.63157894736842,0.6842105263157895
P02629,125000.0,20,P. Ferreira,Primiera Liga,BRA,Forward,26,0,0.0,6.5,0.0
P02630,125000.0,21,Vigo,La Liga,ESP,Defender,46,0,0.0,9.2,0.0
P02631,124000.0,28,VTSC,Primiera Liga,GHA,Midfielder,104,0,0.0,8.666666666666666,0.0
P02632,124000.0,24,VTSC,Primiera Liga,FRA,Midfielder,85,0,0.0,10.625,0.0
P02633,124000.0,23,BVT,Primiera Liga,MNE,Midfielder,92,3,0.03260869565217391,13.142857142857142,0.42857142857142855
P02634,124000.0,20,Lazio,Serie A,ITA,Midfielder,1,0,0.0,0.25,0.0
P02635,123000.0,25,VfL Bochum,Bundesliga,GER,Defender,180,0,0.0,20.0,0.0
P02636,123000.0,31,Rio Ave,Primiera Liga,BRA,Goalkeeper,123,0,0.0,8.2,0.0
P02637,123000.0,26,Chaves,Primiera Liga,SEN,Midfielder,143,6,0.04195804195804196,14.3,0.6
P02638,123000.0,21,MRT,Primiera Liga,POR,Defender,39,0,0.0,7.8,0.0
P02639,123000.0,20,Benfica,Primiera Liga,POR,Goalkeeper,12,0,0.0,3.0,0.0
P02640,123000.0,21,Toulouse FC,Ligue 1 Uber Eats,FRA,Defender,48,0,0.0,9.6,0.0
P02641,123000.0,20,Benfica,Primiera Liga,ALB,Defender,7,1,0.14285714285714285,1.75,0.25
P02642,123000.0,20,VTSC,Primiera Liga,ITA,Defender,40,0,0.0,10.0,0.0
P02643,123000.0,26,PTM,Primiera Liga,MAR,Defender,122,0,0.0,12.2,0.0
P02644,123000.0,26,Chaves,Primiera Liga,ESP,Forward,207,0,0.0,20.7,0.0
P02645,123000.0,34,Rio Ave,Primiera Liga,POR,Midfielder,366,0,0.0,20.333333333333332,0.0
P02646,123000.0,32,MRT,Primiera Liga,GEO,Goalkeeper,204,17,0.08333333333333333,12.75,1.0625
P02647,123000.0,25,Famalicao,Primiera Liga,RUS,Goalkeeper,73,0,0.0,8.11111111111111,0.0
P02648,123000.0,34,Gil Vicente,Primiera Liga,POR,Midfielder,415,0,0.0,23.055555555555557,0.0
P02649,123000.0,31,Gil Vicente,Primiera Liga,RUS,Goalkeeper,202,2,0.009900990099009901,13.466666666666667,0.13333333333333333
P02650,123000.0,26,Rio Ave,Primiera Liga,GHA,Forward,155,7,0.04516129032258064,15.5,0.7
P02651,123000.0,25,VIZ,Primiera Liga,POR,Defender,156,0,0.0,17.333333333333332,0.0
P02652,123000.0,34,VIZ,Primiera Liga,BRA,Midfielder,402,0,0.0,22.333333333333332,0.0
P02653,123000.0,31,BVT,Primiera Liga,FRA,Defender,225,0,0.0,15.0,0.0
P02654,123000.0,27,Chaves,Primiera Liga,CPV,Defender,237,23,0.0970464135021097,21.545454545454547,2.090909090909091
P02655,122000.0,35,AC Ajaccio,Ligue 1 Uber Eats,TUN,Forward,332,6,0.018072289156626505,17.473684210526315,0.3157894736842105
P02656,120000.0,19,Sampdoria,Serie A,ITA,Midfielder,3,0,0.0,1.0,0.0
P02657,120000.0,24,Cadiz,La Liga,MLI,Midfielder,56,0,0.0,7.0,0.0
P02658,119000.0,19,LOSC,Ligue 1 Uber Eats,FRA,Midfielder,46,0,0.0,15.333333333333334,0.0
P02659,119000.0,27,Chaves,Primiera Liga,BRA,Defender,159,0,0.0,14.454545454545455,0.0
P02660,119000.0,29,PTM,Primiera Liga,BRA,Forward,187,0,0.0,14.384615384615385,0.0
P02661,119000.0,28,BVT,Primiera Liga,GAM,Forward,176,6,0.03409090909090909,14.666666666666666,0.5
P02662,119000.0,25,VTSC,Primiera Liga,POR,Defender,134,0,0.0,14.88888888888889,0.0
P02663,116000.0,21,Toulouse FC,Ligue 1 Uber Eats,NOR,Defender,98,0,0.0,19.6,0.0
P02664,114000.0,21,Arsenal,Premier League,ENG,Midfielder,81,0,0.0,16.2,0.0
P02665,114000.0,19,Empoli,Serie A,ITA,Midfielder,0,0,0.0,0.0,0.0
P02666,113000.0,21,Reims,Ligue 1 Uber Eats,NOR,Forward,37,0,0.0,7.4,0.0
P02667,113000.0,20,Benfica,Primiera Liga,POR,Defender,33,0,0.0,8.25,0.0
P02668,113000.0,27,Gil Vicente,Primiera Liga,BRA,Midfielder,147,0,0.0,13.363636363636363,0.0
P02669,112000.0,19,Hoffenheim,Bundesliga,ESP,Goalkeeper,12,0,0.0,4.0,0.0
P02670,112000.0,19,Sporting CP,Primiera Liga,POR,Defender,33,0,0.0,11.0,0.0
P02671,112000.0,22,Hertha Berlin,Bundesliga,GER,Forward,25,0,0.0,4.166666666666667,0.0
P02672,112000.0,35,MRT,Primiera Liga,POR,Forward,353,0,0.0,18.57894736842105,0.0
P02673,112000.0,24,Casa Pia,Primiera Liga,JPN,Forward,158,0,0.0,19.75,0.0
P02674,112000.0,28,PTM,Primiera Liga,BRA,Midfielder,182,0,0.0,15.166666666666666,0.0
P02675,112000.0,24,Gil Vicente,Primiera Liga,POR,Defender,116,0,0.0,14.5,0.0
P02676,112000.0,30,Salento,Serie A,ALB,Defender,258,13,0.050387596899224806,18.428571428571427,0.9285714285714286
P02677,112000.0,26,Casa Pia,Primiera Liga,NGA,Forward,172,0,0.0,17.2,0.0
P02678,112000.0,25,VTSC,Primiera Liga,JPN,Defender,186,5,0.026881720430107527,20.666666666666668,0.5555555555555556
P02679,112000.0,23,Espanyol,La Liga,BRA,Midfielder,58,0,0.0,8.285714285714286,0.0
P02680,112000.0,30,Rio Ave,Primiera Liga,POR,Defender,260,0,0.0,18.571428571428573,0.0
P02681,112000.0,28,Chaves,Primiera Liga,POR,Midfielder,218,0,0.0,18.166666666666668,0.0
P02682,112000.0,20,Famalicao,Primiera Liga,POR,Defender,34,0,0.0,8.5,0.0
P02683,112000.0,24,Rio Ave,Primiera Liga,GHA,Forward,111,0,0.0,13.875,0.0
P02684,112000.0,23,BRG,Primiera Liga,ESP,Midfielder,48,0,0.0,6.857142857142857,0.0
P02685,112000.0,24,Famalicao,Primiera Liga,ROU,Midfielder,91,0,0.0,11.375,0.0
P02686,112000.0,23,Chaves,Primiera Liga,GHA,Midfielder,95,0,0.0,13.571428571428571,0.0
P02687,112000.0,22,Toulouse FC,Ligue 1 Uber Eats,NED,Forward,56,0,0.0,9.333333333333334,0.0
P02688,112000.0,27,MRT,Primiera Liga,BRA,Defender,125,0,0.0,11.363636363636363,0.0
P02689,112000.0,30,MRT,Primiera Liga,BRA,Defender,233,0,0.0,16.642857142857142,0.0
P02690,112000.0,31,MRT,Primiera Liga,POR,Defender,272,0,0.0,18.133333333333333,0.0
P02691,112000.0,28,VIZ,Primiera Liga,BRA,Defender,140,0,0.0,11.666666666666666,0.0
P02692,112000.0,23,Famalicao,Primiera Liga,POR,Midfielder,60,0,0.0,8.571428571428571,0.0
P02693,112000.0,27,Estoril Praia,Primiera Liga,BRA,Defender,75,0,0.0,6.818181818181818,0.0
P02694,112000.0,26,Rio Ave,Primiera Liga,COL,Forward,162,0,0.0,16.2,0.0
P02695,112000.0,31,AC Ajaccio,Ligue 1 Uber Eats,FRA,Forward,277,0,0.0,18.466666666666665,0.0
P02696,112000.0,28,MRT,Primiera Liga,BRA,Defender,133,0,0.0,11.083333333333334,0.0
P02697,112000.0,19,Hertha Berlin,Bundesliga,GER,Forward,36,0,0.0,12.0,0.0
P02698,112000.0,23,VIZ,Primiera Liga,MNE,Forward,106,12,0.11320754716981132,15.142857142857142,1.7142857142857142
P02699,111000.0,23,Elche,La Liga,ARG,Defender,84,0,0.0,12.0,0.0
P02700,111000.0,19,Famalicao,Primiera Liga,FRA,Forward,4,0,0.0,1.3333333333333333,0.0
P02701,110000.0,20,Sporting CP,Primiera Liga,POR,Forward,2,0,0.0,0.5,0.0
P02702,110000.0,25,Sporting CP,Primiera Liga,POR,Goalkeeper,74,0,0.0,8.222222222222221,0.0
P02703,110000.0,34,Rio Ave,Primiera Liga,POR,Forward,316,1,0.0031645569620253164,17.555555555555557,0.05555555555555555
P02704,110000.0,23,Gil Vicente,Primiera Liga,JPN,Midfielder,116,0,0.0,16.571428571428573,0.0
P02705,110000.0,24,Estoril Praia,Primiera Liga,POR,Goalkeeper,107,0,0.0,13.375,0.0
P02706,107000.0,24,Casa Pia,Primiera Liga,CMR,Defender,60,1,0.016666666666666666,7.5,0.125
P02707,106000.0,21,Toulouse FC,Ligue 1 Uber Eats,CPV,Defender,30,3,0.1,6.0,0.6
P02708,106000.0,19,Mallorca,La Liga,COL,Forward,42,0,0.0,14.0,0.0
P02709,105000.0,30,VIZ,Primiera Liga,IRQ,Midfielder,205,20,0.0975609756097561,14.642857142857142,1.4285714285714286
P02710,105000.0,29,P. Ferreira,Primiera Liga,CHI,Defender,254,9,0.03543307086614173,19.53846153846154,0.6923076923076923
P02711,105000.0,33,Casa Pia,Primiera Liga,BRA,Forward,300,0,0.0,17.647058823529413,0.0
P02712,105000.0,24,MRT,Primiera Liga,POR,Forward,132,0,0.0,16.5,0.0
P02713,105000.0,19,Famalicao,Primiera Liga,POR,Forward,32,0,0.0,10.666666666666666,0.0
P02714,105000.0,22,Rio Ave,Primiera Liga,POR,Defender,47,0,0.0,7.833333333333333,0.0
P02715,105000.0,25,Santa Clara,Primiera Liga,POR,Defender,152,0,0.0,16.88888888888889,0.0
P02716,105000.0,30,Santa Clara,Primiera Liga,POR,Forward,266,0,0.0,19.0,0.0
P02717,105000.0,26,Casa Pia,Primiera Liga,POR,Defender,190,0,0.0,19.0,0.0
P02718,105000.0,36,Santa Clara,Primiera Liga,ARG,Goalkeeper,218,0,0.0,10.9,0.0
P02719,105000.0,26,VIZ,Primiera Liga,POR,Forward,270,0,0.0,27.0,0.0
P02720,105000.0,20,VTSC,Primiera Liga,POR,Defender,52,0,0.0,13.0,0.0
P02721,104000.0,19,Brighton,Premier League,ENG,Midfielder,0,0,0.0,0.0,0.0
P02722,104000.0,22,Everton,Premier League,ENG,Goalkeeper,32,0,0.0,5.333333333333333,0.0
P02723,104000.0,35,Man UFC,Premier League,ENG,Midfielder,468,4,0.008547008547008548,24.63157894736842,0.21052631578947367
P02724,104000.0,20,Brentford,Premier League,IRL,Forward,12,0,0.0,3.0,0.0
P02725,104000.0,18,Aston Villa,Premier League,ENG,Midfielder,1,0,0.0,0.5,0.0
P02726,104000.0,20,Brentford,Premier League,IRL,Defender,7,0,0.0,1.75,0.0
P02727,104000.0,18,Leeds,Premier League,ENG,Forward,5,0,0.0,2.5,0.0
P02728,104000.0,20,West Ham,Premier League,ENG,Midfielder,1,0,0.0,0.25,0.0
P02729,104000.0,21,Leicester,Premier League,GUY,Defender,8,2,0.25,1.6,0.4
P02730,104000.0,18,Liverpool,Premier League,POL,Goalkeeper,0,0,0.0,0.0,0.0
P02731,104000.0,18,Man UFC,Premier League,ENG,Midfielder,0,0,0.0,0.0,0.0
P02732,104000.0,19,Brighton,Premier League,IRL,Midfielder,2,0,0.0,0.6666666666666666,0.0
P02733,104000.0,19,Tottenham,Premier League,ENG,Midfielder,0,0,0.0,0.0,0.0
P02734,104000.0,19,Tottenham,Premier League,ENG,Forward,0,0,0.0,0.0,0.0
P02735,104000.0,19,Brighton,Premier League,ENG,Goalkeeper,25,0,0.0,8.333333333333334,0.0
P02736,104000.0,19,Estoril Praia,Primiera Liga,CRC,Midfielder,64,8,0.125,21.333333333333332,2.6666666666666665
P02737,104000.0,19,Brighton,Premier League,AUS,Forward,1,0,0.0,0.3333333333333333,0.0
P02738,104000.0,18,Brighton,Premier League,ENG,Forward,0,0,0.0,0.0,0.0
P02739,104000.0,23,Tottenham,Premier League,ENG,Goalkeeper,19,0,0.0,2.7142857142857144,0.0
P02740,104000.0,19,Leeds,Premier League,ENG,Forward,1,0,0.0,0.3333333333333333,0.0
P02741,104000.0,19,Brighton,Premier League,ENG,Defender,1,0,0.0,0.3333333333333333,0.0
P02742,104000.0,22,Arsenal,Premier League,NOR,Forward,40,0,0.0,6.666666666666667,0.0
P02743,104000.0,22,FC Augsburg,Bundesliga,ITA,Forward,119,0,0.0,19.833333333333332,0.0
P02744,104000.0,18,Everton,Premier League,ENG,Defender,0,0,0.0,0.0,0.0
P02745,104000.0,18,Brighton,Premier League,IRL,Forward,5,0,0.0,2.5,0.0
P02746,104000.0,18,Brighton,Premier League,SWE,Defender,0,0,0.0,0.0,0.0
P02747,104000.0,18,Brentford,Premier League,SCO,Goalkeeper,0,0,0.0,0.0,0.0
P02748,104000.0,19,Brighton,Premier League,ENG,Defender,0,0,0.0,0.0,0.0
P02749,104000.0,33,Liverpool,Premier League,ENG,Midfielder,394,0,0.0,23.176470588235293,0.0
P02750,104000.0,19,Leicester,Premier League,WAL,Defender,0,0,0.0,0.0,0.0
P02751,104000.0,22,Fulham,Premier League,AUS,Midfielder,16,0,0.0,2.6666666666666665,0.0
P02752,104000.0,19,Man UFC,Premier League,IRQ,Midfielder,1,2,2.0,0.3333333333333333,0.6666666666666666
P02753,104000.0,19,Leeds,Premier League,NED,Goalkeeper,0,0,0.0,0.0,0.0
P02754,104000.0,19,Brighton,Premier League,ENG,Goalkeeper,20,0,0.0,6.666666666666667,0.0
P02755,103000.0,36,AJ Auxerre,Ligue 1 Uber Eats,FRA,Forward,396,0,0.0,19.8,0.0
P02756,103000.0,24,Brest,Ligue 1 Uber Eats,FRA,Midfielder,104,0,0.0,13.0,0.0
P02757,103000.0,22,Mainz 05,Bundesliga,GER,Defender,56,0,0.0,9.333333333333334,0.0
P02758,103000.0,18,VfL Wolfsburg,Bundesliga,GER,Defender,0,0,0.0,0.0,0.0
P02759,101000.0,19,FC Nantes,Ligue 1 Uber Eats,FRA,Defender,40,0,0.0,13.333333333333334,0.0
P02760,101000.0,27,PTM,Primiera Liga,HON,Forward,225,18,0.08,20.454545454545453,1.6363636363636365
P02761,101000.0,24,BVT,Primiera Liga,POR,Midfielder,80,0,0.0,10.0,0.0
P02762,101000.0,27,VIZ,Primiera Liga,BRA,Defender,116,0,0.0,10.545454545454545,0.0
P02763,101000.0,27,Santa Clara,Primiera Liga,BRA,Defender,105,0,0.0,9.545454545454545,0.0
P02764,101000.0,26,Santa Clara,Primiera Liga,JPN,Defender,220,6,0.02727272727272727,22.0,0.6
P02765,101000.0,25,Chaves,Primiera Liga,BRA,Forward,137,0,0.0,15.222222222222221,0.0
P02766,101000.0,21,Benfica,Primiera Liga,JPN,Goalkeeper,9,0,0.0,1.8,0.0
P02767,101000.0,20,Estoril Praia,Primiera Liga,POR,Defender,4,0,0.0,1.0,0.0
P02768,101000.0,26,VIZ,Primiera Liga,POR,Midfielder,151,0,0.0,15.1,0.0
P02769,101000.0,22,PTM,Primiera Liga,POR,Defender,25,0,0.0,4.166666666666667,0.0
P02770,99500.0,25,Salento,Serie A,BRA,Midfielder,158,0,0.0,17.555555555555557,0.0
P02771,99000.0,19,Strasbourg,Ligue 1 Uber Eats,FRA,Defender,29,0,0.0,9.666666666666666,0.0
P02772,96500.0,22,Torino,Serie A,FRA,Defender,49,0,0.0,8.166666666666666,0.0
P02773,96500.0,18,Torino,Serie A,LTU,Midfielder,31,0,0.0,15.5,0.0
P02774,96500.0,19,BRG,Primiera Liga,POR,Forward,31,0,0.0,10.333333333333334,0.0
P02775,96500.0,34,Casa Pia,Primiera Liga,CPV,Defender,394,49,0.12436548223350254,21.88888888888889,2.7222222222222223
P02776,96500.0,21,VTSC,Primiera Liga,POR,Midfielder,48,0,0.0,9.6,0.0
P02777,96500.0,28,P. Ferreira,Primiera Liga,BRA,Defender,116,0,0.0,9.666666666666666,0.0
P02778,96500.0,26,Chaves,Primiera Liga,CPV,Defender,173,2,0.011560693641618497,17.3,0.2
P02779,96500.0,24,P. Ferreira,Primiera Liga,POR,Midfielder,125,0,0.0,15.625,0.0
P02780,96500.0,18,Benfica,Primiera Liga,POR,Defender,0,0,0.0,0.0,0.0
P02781,96000.0,23,Valencia,La Liga,ESP,Midfielder,90,0,0.0,12.857142857142858,0.0
P02782,95000.0,21,Sampdoria,Serie A,ITA,Defender,51,0,0.0,10.2,0.0
P02783,95000.0,21,Sassuolo,Serie A,ITA,Goalkeeper,22,0,0.0,4.4,0.0
P02784,95000.0,23,Cremonese,Serie A,ITA,Defender,180,0,0.0,25.714285714285715,0.0
P02785,95000.0,25,Sampdoria,Serie A,MAR,Midfielder,137,0,0.0,15.222222222222221,0.0
P02786,94000.0,30,BVT,Primiera Liga,POR,Forward,297,0,0.0,21.214285714285715,0.0
P02787,93500.0,23,Arouca,Primiera Liga,PLE,Forward,52,27,0.5192307692307693,7.428571428571429,3.857142857142857
P02788,93000.0,30,AC Ajaccio,Ligue 1 Uber Eats,COM,Defender,130,32,0.24615384615384617,9.285714285714286,2.2857142857142856
P02789,92500.0,22,OM,Ligue 1 Uber Eats,ESP,Forward,30,0,0.0,5.0,0.0
P02790,92000.0,29,Arouca,Primiera Liga,ARG,Forward,213,0,0.0,16.384615384615383,0.0
P02791,92000.0,23,Arouca,Primiera Liga,ESP,Defender,101,0,0.0,14.428571428571429,0.0
P02792,92000.0,25,Arouca,Primiera Liga,URU,Goalkeeper,139,0,0.0,15.444444444444445,0.0
P02793,91500.0,32,Arouca,Primiera Liga,POR,Midfielder,293,0,0.0,18.3125,0.0
P02794,90500.0,19,Spezia,Serie A,SVN,Midfielder,42,0,0.0,14.0,0.0
P02795,90500.0,20,Brianza,Serie A,ITA,Goalkeeper,26,0,0.0,6.5,0.0
P02796,89500.0,18,Montpellier,Ligue 1 Uber Eats,FRA,Midfielder,3,0,0.0,1.5,0.0
P02797,89500.0,19,SC Freiburg,Bundesliga,GER,Midfielder,32,0,0.0,10.666666666666666,0.0
P02798,88000.0,18,PSG,Ligue 1 Uber Eats,ESP,Forward,7,0,0.0,3.5,0.0
P02799,87500.0,33,Brianza,Serie A,ITA,Goalkeeper,318,0,0.0,18.705882352941178,0.0
P02800,87500.0,22,MRT,Primiera Liga,PER,Forward,51,0,0.0,8.5,0.0
P02801,87500.0,22,Casa Pia,Primiera Liga,POR,Defender,95,0,0.0,15.833333333333334,0.0
P02802,87500.0,28,BVT,Primiera Liga,URU,Defender,141,0,0.0,11.75,0.0
P02803,87500.0,28,P. Ferreira,Primiera Liga,BRA,Defender,148,0,0.0,12.333333333333334,0.0
P02804,87500.0,27,Gil Vicente,Primiera Liga,GEO,Midfielder,205,34,0.16585365853658537,18.636363636363637,3.090909090909091
P02805,87500.0,25,Gil Vicente,Primiera Liga,BRA,Midfielder,113,0,0.0,12.555555555555555,0.0
P02806,87500.0,33,Estoril Praia,Primiera Liga,BRA,Forward,237,0,0.0,13.941176470588236,0.0
P02807,87500.0,25,VIZ,Primiera Liga,BRA,Goalkeeper,55,0,0.0,6.111111111111111,0.0
P02808,87500.0,35,P. Ferreira,Primiera Liga,POR,Goalkeeper,326,1,0.003067484662576687,17.157894736842106,0.05263157894736842
P02809,87500.0,27,VIZ,Primiera Liga,POR,Midfielder,185,0,0.0,16.818181818181817,0.0
P02810,87500.0,23,Estoril Praia,Primiera Liga,POR,Midfielder,128,0,0.0,18.285714285714285,0.0
P02811,87500.0,20,BRG,Primiera Liga,FRA,Midfielder,14,0,0.0,3.5,0.0
P02812,87500.0,24,VIZ,Primiera Liga,AUT,Forward,107,0,0.0,13.375,0.0
P02813,87500.0,24,VTSC,Primiera Liga,ANG,Forward,126,11,0.0873015873015873,15.75,1.375
P02814,87500.0,23,PTM,Primiera Liga,POR,Midfielder,20,0,0.0,2.857142857142857,0.0
P02815,87500.0,22,Benfica,Primiera Liga,POR,Midfielder,25,0,0.0,4.166666666666667,0.0
P02816,87500.0,30,Casa Pia,Primiera Liga,POR,Midfielder,259,0,0.0,18.5,0.0
P02817,87500.0,25,Arouca,Primiera Liga,BRA,Defender,130,0,0.0,14.444444444444445,0.0
P02818,87500.0,27,PTM,Primiera Liga,JPN,Goalkeeper,160,6,0.0375,14.545454545454545,0.5454545454545454
P02819,87000.0,23,Atletico Pamplona,La Liga,ESP,Forward,65,0,0.0,9.285714285714286,0.0
P02820,86000.0,18,Schalke 04,Bundesliga,GER,Midfielder,0,0,0.0,0.0,0.0
P02821,86000.0,18,Schalke 04,Bundesliga,GER,Forward,1,0,0.0,0.5,0.0
P02822,86000.0,18,VfL Wolfsburg,Bundesliga,GER,Forward,0,0,0.0,0.0,0.0
P02823,86000.0,18,VfL Wolfsburg,Bundesliga,POR,Forward,0,0,0.0,0.0,0.0
P02824,86000.0,21,VfL Bochum,Bundesliga,GER,Goalkeeper,0,0,0.0,0.0,0.0
P02825,86000.0,18,FC Bayern,Bundesliga,KOS,Midfielder,0,0,0.0,0.0,0.0
P02826,86000.0,18,VfL Wolfsburg,Bundesliga,GER,Defender,0,0,0.0,0.0,0.0
P02827,86000.0,20,Spezia,Serie A,BIH,Goalkeeper,1,0,0.0,0.25,0.0
P02828,86000.0,18,Fiorentina,Serie A,ITA,Midfielder,26,0,0.0,13.0,0.0
P02829,84500.0,34,AC Ajaccio,Ligue 1 Uber Eats,COM,Defender,295,37,0.12542372881355932,16.38888888888889,2.0555555555555554
P02830,83000.0,18,Milan,Serie A,ROU,Defender,0,0,0.0,0.0,0.0
P02831,83000.0,33,PTM,Primiera Liga,BRA,Midfielder,371,0,0.0,21.823529411764707,0.0
P02832,83000.0,22,P. Ferreira,Primiera Liga,POR,Defender,37,0,0.0,6.166666666666667,0.0
P02833,83000.0,24,Arouca,Primiera Liga,UKR,Defender,134,0,0.0,16.75,0.0
P02834,83000.0,35,Casa Pia,Primiera Liga,ANG,Goalkeeper,160,0,0.0,8.421052631578947,0.0
P02835,83000.0,21,P. Ferreira,Primiera Liga,GNB,Forward,36,0,0.0,7.2,0.0
P02836,83000.0,21,Estoril Praia,Primiera Liga,SEN,Midfielder,86,0,0.0,17.2,0.0
P02837,83000.0,23,Casa Pia,Primiera Liga,BRA,Forward,111,0,0.0,15.857142857142858,0.0
P02838,83000.0,32,Santa Clara,Primiera Liga,FRA,Defender,236,0,0.0,14.75,0.0
P02839,83000.0,21,Estoril Praia,Primiera Liga,POR,Defender,25,0,0.0,5.0,0.0
P02840,83000.0,29,MRT,Primiera Liga,ITA,Midfielder,219,0,0.0,16.846153846153847,0.0
P02841,83000.0,20,Benfica,Primiera Liga,POR,Defender,19,0,0.0,4.75,0.0
P02842,83000.0,24,Gil Vicente,Primiera Liga,BRA,Forward,66,0,0.0,8.25,0.0
P02843,83000.0,23,Arouca,Primiera Liga,ESP,Forward,124,0,0.0,17.714285714285715,0.0
P02844,83000.0,25,MRT,Primiera Liga,BRA,Midfielder,102,0,0.0,11.333333333333334,0.0
P02845,83000.0,23,Santa Clara,Primiera Liga,JPN,Forward,128,2,0.015625,18.285714285714285,0.2857142857142857
P02846,83000.0,29,Chaves,Primiera Liga,POR,Midfielder,280,0,0.0,21.53846153846154,0.0
P02847,83000.0,21,Gil Vicente,Primiera Liga,BRA,Goalkeeper,10,0,0.0,2.0,0.0
P02848,83000.0,25,VIZ,Primiera Liga,CRO,Goalkeeper,173,0,0.0,19.22222222222222,0.0
P02849,83000.0,33,Chaves,Primiera Liga,BRA,Goalkeeper,160,0,0.0,9.411764705882353,0.0
P02850,83000.0,30,MRT,Primiera Liga,POR,Defender,216,0,0.0,15.428571428571429,0.0
P02851,81000.0,19,Salernitana,Serie A,ITA,Midfielder,0,0,0.0,0.0,0.0
P02852,80500.0,23,Estoril Praia,Primiera Liga,FRA,Defender,76,0,0.0,10.857142857142858,0.0
P02853,80500.0,33,Arouca,Primiera Liga,POR,Midfielder,304,0,0.0,17.88235294117647,0.0
P02854,80000.0,18,Union Berlin,Bundesliga,USA,Forward,0,0,0.0,0.0,0.0
P02855,78500.0,23,BVT,Primiera Liga,GUI,Midfielder,78,6,0.07692307692307693,11.142857142857142,0.8571428571428571
P02856,78500.0,18,Benfica,Primiera Liga,POR,Midfielder,1,0,0.0,0.5,0.0
P02857,78500.0,25,PTM,Primiera Liga,BRA,Defender,71,0,0.0,7.888888888888889,0.0
P02858,78500.0,23,VTSC,Primiera Liga,BRA,Midfielder,69,0,0.0,9.857142857142858,0.0
P02859,78500.0,31,Chaves,Primiera Liga,NGA,Midfielder,178,10,0.056179775280898875,11.866666666666667,0.6666666666666666
P02860,78500.0,18,FC Porto,Primiera Liga,POR,Defender,0,0,0.0,0.0,0.0
P02861,78500.0,35,Chaves,Primiera Liga,CAN,Defender,281,32,0.11387900355871886,14.789473684210526,1.6842105263157894
P02862,78500.0,23,VIZ,Primiera Liga,POR,Midfielder,60,0,0.0,8.571428571428571,0.0
P02863,78500.0,25,Santa Clara,Primiera Liga,TOG,Defender,164,4,0.024390243902439025,18.22222222222222,0.4444444444444444
P02864,78500.0,35,Casa Pia,Primiera Liga,POR,Defender,387,0,0.0,20.36842105263158,0.0
P02865,78500.0,23,PTM,Primiera Liga,BRA,Defender,37,0,0.0,5.285714285714286,0.0
P02866,78500.0,18,Famalicao,Primiera Liga,BRA,Forward,5,0,0.0,2.5,0.0
P02867,78500.0,19,P. Ferreira,Primiera Liga,POR,Midfielder,31,0,0.0,10.333333333333334,0.0
P02868,78500.0,19,Benfica,Primiera Liga,POR,Forward,7,0,0.0,2.3333333333333335,0.0
P02869,78500.0,34,Casa Pia,Primiera Liga,CPV,Midfielder,204,13,0.06372549019607843,11.333333333333334,0.7222222222222222
P02870,78500.0,36,Gil Vicente,Primiera Liga,POR,Defender,479,0,0.0,23.95,0.0
P02871,78500.0,19,Sporting CP,Primiera Liga,CAN,Forward,16,0,0.0,5.333333333333333,0.0
P02872,78500.0,27,Rio Ave,Primiera Liga,BRA,Defender,126,0,0.0,11.454545454545455,0.0
P02873,78500.0,33,Arouca,Primiera Liga,POR,Midfielder,390,0,0.0,22.941176470588236,0.0
P02874,78500.0,18,Benfica,Primiera Liga,BUL,Defender,0,0,0.0,0.0,0.0
P02875,78500.0,19,Benfica,Primiera Liga,POR,Defender,0,0,0.0,0.0,0.0
P02876,78500.0,31,Casa Pia,Primiera Liga,BRA,Midfielder,231,0,0.0,15.4,0.0
P02877,78000.0,21,Arsenal,Premier League,ENG,Goalkeeper,8,0,0.0,1.6,0.0
P02878,78000.0,20,Brentford,Premier League,ENG,Defender,0,0,0.0,0.0,0.0
P02879,78000.0,20,Leicester,Premier League,ENG,Goalkeeper,8,0,0.0,2.0,0.0
P02880,78000.0,19,Leeds,Premier League,ENG,Forward,5,0,0.0,1.6666666666666667,0.0
P02881,78000.0,20,Everton,Premier League,ENG,Midfielder,3,0,0.0,0.75,0.0
P02882,78000.0,18,Wolves,Premier League,ENG,Defender,26,0,0.0,13.0,0.0
P02883,78000.0,18,Arsenal,Premier League,WAL,Defender,4,0,0.0,2.0,0.0
P02884,78000.0,18,Arsenal,Premier League,ENG,Forward,0,0,0.0,0.0,0.0
P02885,78000.0,18,Arsenal,Premier League,ENG,Defender,1,0,0.0,0.5,0.0
P02886,78000.0,18,Brentford,Premier League,ENG,Midfielder,0,0,0.0,0.0,0.0
P02887,78000.0,18,Man UFC,Premier League,FRA,Defender,0,0,0.0,0.0,0.0
P02888,78000.0,22,Leicester,Premier League,THA,Midfielder,0,9,0.0,0.0,1.5
P02889,78000.0,18,Arsenal,Premier League,POR,Midfielder,0,0,0.0,0.0,0.0
P02890,78000.0,18,Everton,Premier League,SCO,Midfielder,0,0,0.0,0.0,0.0
P02891,78000.0,18,Everton,Premier League,ENG,Forward,5,0,0.0,2.5,0.0
P02892,78000.0,19,Brentford,Premier League,IRL,Defender,7,0,0.0,2.3333333333333335,0.0
P02893,78000.0,21,Everton,Premier League,NOR,Midfielder,5,0,0.0,1.0,0.0
P02894,78000.0,18,Nottm Forest,Premier League,ENG,Defender,0,0,0.0,0.0,0.0
P02895,78000.0,18,Aston Villa,Premier League,NED,Defender,1,0,0.0,0.5,0.0
P02896,78000.0,33,Southampton,Premier League,ENG,Defender,293,0,0.0,17.235294117647058,0.0
P02897,78000.0,23,Tottenham,Premier League,ENG,Goalkeeper,34,0,0.0,4.857142857142857,0.0
P02898,78000.0,21,Tottenham,Premier League,ENG,Midfielder,24,0,0.0,4.8,0.0
P02899,78000.0,18,Chelsea,Premier League,ENG,Defender,0,0,0.0,0.0,0.0
P02900,78000.0,21,Crystal Palace,Premier League,ENG,Defender,17,0,0.0,3.4,0.0
P02901,78000.0,20,Brentford,Premier League,ENG,Goalkeeper,11,0,0.0,2.75,0.0
P02902,78000.0,20,Newcastle,Premier League,ENG,Defender,0,0,0.0,0.0,0.0
P02903,78000.0,20,West Ham,Premier League,ENG,Midfielder,16,0,0.0,4.0,0.0
P02904,78000.0,20,Wolves,Premier League,ENG,Defender,17,0,0.0,4.25,0.0
P02905,78000.0,20,Brentford,Premier League,ENG,Forward,9,0,0.0,2.25,0.0
P02906,78000.0,20,Leicester,Premier League,IRL,Defender,0,0,0.0,0.0,0.0
P02907,78000.0,18,Brentford,Premier League,ENG,Forward,0,0,0.0,0.0,0.0
P02908,78000.0,19,Leicester,Premier League,NED,Defender,0,0,0.0,0.0,0.0
P02909,78000.0,19,Aston Villa,Premier League,ENG,Midfielder,12,0,0.0,4.0,0.0
P02910,78000.0,19,Aston Villa,Premier League,ENG,Forward,30,0,0.0,10.0,0.0
P02911,78000.0,19,Leicester,Premier League,IRL,Midfielder,0,0,0.0,0.0,0.0
P02912,78000.0,19,Leicester,Premier League,POR,Midfielder,1,0,0.0,0.3333333333333333,0.0
P02913,78000.0,19,Brentford,Premier League,ENG,Forward,13,0,0.0,4.333333333333333,0.0
P02914,78000.0,18,Leeds,Premier League,ESP,Forward,1,0,0.0,0.5,0.0
P02915,78000.0,19,Tottenham,Premier League,ENG,Defender,0,0,0.0,0.0,0.0
P02916,78000.0,20,Aston Villa,Premier League,ENG,Defender,1,0,0.0,0.25,0.0
P02917,78000.0,19,Newcastle,Premier League,ENG,Forward,0,0,0.0,0.0,0.0
P02918,78000.0,22,Brentford,Premier League,ALB,Midfielder,23,0,0.0,3.8333333333333335,0.0
P02919,78000.0,21,Brentford,Premier League,ENG,Goalkeeper,0,0,0.0,0.0,0.0
P02920,78000.0,20,Arsenal,Premier League,ENG,Midfielder,0,0,0.0,0.0,0.0
P02921,77500.0,18,Schalke 04,Bundesliga,GER,Defender,0,0,0.0,0.0,0.0
P02922,76500.0,19,Inter,Serie A,ITA,Defender,0,0,0.0,0.0,0.0
P02923,76500.0,19,Brest,Ligue 1 Uber Eats,ENG,Midfielder,18,0,0.0,6.0,0.0
P02924,75500.0,21,Union Berlin,Bundesliga,GER,Midfielder,30,0,0.0,6.0,0.0
P02925,75500.0,21,Toulouse FC,Ligue 1 Uber Eats,FRA,Defender,45,0,0.0,9.0,0.0
P02926,75000.0,24,Santa Clara,Primiera Liga,BRA,Goalkeeper,18,0,0.0,2.25,0.0
P02927,74000.0,24,Arouca,Primiera Liga,GUI,Midfielder,52,12,0.23076923076923078,6.5,1.5
P02928,74000.0,25,Estoril Praia,Primiera Liga,POR,Goalkeeper,107,0,0.0,11.88888888888889,0.0
P02929,74000.0,24,PTM,Primiera Liga,BRA,Midfielder,63,0,0.0,7.875,0.0
P02930,74000.0,20,FC Porto,Primiera Liga,POR,Midfielder,46,0,0.0,11.5,0.0
P02931,74000.0,21,VTSC,Primiera Liga,POR,Defender,29,0,0.0,5.8,0.0
P02932,74000.0,22,Gil Vicente,Primiera Liga,URU,Forward,97,0,0.0,16.166666666666668,0.0
P02933,74000.0,24,MRT,Primiera Liga,POR,Midfielder,104,0,0.0,13.0,0.0
P02934,74000.0,20,PTM,Primiera Liga,POR,Midfielder,12,0,0.0,3.0,0.0
P02935,74000.0,23,Arouca,Primiera Liga,ENG,Defender,79,0,0.0,11.285714285714286,0.0
P02936,74000.0,22,Rio Ave,Primiera Liga,POR,Defender,51,0,0.0,8.5,0.0
P02937,74000.0,18,Benfica,Primiera Liga,GNB,Forward,0,0,0.0,0.0,0.0
P02938,74000.0,21,VIZ,Primiera Liga,BRA,Defender,55,0,0.0,11.0,0.0
P02939,74000.0,23,Casa Pia,Primiera Liga,POR,Forward,56,0,0.0,8.0,0.0
P02940,74000.0,23,BVT,Primiera Liga,JPN,Midfielder,113,0,0.0,16.142857142857142,0.0
P02941,74000.0,22,Arouca,Primiera Liga,BRA,Midfielder,27,0,0.0,4.5,0.0
P02942,73000.0,21,Bayer 04,Bundesliga,MAR,Midfielder,50,0,0.0,10.0,0.0
P02943,73000.0,18,Capitoline,Serie A,ITA,Forward,6,0,0.0,3.0,0.0
P02944,73000.0,18,Man UFC,Premier League,NOR,Midfielder,18,0,0.0,9.0,0.0
P02945,73000.0,22,West Ham,Premier League,ENG,Goalkeeper,37,0,0.0,6.166666666666667,0.0
P02946,73000.0,19,Everton,Premier League,NIR,Forward,3,0,0.0,1.0,0.0
P02947,71500.0,30,P. Ferreira,Primiera Liga,BRA,Defender,183,0,0.0,13.071428571428571,0.0
P02948,71500.0,18,Bologna,Serie A,BEL,Forward,2,0,0.0,1.0,0.0
P02949,71500.0,19,VTSC,Primiera Liga,POR,Defender,35,0,0.0,11.666666666666666,0.0
P02950,71000.0,19,Milan,Serie A,SWE,Forward,10,0,0.0,3.3333333333333335,0.0
P02951,69500.0,27,MRT,Primiera Liga,BRA,Defender,130,0,0.0,11.818181818181818,0.0
P02952,69500.0,31,BVT,Primiera Liga,POR,Defender,281,0,0.0,18.733333333333334,0.0
P02953,69500.0,26,Chaves,Primiera Liga,POR,Midfielder,205,0,0.0,20.5,0.0
P02954,69500.0,30,Arouca,Primiera Liga,CRO,Defender,245,0,0.0,17.5,0.0
P02955,69000.0,26,AJ Auxerre,Ligue 1 Uber Eats,MAD,Defender,114,0,0.0,11.4,0.0
P02956,69000.0,18,Strasbourg,Ligue 1 Uber Eats,FRA,Midfielder,7,0,0.0,3.5,0.0
P02957,68500.0,18,Borussia M'gladbach,Bundesliga,GER,Forward,0,0,0.0,0.0,0.0
P02958,68500.0,18,VfL Wolfsburg,Bundesliga,GER,Midfielder,0,0,0.0,0.0,0.0
P02959,68500.0,18,VfL Wolfsburg,Bundesliga,GER,Defender,0,0,0.0,0.0,0.0
P02960,68500.0,18,Borussia M'gladbach,Bundesliga,EGY,Midfielder,0,0,0.0,0.0,0.0
P02961,68500.0,18,Borussia M'gladbach,Bundesliga,MKD,Midfielder,0,0,0.0,0.0,0.0
P02962,68500.0,18,Borussia M'gladbach,Bundesliga,GER,Defender,0,0,0.0,0.0,0.0
P02963,68500.0,19,Bayer 04,Bundesliga,GER,Defender,1,0,0.0,0.3333333333333333,0.0
P02964,68500.0,18,Schalke 04,Bundesliga,GER,Midfielder,0,0,0.0,0.0,0.0
P02965,68500.0,18,Schalke 04,Bundesliga,GER,Defender,0,0,0.0,0.0,0.0
P02966,67000.0,22,Santa Clara,Primiera Liga,BRA,Midfielder,67,0,0.0,11.166666666666666,0.0
P02967,67000.0,29,Rio Ave,Primiera Liga,FRA,Midfielder,227,0,0.0,17.46153846153846,0.0
P02968,67000.0,21,PTM,Primiera Liga,BRA,Midfielder,46,0,0.0,9.2,0.0
P02969,67000.0,22,SC Freiburg,Bundesliga,GER,Defender,54,0,0.0,9.0,0.0
P02970,67000.0,21,MRT,Primiera Liga,COL,Defender,38,0,0.0,7.6,0.0
P02971,67000.0,20,SC Freiburg,Bundesliga,GER,Defender,51,0,0.0,12.75,0.0
P02972,67000.0,27,Estoril Praia,Primiera Liga,BRA,Forward,120,0,0.0,10.909090909090908,0.0
P02973,67000.0,22,Gil Vicente,Primiera Liga,ANG,Forward,57,1,0.017543859649122806,9.5,0.16666666666666666
P02974,67000.0,23,P. Ferreira,Primiera Liga,ECU,Defender,28,1,0.03571428571428571,4.0,0.14285714285714285
P02975,67000.0,21,BRG,Primiera Liga,POR,Forward,7,0,0.0,1.4,0.0
P02976,67000.0,20,Casa Pia,Primiera Liga,ANG,Midfielder,49,0,0.0,12.25,0.0
P02977,67000.0,27,VIZ,Primiera Liga,POR,Defender,176,0,0.0,16.0,0.0
P02978,67000.0,18,Empoli,Serie A,POR,Forward,40,0,0.0,20.0,0.0
P02979,67000.0,28,Gil Vicente,Primiera Liga,FRA,Forward,216,0,0.0,18.0,0.0
P02980,67000.0,26,Rio Ave,Primiera Liga,POR,Midfielder,180,0,0.0,18.0,0.0
P02981,67000.0,25,P. Ferreira,Primiera Liga,POR,Defender,130,0,0.0,14.444444444444445,0.0
P02982,67000.0,26,PTM,Primiera Liga,FRA,Midfielder,111,0,0.0,11.1,0.0
P02983,67000.0,18,Udinese,Serie A,IRL,Defender,24,0,0.0,12.0,0.0
P02984,67000.0,21,VIZ,Primiera Liga,USA,Midfielder,79,0,0.0,15.8,0.0
P02985,67000.0,22,VIZ,Primiera Liga,POR,Defender,50,0,0.0,8.333333333333334,0.0
P02986,67000.0,22,VTSC,Primiera Liga,POR,Goalkeeper,41,0,0.0,6.833333333333333,0.0
P02987,67000.0,25,Santa Clara,Primiera Liga,POR,Midfielder,196,0,0.0,21.77777777777778,0.0
P02988,67000.0,21,P. Ferreira,Primiera Liga,NED,Midfielder,60,0,0.0,12.0,0.0
P02989,67000.0,28,VTSC,Primiera Liga,POR,Defender,255,0,0.0,21.25,0.0
P02990,67000.0,22,PTM,Primiera Liga,POR,Defender,54,0,0.0,9.0,0.0
P02991,67000.0,24,PTM,Primiera Liga,BRA,Goalkeeper,23,0,0.0,2.875,0.0
P02992,67000.0,22,Cadiz,La Liga,ESP,Defender,111,0,0.0,18.5,0.0
P02993,66500.0,21,Salento,Serie A,ITA,Goalkeeper,1,0,0.0,0.2,0.0
P02994,65500.0,18,FC Porto,Primiera Liga,POR,Goalkeeper,0,0,0.0,0.0,0.0
P02995,65500.0,25,PTM,Primiera Liga,POR,Forward,123,0,0.0,13.666666666666666,0.0
P02996,65500.0,23,BVT,Primiera Liga,POR,Midfielder,38,0,0.0,5.428571428571429,0.0
P02997,65500.0,18,Sporting CP,Primiera Liga,POR,Midfielder,0,0,0.0,0.0,0.0
P02998,65500.0,26,P. Ferreira,Primiera Liga,POR,Defender,173,0,0.0,17.3,0.0
P02999,65500.0,19,Sporting CP,Primiera Liga,POR,Defender,19,0,0.0,6.333333333333333,0.0
P03000,65000.0,24,Casa Pia,Primiera Liga,POR,Forward,106,0,0.0,13.25,0.0
P03001,65000.0,24,Casa Pia,Primiera Liga,BRA,Defender,79,0,0.0,9.875,0.0
P03002,65000.0,22,P. Ferreira,Primiera Liga,SCO,Midfielder,78,0,0.0,13.0,0.0
P03003,65000.0,20,Famalicao,Primiera Liga,AUS,Midfielder,42,0,0.0,10.5,0.0
P03004,65000.0,24,Chaves,Primiera Liga,MOZ,Defender,115,11,0.09565217391304348,14.375,1.375
P03005,65000.0,28,P. Ferreira,Primiera Liga,POR,Forward,213,0,0.0,17.75,0.0
P03006,65000.0,21,BRG,Primiera Liga,POR,Forward,35,0,0.0,7.0,0.0
P03007,65000.0,35,Santa Clara,Primiera Liga,POR,Goalkeeper,363,0,0.0,19.105263157894736,0.0
P03008,65000.0,21,Estoril Praia,Primiera Liga,NGA,Forward,77,0,0.0,15.4,0.0
P03009,65000.0,18,Tottenham,Premier League,ENG,Defender,6,0,0.0,3.0,0.0
P03010,65000.0,20,Benfica,Primiera Liga,CPV,Forward,2,7,3.5,0.5,1.75
P03011,65000.0,24,Santa Clara,Primiera Liga,POR,Forward,129,0,0.0,16.125,0.0
P03012,65000.0,27,Chaves,Primiera Liga,POR,Midfielder,187,0,0.0,17.0,0.0
P03013,65000.0,18,Man UFC,Premier League,ARG,Forward,7,0,0.0,3.5,0.0
P03014,65000.0,18,Sporting CP,Primiera Liga,POR,Defender,1,0,0.0,0.5,0.0
P03015,65000.0,22,Famalicao,Primiera Liga,POR,Forward,49,0,0.0,8.166666666666666,0.0
P03016,65000.0,26,PTM,Primiera Liga,SEN,Defender,107,0,0.0,10.7,0.0
P03017,64500.0,18,VfL Wolfsburg,Bundesliga,GER,Goalkeeper,0,0,0.0,0.0,0.0
P03018,64500.0,18,VfL Wolfsburg,Bundesliga,GER,Midfielder,0,0,0.0,0.0,0.0
P03019,64000.0,18,Bologna,Serie A,ITA,Forward,4,0,0.0,2.0,0.0
P03020,63000.0,23,Casa Pia,Primiera Liga,BRA,Forward,52,0,0.0,7.428571428571429,0.0
P03021,63000.0,19,Sporting CP,Primiera Liga,POR,Forward,0,0,0.0,0.0,0.0
P03022,62500.0,30,PTM,Primiera Liga,BRA,Defender,180,0,0.0,12.857142857142858,0.0
P03023,62500.0,28,PTM,Primiera Liga,POR,Midfielder,277,0,0.0,23.083333333333332,0.0
P03024,62500.0,22,Chaves,Primiera Liga,POR,Forward,22,0,0.0,3.6666666666666665,0.0
P03025,62500.0,27,Chaves,Primiera Liga,BRA,Forward,80,0,0.0,7.2727272727272725,0.0
P03026,62500.0,25,Santa Clara,Primiera Liga,POR,Forward,162,0,0.0,18.0,0.0
P03027,62500.0,24,PTM,Primiera Liga,BRA,Forward,83,0,0.0,10.375,0.0
P03028,62500.0,18,Man UFC,Premier League,ENG,Midfielder,0,0,0.0,0.0,0.0
P03029,62500.0,18,Man UFC,Premier League,ESP,Defender,0,0,0.0,0.0,0.0
P03030,62500.0,19,Man UFC,Premier League,NED,Defender,0,0,0.0,0.0,0.0
P03031,62500.0,18,Crystal Palace,Premier League,IRL,Defender,0,0,0.0,0.0,0.0
P03032,62500.0,20,Everton,Premier League,ENG,Goalkeeper,0,0,0.0,0.0,0.0
P03033,61500.0,20,Strasbourg,Ligue 1 Uber Eats,JPN,Forward,88,0,0.0,22.0,0.0
P03034,61000.0,23,Gil Vicente,Primiera Liga,BRA,Defender,41,0,0.0,5.857142857142857,0.0
P03035,60500.0,23,BVT,Primiera Liga,NGA,Defender,46,0,0.0,6.571428571428571,0.0
P03036,60500.0,20,Santa Clara,Primiera Liga,BRA,Defender,6,0,0.0,1.5,0.0
P03037,60500.0,20,VTSC,Primiera Liga,POR,Defender,56,0,0.0,14.0,0.0
P03038,60500.0,29,Casa Pia,Primiera Liga,BIH,Defender,224,0,0.0,17.23076923076923,0.0
P03039,60500.0,21,Famalicao,Primiera Liga,POR,Defender,3,0,0.0,0.6,0.0
P03040,60500.0,29,Casa Pia,Primiera Liga,BRA,Defender,237,0,0.0,18.23076923076923,0.0
P03041,60500.0,20,Sporting CP,Primiera Liga,GAM,Midfielder,1,0,0.0,0.25,0.0
P03042,60500.0,27,Rio Ave,Primiera Liga,POR,Midfielder,179,0,0.0,16.272727272727273,0.0
P03043,60500.0,24,Sampdoria,Serie A,ITA,Forward,131,0,0.0,16.375,0.0
P03044,60500.0,21,Cremonese,Serie A,POL,Goalkeeper,22,0,0.0,4.4,0.0
P03045,60500.0,20,Atalanta,Serie A,ITA,Defender,20,0,0.0,5.0,0.0
P03046,60500.0,26,Brianza,Serie A,EQG,Midfielder,140,20,0.14285714285714285,14.0,2.0
P03047,60000.0,19,Cremonese,Serie A,GHA,Forward,17,6,0.35294117647058826,5.666666666666667,2.0
P03048,59000.0,22,Parthenope,Serie A,ITA,Goalkeeper,73,0,0.0,12.166666666666666,0.0
P03049,58500.0,18,Sporting CP,Primiera Liga,POR,Defender,0,0,0.0,0.0,0.0
P03050,58500.0,18,Benfica,Primiera Liga,POR,Midfielder,11,0,0.0,5.5,0.0
P03051,58500.0,26,P. Ferreira,Primiera Liga,POR,Defender,117,0,0.0,11.7,0.0
P03052,58500.0,26,Gil Vicente,Primiera Liga,POR,Defender,143,0,0.0,14.3,0.0
P03053,58500.0,19,Benfica,Primiera Liga,POR,Defender,1,0,0.0,0.3333333333333333,0.0
P03054,58500.0,19,Sporting CP,Primiera Liga,POR,Defender,0,0,0.0,0.0,0.0
P03055,58500.0,18,Benfica,Primiera Liga,POR,Forward,0,0,0.0,0.0,0.0
P03056,58500.0,18,Bologna,Serie A,FIN,Midfielder,35,0,0.0,17.5,0.0
P03057,58000.0,22,Gil Vicente,Primiera Liga,GHA,Forward,1,0,0.0,0.16666666666666666,0.0
P03058,57000.0,21,Hoffenheim,Bundesliga,USA,Forward,25,0,0.0,5.0,0.0
P03059,56000.0,22,Gil Vicente,Primiera Liga,BRA,Defender,56,0,0.0,9.333333333333334,0.0
P03060,56000.0,25,PTM,Primiera Liga,POR,Defender,157,0,0.0,17.444444444444443,0.0
P03061,56000.0,18,Benfica,Primiera Liga,SWE,Goalkeeper,0,0,0.0,0.0,0.0
P03062,56000.0,20,Salento,Serie A,BEL,Defender,0,0,0.0,0.0,0.0
P03063,56000.0,25,VIZ,Primiera Liga,CIV,Defender,84,0,0.0,9.333333333333334,0.0
P03064,56000.0,23,PTM,Primiera Liga,BRA,Forward,50,0,0.0,7.142857142857143,0.0
P03065,56000.0,20,Santa Clara,Primiera Liga,BRA,Defender,23,0,0.0,5.75,0.0
P03066,56000.0,23,Santa Clara,Primiera Liga,POR,Defender,89,0,0.0,12.714285714285714,0.0
P03067,55500.0,26,Salento,Serie A,ITA,Defender,173,0,0.0,17.3,0.0
P03068,54500.0,24,Casa Pia,Primiera Liga,BRA,Defender,54,0,0.0,6.75,0.0
P03069,54000.0,20,A. Madrid,La Liga,ESP,Forward,34,0,0.0,8.5,0.0
P03070,54000.0,21,Montpellier,Ligue 1 Uber Eats,FRA,Defender,0,0,0.0,0.0,0.0
P03071,54000.0,21,Casa Pia,Primiera Liga,VEN,Defender,142,0,0.0,28.4,0.0
P03072,54000.0,24,Rio Ave,Primiera Liga,CRO,Defender,118,0,0.0,14.75,0.0
P03073,53500.0,18,Udinese,Serie A,BEL,Forward,9,0,0.0,4.5,0.0
P03074,53500.0,20,Udinese,Serie A,POR,Defender,19,0,0.0,4.75,0.0
P03075,53500.0,18,Barcelona,La Liga,ESP,Midfielder,21,0,0.0,10.5,0.0
P03076,53000.0,19,Parthenope,Serie A,ESP,Midfielder,0,0,0.0,0.0,0.0
P03077,52000.0,31,Arouca,Primiera Liga,VEN,Defender,191,28,0.14659685863874344,12.733333333333333,1.8666666666666667
P03078,52000.0,18,FC Porto,Primiera Liga,POR,Forward,0,0,0.0,0.0,0.0
P03079,52000.0,18,FC Porto,Primiera Liga,POR,Midfielder,0,0,0.0,0.0,0.0
P03080,52000.0,22,PTM,Primiera Liga,BRA,Midfielder,25,0,0.0,4.166666666666667,0.0
P03081,52000.0,18,Benfica,Primiera Liga,MOZ,Forward,7,0,0.0,3.5,0.0
P03082,52000.0,24,Troyes,Ligue 1 Uber Eats,ENG,Forward,55,0,0.0,6.875,0.0
P03083,52000.0,18,Benfica,Primiera Liga,POR,Forward,0,0,0.0,0.0,0.0
P03084,52000.0,23,Santa Clara,Primiera Liga,POR,Defender,51,0,0.0,7.285714285714286,0.0
P03085,52000.0,18,Sporting CP,Primiera Liga,POR,Defender,0,0,0.0,0.0,0.0
P03086,52000.0,26,Arouca,Primiera Liga,BRA,Defender,49,0,0.0,4.9,0.0
P03087,52000.0,19,Sporting CP,Primiera Liga,POR,Midfielder,0,0,0.0,0.0,0.0
P03088,52000.0,18,Sporting CP,Primiera Liga,POR,Forward,0,0,0.0,0.0,0.0
P03089,52000.0,21,BVT,Primiera Liga,POR,Defender,22,0,0.0,4.4,0.0
P03090,52000.0,18,Benfica,Primiera Liga,ALG,Midfielder,0,0,0.0,0.0,0.0
P03091,52000.0,19,Sporting CP,Primiera Liga,POR,Forward,0,0,0.0,0.0,0.0
P03092,52000.0,18,FC Porto,Primiera Liga,POR,Defender,0,0,0.0,0.0,0.0
P03093,52000.0,18,Sporting CP,Primiera Liga,GNB,Forward,0,0,0.0,0.0,0.0
P03094,52000.0,19,Wolves,Premier League,IRL,Forward,0,0,0.0,0.0,0.0
P03095,52000.0,19,Arsenal,Premier League,NED,Forward,0,0,0.0,0.0,0.0
P03096,52000.0,18,Leicester,Premier League,ENG,Defender,1,0,0.0,0.5,0.0
P03097,52000.0,18,Brighton,Premier League,ENG,Midfielder,0,0,0.0,0.0,0.0
P03098,52000.0,18,West Ham,Premier League,ENG,Midfielder,0,0,0.0,0.0,0.0
P03099,52000.0,19,Arsenal,Premier League,ENG,Goalkeeper,0,0,0.0,0.0,0.0
P03100,52000.0,18,Wolves,Premier League,NED,Defender,0,0,0.0,0.0,0.0
P03101,52000.0,18,Nottm Forest,Premier League,NIR,Midfielder,0,0,0.0,0.0,0.0
P03102,52000.0,19,Tottenham,Premier League,EST,Defender,31,16,0.5161290322580645,10.333333333333334,5.333333333333333
P03103,52000.0,19,Chelsea,Premier League,ENG,Forward,18,0,0.0,6.0,0.0
P03104,52000.0,21,Nottm Forest,Premier League,SWE,Forward,4,0,0.0,0.8,0.0
P03105,52000.0,20,Brentford,Premier League,ENG,Forward,0,0,0.0,0.0,0.0
P03106,52000.0,18,Man UFC,Premier League,ENG,Midfielder,0,0,0.0,0.0,0.0
P03107,52000.0,18,Arsenal,Premier League,NIR,Defender,0,0,0.0,0.0,0.0
P03108,52000.0,18,Arsenal,Premier League,ENG,Defender,0,0,0.0,0.0,0.0
P03109,52000.0,18,Aston Villa,Premier League,ENG,Forward,1,0,0.0,0.5,0.0
P03110,52000.0,18,Southampton,Premier League,ENG,Forward,0,0,0.0,0.0,0.0
P03111,52000.0,18,Southampton,Premier League,FRA,Defender,0,0,0.0,0.0,0.0
P03112,52000.0,18,Arsenal,Premier League,IRL,Midfielder,4,0,0.0,2.0,0.0
P03113,52000.0,21,Everton,Premier League,ENG,Defender,1,0,0.0,0.2,0.0
P03114,52000.0,18,Fulham,Premier League,SUI,Midfielder,0,0,0.0,0.0,0.0
P03115,52000.0,18,Everton,Premier League,NIR,Midfielder,1,0,0.0,0.5,0.0
P03116,52000.0,18,Man UFC,Premier League,ENG,Defender,0,0,0.0,0.0,0.0
P03117,52000.0,18,Man UFC,Premier League,CZE,Goalkeeper,0,0,0.0,0.0,0.0
P03118,52000.0,18,Leicester,Premier League,ENG,Forward,1,0,0.0,0.5,0.0
P03119,52000.0,21,Nottm Forest,Premier League,SCO,Goalkeeper,46,0,0.0,9.2,0.0
P03120,52000.0,19,West Ham,Premier League,HUN,Goalkeeper,0,0,0.0,0.0,0.0
P03121,52000.0,19,West Ham,Premier League,ENG,Defender,3,0,0.0,1.0,0.0
P03122,52000.0,19,Aston Villa,Premier League,ENG,Defender,32,0,0.0,10.666666666666666,0.0
P03123,52000.0,18,Everton,Premier League,ENG,Forward,0,0,0.0,0.0,0.0
P03124,52000.0,19,Leicester,Premier League,USA,Goalkeeper,0,0,0.0,0.0,0.0
P03125,52000.0,19,Man UFC,Premier League,COL,Forward,0,0,0.0,0.0,0.0
P03126,52000.0,20,Tottenham,Premier League,SLE,Defender,0,2,0.0,0.0,0.5
P03127,52000.0,19,Tottenham,Premier League,SCO,Defender,0,0,0.0,0.0,0.0
P03128,52000.0,19,Wolves,Premier League,NIR,Defender,16,0,0.0,5.333333333333333,0.0
P03129,52000.0,18,Tottenham,Premier League,ENG,Goalkeeper,0,0,0.0,0.0,0.0
P03130,52000.0,19,Tottenham,Premier League,ESP,Midfielder,0,0,0.0,0.0,0.0
P03131,52000.0,21,Wolves,Premier League,CHN,Forward,10,0,0.0,2.0,0.0
P03132,52000.0,18,Tottenham,Premier League,ENG,Midfielder,0,0,0.0,0.0,0.0
P03133,52000.0,19,Brighton,Premier League,ENG,Defender,0,0,0.0,0.0,0.0
P03134,52000.0,19,Leicester,Premier League,ENG,Defender,0,0,0.0,0.0,0.0
P03135,52000.0,19,Newcastle,Premier League,SCO,Forward,0,0,0.0,0.0,0.0
P03136,52000.0,20,Arouca,Primiera Liga,POR,Defender,16,0,0.0,4.0,0.0
P03137,51500.0,22,Parthenope,Serie A,FRA,Defender,16,0,0.0,2.6666666666666665,0.0
P03138,51500.0,22,Salento,Serie A,FRA,Defender,50,0,0.0,8.333333333333334,0.0
P03139,51500.0,18,Salento,Serie A,GER,Defender,0,0,0.0,0.0,0.0
P03140,51500.0,18,Schalke 04,Bundesliga,GER,Defender,0,0,0.0,0.0,0.0
P03141,51500.0,18,Mainz 05,Bundesliga,SRB,Defender,0,0,0.0,0.0,0.0
P03142,51500.0,19,VfL Wolfsburg,Bundesliga,GER,Goalkeeper,0,0,0.0,0.0,0.0
P03143,51500.0,22,PTM,Primiera Liga,CIV,Defender,41,0,0.0,6.833333333333333,0.0
P03144,51500.0,20,PTM,Primiera Liga,BRA,Defender,0,0,0.0,0.0,0.0
P03145,51500.0,19,Sporting CP,Primiera Liga,POR,Defender,0,0,0.0,0.0,0.0
P03146,51500.0,18,VIZ,Primiera Liga,USA,Forward,20,0,0.0,10.0,0.0
P03147,51500.0,27,Santa Clara,Primiera Liga,POR,Goalkeeper,129,0,0.0,11.727272727272727,0.0
P03148,51500.0,31,Casa Pia,Primiera Liga,CPV,Midfielder,321,1,0.003115264797507788,21.4,0.06666666666666667
P03149,50500.0,26,Chaves,Primiera Liga,BRA,Goalkeeper,98,0,0.0,9.8,0.0
P03150,50500.0,18,BRG,Primiera Liga,POR,Defender,0,0,0.0,0.0,0.0
P03151,50500.0,18,BRG,Primiera Liga,POR,Forward,0,0,0.0,0.0,0.0
P03152,50000.0,20,AC Ajaccio,Ligue 1 Uber Eats,FRA,Midfielder,43,0,0.0,10.75,0.0
P03153,49500.0,23,Chaves,Primiera Liga,CIV,Defender,50,0,0.0,7.142857142857143,0.0
P03154,49500.0,18,VTSC,Primiera Liga,BEL,Forward,0,0,0.0,0.0,0.0
P03155,49000.0,22,RC Lens,Ligue 1 Uber Eats,POL,Midfielder,111,0,0.0,18.5,0.0
P03156,49000.0,22,Montpellier,Ligue 1 Uber Eats,FRA,Midfielder,84,0,0.0,14.0,0.0
P03157,47500.0,26,Arouca,Primiera Liga,BRA,Goalkeeper,30,0,0.0,3.0,0.0
P03158,47500.0,18,Mainz 05,Bundesliga,LVA,Forward,0,0,0.0,0.0,0.0
P03159,47500.0,18,Mainz 05,Bundesliga,CRO,Midfielder,0,0,0.0,0.0,0.0
P03160,47000.0,21,P. Ferreira,Primiera Liga,POR,Defender,39,0,0.0,7.8,0.0
P03161,47000.0,21,BRG,Primiera Liga,EQG,Forward,2,10,5.0,0.4,2.0
P03162,47000.0,18,Famalicao,Primiera Liga,BRA,Midfielder,0,0,0.0,0.0,0.0
P03163,47000.0,20,Atalanta,Serie A,CZE,Midfielder,2,0,0.0,0.5,0.0
P03164,47000.0,19,Crystal Palace,Premier League,ENG,Forward,0,0,0.0,0.0,0.0
P03165,47000.0,21,Fulham,Premier League,ENG,Midfielder,20,0,0.0,4.0,0.0
P03166,47000.0,18,Crystal Palace,Premier League,ENG,Midfielder,0,0,0.0,0.0,0.0
P03167,47000.0,19,Crystal Palace,Premier League,ENG,Defender,32,0,0.0,10.666666666666666,0.0
P03168,47000.0,18,Crystal Palace,Premier League,WAL,Midfielder,0,0,0.0,0.0,0.0
P03169,47000.0,19,Tottenham,Premier League,IRL,Goalkeeper,1,0,0.0,0.3333333333333333,0.0
P03170,47000.0,19,Everton,Premier League,SVN,Goalkeeper,0,0,0.0,0.0,0.0
P03171,47000.0,18,Crystal Palace,Premier League,ENG,Goalkeeper,0,0,0.0,0.0,0.0
P03172,46000.0,19,Fiorentina,Serie A,BUL,Midfielder,7,0,0.0,2.3333333333333335,0.0
P03173,46000.0,18,Capitoline,Serie A,ITA,Defender,0,0,0.0,0.0,0.0
P03174,45500.0,19,Milan,Serie A,ITA,Forward,1,0,0.0,0.3333333333333333,0.0
P03175,45500.0,19,PSG,Ligue 1 Uber Eats,FRA,Goalkeeper,0,0,0.0,0.0,0.0
P03176,45000.0,23,Arouca,Primiera Liga,BRA,Forward,32,0,0.0,4.571428571428571,0.0
P03177,44000.0,18,Aston Villa,Premier League,IRL,Defender,0,0,0.0,0.0,0.0
P03178,44000.0,20,Aston Villa,Premier League,ENG,Forward,5,0,0.0,1.25,0.0
P03179,44000.0,20,Aston Villa,Premier League,ENG,Defender,0,0,0.0,0.0,0.0
P03180,43500.0,18,Milan,Serie A,ITA,Midfielder,0,0,0.0,0.0,0.0
P03181,43500.0,24,P. Ferreira,Primiera Liga,SVN,Goalkeeper,107,0,0.0,13.375,0.0
P03182,43500.0,21,Santa Clara,Primiera Liga,BRA,Midfielder,26,0,0.0,5.2,0.0
P03183,43500.0,23,Montpellier,Ligue 1 Uber Eats,POR,Goalkeeper,6,0,0.0,0.8571428571428571,0.0
P03184,43500.0,21,Gil Vicente,Primiera Liga,BRA,Defender,3,0,0.0,0.6,0.0
P03185,43500.0,19,BRG,Primiera Liga,POR,Midfielder,0,0,0.0,0.0,0.0
P03186,43500.0,22,Famalicao,Primiera Liga,POR,Defender,7,0,0.0,1.1666666666666667,0.0
P03187,43500.0,20,Arouca,Primiera Liga,BRA,Forward,23,0,0.0,5.75,0.0
P03188,43500.0,20,Estoril Praia,Primiera Liga,POR,Midfielder,8,0,0.0,2.0,0.0
P03189,43500.0,19,BRG,Primiera Liga,SEN,Midfielder,0,0,0.0,0.0,0.0
P03190,43500.0,23,PTM,Primiera Liga,POR,Midfielder,5,0,0.0,0.7142857142857143,0.0
P03191,43500.0,20,BRG,Primiera Liga,BRA,Goalkeeper,1,0,0.0,0.25,0.0
P03192,43500.0,22,PTM,Primiera Liga,POR,Forward,33,0,0.0,5.5,0.0
P03193,43000.0,18,Schalke 04,Bundesliga,GER,Defender,0,0,0.0,0.0,0.0
P03194,43000.0,18,Mainz 05,Bundesliga,GER,Goalkeeper,0,0,0.0,0.0,0.0
P03195,43000.0,21,Hertha Berlin,Bundesliga,SUI,Forward,27,0,0.0,5.4,0.0
P03196,43000.0,18,Mainz 05,Bundesliga,BIH,Defender,0,0,0.0,0.0,0.0
P03197,43000.0,28,FC Bayern,Bundesliga,GER,Goalkeeper,67,0,0.0,5.583333333333333,0.0
P03198,43000.0,18,Mainz 05,Bundesliga,GER,Midfielder,0,0,0.0,0.0,0.0
P03199,42500.0,21,Rio Ave,Primiera Liga,POR,Forward,33,0,0.0,6.6,0.0
P03200,42500.0,18,BVT,Primiera Liga,POR,Forward,0,0,0.0,0.0,0.0
P03201,42500.0,21,Estoril Praia,Primiera Liga,FRA,Midfielder,33,0,0.0,6.6,0.0
P03202,42500.0,19,Famalicao,Primiera Liga,POR,Midfielder,14,0,0.0,4.666666666666667,0.0
P03203,42500.0,20,Milan,Serie A,ITA,Forward,0,0,0.0,0.0,0.0
P03204,41500.0,19,Sampdoria,Serie A,VEN,Midfielder,60,1,0.016666666666666666,20.0,0.3333333333333333
P03205,41500.0,18,Leicester,Premier League,BER,Defender,0,1,0.0,0.0,0.5
P03206,41500.0,20,Bournemouth,Premier League,ENG,Defender,15,0,0.0,3.75,0.0
P03207,41500.0,20,Newcastle,Premier League,ENG,Defender,6,0,0.0,1.5,0.0
P03208,41500.0,18,Leicester,Premier League,USA,Midfielder,0,0,0.0,0.0,0.0
P03209,41500.0,18,Leicester,Premier League,ENG,Midfielder,0,0,0.0,0.0,0.0
P03210,41500.0,18,Man UFC,Premier League,ENG,Defender,0,0,0.0,0.0,0.0
P03211,41500.0,18,Newcastle,Premier League,IRL,Defender,31,0,0.0,15.5,0.0
P03212,41500.0,19,Sassuolo,Serie A,ITA,Goalkeeper,0,0,0.0,0.0,0.0
P03213,41500.0,19,Bologna,Serie A,FIN,Forward,0,0,0.0,0.0,0.0
P03214,41500.0,20,BRG,Primiera Liga,POR,Defender,11,0,0.0,2.75,0.0
P03215,41000.0,18,Bologna,Serie A,ITA,Goalkeeper,1,0,0.0,0.5,0.0
P03216,41000.0,19,Capitoline,Serie A,ITA,Forward,0,0,0.0,0.0,0.0
P03217,41000.0,20,Parthenope,Serie A,POL,Goalkeeper,0,0,0.0,0.0,0.0
P03218,41000.0,18,Milan,Serie A,ITA,Forward,0,0,0.0,0.0,0.0
P03219,40500.0,19,Capitoline,Serie A,BIH,Midfielder,26,0,0.0,8.666666666666666,0.0
P03220,40500.0,22,Bologna,Serie A,ITA,Goalkeeper,56,0,0.0,9.333333333333334,0.0
P03221,40000.0,21,Liverpool,Premier League,NIR,Goalkeeper,9,0,0.0,1.8,0.0
P03222,40000.0,18,Liverpool,Premier League,ENG,Defender,0,0,0.0,0.0,0.0
P03223,40000.0,18,Liverpool,Premier League,POL,Forward,0,0,0.0,0.0,0.0
P03224,40000.0,20,Liverpool,Premier League,ENG,Forward,0,0,0.0,0.0,0.0
P03225,40000.0,19,Liverpool,Premier League,ENG,Goalkeeper,0,0,0.0,0.0,0.0
P03226,40000.0,18,Liverpool,Premier League,GER,Defender,0,0,0.0,0.0,0.0
P03227,40000.0,19,Capitoline,Serie A,FRA,Defender,0,0,0.0,0.0,0.0
P03228,39000.0,24,Casa Pia,Primiera Liga,BRA,Goalkeeper,27,0,0.0,3.375,0.0
P03229,39000.0,18,VTSC,Primiera Liga,CAN,Forward,0,0,0.0,0.0,0.0
P03230,39000.0,22,BVT,Primiera Liga,POR,Forward,33,0,0.0,5.5,0.0
P03231,39000.0,18,Aston Villa,Premier League,ENG,Forward,0,0,0.0,0.0,0.0
P03232,39000.0,19,Wolves,Premier League,WAL,Midfielder,0,0,0.0,0.0,0.0
P03233,39000.0,19,Man UFC,Premier League,NIR,Goalkeeper,13,0,0.0,4.333333333333333,0.0
P03234,39000.0,20,Newcastle,Premier League,ENG,Goalkeeper,0,0,0.0,0.0,0.0
P03235,39000.0,19,FC Nantes,Ligue 1 Uber Eats,FRA,Midfielder,3,0,0.0,1.0,0.0
P03236,39000.0,19,West Ham,Premier League,ENG,Forward,0,0,0.0,0.0,0.0
P03237,39000.0,18,Leicester,Premier League,IRL,Goalkeeper,3,0,0.0,1.5,0.0
P03238,39000.0,18,West Ham,Premier League,ENG,Defender,2,0,0.0,1.0,0.0
P03239,39000.0,21,Wolves,Premier League,ENG,Defender,0,0,0.0,0.0,0.0
P03240,39000.0,18,Aston Villa,Premier League,NIR,Midfielder,0,0,0.0,0.0,0.0
P03241,39000.0,18,Leeds,Premier League,ENG,Defender,1,0,0.0,0.5,0.0
P03242,38500.0,18,Bologna,Serie A,ITA,Defender,1,0,0.0,0.5,0.0
P03243,38500.0,18,Schalke 04,Bundesliga,GER,Goalkeeper,0,0,0.0,0.0,0.0
P03244,38500.0,19,Torino,Serie A,FRA,Midfielder,0,0,0.0,0.0,0.0
P03245,38500.0,21,RC Lens,Ligue 1 Uber Eats,FRA,Forward,23,0,0.0,4.6,0.0
P03246,38500.0,22,VIZ,Primiera Liga,ESP,Midfielder,64,0,0.0,10.666666666666666,0.0
P03247,38000.0,19,Atalanta,Serie A,ITA,Forward,1,0,0.0,0.3333333333333333,0.0
P03248,38000.0,24,Santa Clara,Primiera Liga,POR,Forward,84,0,0.0,10.5,0.0
P03249,38000.0,28,PTM,Primiera Liga,KOR,Defender,238,13,0.0546218487394958,19.833333333333332,1.0833333333333333
P03250,38000.0,20,Famalicao,Primiera Liga,MNE,Defender,0,0,0.0,0.0,0.0
P03251,38000.0,19,BRG,Primiera Liga,POR,Defender,0,0,0.0,0.0,0.0
P03252,38000.0,22,Famalicao,Primiera Liga,BRA,Defender,6,0,0.0,1.0,0.0
P03253,38000.0,21,PTM,Primiera Liga,BRA,Midfielder,2,0,0.0,0.4,0.0
P03254,37500.0,18,VfL Bochum,Bundesliga,GER,Defender,0,0,0.0,0.0,0.0
P03255,37500.0,19,Fiorentina,Serie A,ITA,Forward,1,0,0.0,0.3333333333333333,0.0
P03256,37500.0,18,Real Hispalis,La Liga,ESP,Defender,3,0,0.0,1.5,0.0
P03257,37500.0,20,P. Ferreira,Primiera Liga,POR,Midfielder,1,0,0.0,0.25,0.0
P03258,37500.0,21,Angers SCO,Ligue 1 Uber Eats,GAB,Forward,23,4,0.17391304347826086,4.6,0.8
P03259,37000.0,24,Casa Pia,Primiera Liga,BRA,Goalkeeper,15,0,0.0,1.875,0.0
P03260,37000.0,19,BRG,Primiera Liga,POR,Defender,0,0,0.0,0.0,0.0
P03261,37000.0,18,BRG,Primiera Liga,POR,Midfielder,0,0,0.0,0.0,0.0
P03262,37000.0,18,BRG,Primiera Liga,GNB,Forward,0,0,0.0,0.0,0.0
P03263,37000.0,23,Brest,Ligue 1 Uber Eats,FRA,Goalkeeper,7,0,0.0,1.0,0.0
P03264,36500.0,18,Newcastle,Premier League,ENG,Forward,5,0,0.0,2.5,0.0
P03265,36500.0,21,Nottm Forest,Premier League,ENG,Goalkeeper,7,0,0.0,1.4,0.0
P03266,36000.0,20,Cremonese,Serie A,ITA,Midfielder,31,0,0.0,7.75,0.0
P03267,36000.0,19,Salento,Serie A,FIN,Goalkeeper,4,0,0.0,1.3333333333333333,0.0
P03268,36000.0,21,Inter,Serie A,ITA,Midfielder,9,0,0.0,1.8,0.0
P03269,36000.0,19,Famalicao,Primiera Liga,POR,Midfielder,0,0,0.0,0.0,0.0
P03270,36000.0,19,Brianza,Serie A,BRA,Forward,0,0,0.0,0.0,0.0
P03271,35500.0,18,Capitoline,Serie A,ITA,Midfielder,0,0,0.0,0.0,0.0
P03272,35500.0,22,Atalanta,Serie A,SEN,Goalkeeper,21,0,0.0,3.5,0.0
P03273,35000.0,19,Bologna,Serie A,NED,Midfielder,8,0,0.0,2.6666666666666665,0.0
P03274,35000.0,19,Bologna,Serie A,FIN,Defender,42,0,0.0,14.0,0.0
P03275,34500.0,20,Fulham,Premier League,ENG,Forward,23,0,0.0,5.75,0.0
P03276,34500.0,18,Brianza,Serie A,ITA,Forward,19,0,0.0,9.5,0.0
P03277,34500.0,20,SC Freiburg,Bundesliga,GER,Midfielder,51,0,0.0,12.75,0.0
P03278,34500.0,32,MRT,Primiera Liga,BRA,Goalkeeper,123,0,0.0,7.6875,0.0
P03279,34500.0,21,Brianza,Serie A,ITA,Midfielder,63,0,0.0,12.6,0.0
P03280,34000.0,18,Leeds,Premier League,ENG,Goalkeeper,0,0,0.0,0.0,0.0
P03281,34000.0,18,Brentford,Premier League,IRL,Defender,16,0,0.0,8.0,0.0
P03282,34000.0,18,Newcastle,Premier League,ENG,Forward,0,0,0.0,0.0,0.0
P03283,33500.0,20,Bologna,Serie A,ITA,Forward,2,0,0.0,0.5,0.0
P03284,33500.0,18,Atalanta,Serie A,ZAM,Midfielder,22,0,0.0,11.0,0.0
P03285,33500.0,19,Lazio,Serie A,CIV,Midfielder,0,0,0.0,0.0,0.0
P03286,33500.0,18,BRG,Primiera Liga,POR,Midfielder,0,0,0.0,0.0,0.0
P03287,33500.0,20,BRG,Primiera Liga,SRB,Defender,2,0,0.0,0.5,0.0
P03288,33500.0,20,VIZ,Primiera Liga,NGA,Forward,4,0,0.0,1.0,0.0
P03289,33500.0,18,Famalicao,Primiera Liga,POR,Defender,0,0,0.0,0.0,0.0
P03290,33500.0,20,Estoril Praia,Primiera Liga,BRA,Forward,0,0,0.0,0.0,0.0
P03291,33500.0,22,Gil Vicente,Primiera Liga,POR,Goalkeeper,2,0,0.0,0.3333333333333333,0.0
P03292,33500.0,21,BRG,Primiera Liga,POR,Midfielder,14,0,0.0,2.8,0.0
P03293,33500.0,19,VIZ,Primiera Liga,USA,Midfielder,17,0,0.0,5.666666666666667,0.0
P03294,33500.0,20,PTM,Primiera Liga,BRA,Defender,3,0,0.0,0.75,0.0
P03295,33500.0,21,Famalicao,Primiera Liga,POR,Defender,29,0,0.0,5.8,0.0
P03296,33500.0,20,Famalicao,Primiera Liga,POR,Goalkeeper,1,0,0.0,0.25,0.0
P03297,33500.0,19,Estoril Praia,Primiera Liga,POR,Goalkeeper,0,0,0.0,0.0,0.0
P03298,32500.0,20,Milan,Serie A,ITA,Midfielder,0,0,0.0,0.0,0.0
P03299,32500.0,19,Fiorentina,Serie A,ALB,Forward,4,0,0.0,1.3333333333333333,0.0
P03300,32500.0,18,Bologna,Serie A,ITA,Defender,0,0,0.0,0.0,0.0
P03301,32500.0,22,Rio Ave,Primiera Liga,BRA,Goalkeeper,14,0,0.0,2.3333333333333335,0.0
P03302,32500.0,18,RB Leipzig,Bundesliga,GER,Goalkeeper,0,0,0.0,0.0,0.0
P03303,32000.0,22,Arouca,Primiera Liga,POR,Goalkeeper,52,0,0.0,8.666666666666666,0.0
P03304,32000.0,19,Torino,Serie A,ITA,Goalkeeper,33,0,0.0,11.0,0.0
P03305,32000.0,19,Lazio,Serie A,ITA,Defender,0,0,0.0,0.0,0.0
P03306,32000.0,20,Lazio,Serie A,SUI,Defender,0,0,0.0,0.0,0.0
P03307,32000.0,18,RB Leipzig,Bundesliga,GER,Goalkeeper,0,0,0.0,0.0,0.0
P03308,31500.0,19,Fiorentina,Serie A,ITA,Forward,3,0,0.0,1.0,0.0
P03309,31500.0,18,Salento,Serie A,ROU,Midfielder,3,0,0.0,1.5,0.0
P03310,31500.0,19,Lazio,Serie A,PAR,Forward,29,0,0.0,9.666666666666666,0.0
P03311,31500.0,19,BRG,Primiera Liga,GNB,Defender,0,0,0.0,0.0,0.0
P03312,31500.0,19,Famalicao,Primiera Liga,POR,Defender,0,0,0.0,0.0,0.0
P03313,31500.0,20,P. Ferreira,Primiera Liga,POR,Defender,30,0,0.0,7.5,0.0
P03314,31500.0,18,Sassuolo,Serie A,IRL,Defender,20,0,0.0,10.0,0.0
P03315,31500.0,18,Bologna,Serie A,FRA,Defender,0,0,0.0,0.0,0.0
P03316,31000.0,18,Leicester,Premier League,ENG,Defender,0,0,0.0,0.0,0.0
P03317,31000.0,18,Nottm Forest,Premier League,ENG,Goalkeeper,0,0,0.0,0.0,0.0
P03318,31000.0,18,Aston Villa,Premier League,ENG,Defender,0,0,0.0,0.0,0.0
P03319,31000.0,18,Tottenham,Premier League,ENG,Defender,4,0,0.0,2.0,0.0
P03320,31000.0,18,Brighton,Premier League,IRL,Defender,1,0,0.0,0.5,0.0
P03321,31000.0,20,Fulham,Premier League,FIN,Forward,36,0,0.0,9.0,0.0
P03322,31000.0,18,Aston Villa,Premier League,ENG,Midfielder,0,0,0.0,0.0,0.0
P03323,31000.0,19,Crystal Palace,Premier League,ENG,Defender,0,0,0.0,0.0,0.0
P03324,31000.0,19,Crystal Palace,Premier League,IRQ,Defender,0,0,0.0,0.0,0.0
P03325,31000.0,19,Man City,Premier League,ENG,Midfielder,0,0,0.0,0.0,0.0
P03326,31000.0,18,Fulham,Premier League,USA,Goalkeeper,0,0,0.0,0.0,0.0
P03327,31000.0,19,Everton,Premier League,WAL,Defender,0,0,0.0,0.0,0.0
P03328,31000.0,18,Crystal Palace,Premier League,ENG,Forward,5,0,0.0,2.5,0.0
P03329,31000.0,18,Crystal Palace,Premier League,ENG,Midfielder,0,0,0.0,0.0,0.0
P03330,31000.0,18,Crystal Palace,Premier League,ENG,Goalkeeper,0,0,0.0,0.0,0.0
P03331,31000.0,19,Fulham,Premier League,WAL,Defender,0,0,0.0,0.0,0.0
P03332,31000.0,18,Everton,Premier League,ENG,Defender,0,0,0.0,0.0,0.0
P03333,31000.0,18,Newcastle,Premier League,ENG,Goalkeeper,0,0,0.0,0.0,0.0
P03334,31000.0,18,Nottm Forest,Premier League,ENG,Midfielder,0,0,0.0,0.0,0.0
P03335,31000.0,19,Fulham,Premier League,ENG,Defender,0,0,0.0,0.0,0.0
P03336,31000.0,18,Crystal Palace,Premier League,ENG,Defender,0,0,0.0,0.0,0.0
P03337,31000.0,19,Brighton,Premier League,FRA,Midfielder,2,0,0.0,0.6666666666666666,0.0
P03338,31000.0,18,Wolves,Premier League,AUS,Midfielder,0,0,0.0,0.0,0.0
P03339,31000.0,19,Nottm Forest,Premier League,IRL,Defender,0,0,0.0,0.0,0.0
P03340,31000.0,18,Crystal Palace,Premier League,ENG,Forward,0,0,0.0,0.0,0.0
P03341,31000.0,22,Eintracht Frankfurt,Bundesliga,CRO,Defender,75,0,0.0,12.5,0.0
P03342,31000.0,20,MRT,Primiera Liga,POR,Midfielder,7,0,0.0,1.75,0.0
P03343,31000.0,18,BRG,Primiera Liga,POR,Defender,0,0,0.0,0.0,0.0
P03344,31000.0,18,VTSC,Primiera Liga,POR,Forward,0,0,0.0,0.0,0.0
P03345,31000.0,19,BRG,Primiera Liga,POR,Forward,0,0,0.0,0.0,0.0
P03346,31000.0,21,PTM,Primiera Liga,BRA,Goalkeeper,0,0,0.0,0.0,0.0
P03347,31000.0,19,Famalicao,Primiera Liga,POR,Defender,0,0,0.0,0.0,0.0
P03348,31000.0,18,BRG,Primiera Liga,POR,Defender,2,0,0.0,1.0,0.0
P03349,31000.0,21,BVT,Primiera Liga,POR,Goalkeeper,2,0,0.0,0.4,0.0
P03350,31000.0,20,BRG,Primiera Liga,POR,Goalkeeper,0,0,0.0,0.0,0.0
P03351,31000.0,18,VIZ,Primiera Liga,POR,Goalkeeper,0,0,0.0,0.0,0.0
P03352,31000.0,18,Estoril Praia,Primiera Liga,POR,Midfielder,7,0,0.0,3.5,0.0
P03353,31000.0,19,BRG,Primiera Liga,POR,Defender,0,0,0.0,0.0,0.0
P03354,31000.0,18,BRG,Primiera Liga,POR,Forward,0,0,0.0,0.0,0.0
P03355,31000.0,21,BRG,Primiera Liga,POR,Defender,1,0,0.0,0.2,0.0
P03356,31000.0,19,VIZ,Primiera Liga,COL,Midfielder,0,0,0.0,0.0,0.0
P03357,31000.0,19,BRG,Primiera Liga,POR,Goalkeeper,0,0,0.0,0.0,0.0
P03358,31000.0,20,BRG,Primiera Liga,POR,Defender,0,0,0.0,0.0,0.0
P03359,31000.0,20,BRG,Primiera Liga,CAN,Defender,0,0,0.0,0.0,0.0
P03360,31000.0,18,BRG,Primiera Liga,ANG,Forward,17,0,0.0,8.5,0.0
P03361,31000.0,19,Juventus,Serie A,ITA,Forward,6,0,0.0,2.0,0.0
P03362,31000.0,19,PTM,Primiera Liga,JPN,Forward,0,0,0.0,0.0,0.0
P03363,31000.0,18,BRG,Primiera Liga,POR,Midfielder,0,0,0.0,0.0,0.0
P03364,31000.0,21,MRT,Primiera Liga,NGA,Midfielder,5,0,0.0,1.0,0.0
P03365,31000.0,19,VIZ,Primiera Liga,POR,Defender,1,0,0.0,0.3333333333333333,0.0
P03366,30500.0,19,Capitoline,Serie A,FRA,Defender,0,0,0.0,0.0,0.0
P03367,30500.0,19,VIZ,Primiera Liga,EGY,Goalkeeper,0,0,0.0,0.0,0.0
P03368,30000.0,24,Arouca,Primiera Liga,USA,Forward,157,0,0.0,19.625,0.0
P03369,30000.0,19,Juventus,Serie A,ITA,Defender,0,0,0.0,0.0,0.0
P03370,30000.0,18,Borussia Dortmund,Bundesliga,GER,Goalkeeper,0,0,0.0,0.0,0.0
P03371,30000.0,18,VfB Stuttgart,Bundesliga,GER,Defender,0,0,0.0,0.0,0.0
P03372,30000.0,19,PTM,Primiera Liga,KOR,Forward,0,0,0.0,0.0,0.0
P03373,30000.0,18,FC Augsburg,Bundesliga,POL,Goalkeeper,0,0,0.0,0.0,0.0
P03374,29000.0,19,Juventus,Serie A,ITA,Defender,0,0,0.0,0.0,0.0
P03375,29000.0,18,Milan,Serie A,FRA,Defender,0,0,0.0,0.0,0.0
P03376,29000.0,19,Parthenope,Serie A,ITA,Defender,0,0,0.0,0.0,0.0
P03377,29000.0,20,Estoril Praia,Primiera Liga,BEL,Midfielder,5,0,0.0,1.25,0.0
P03378,29000.0,20,Estoril Praia,Primiera Liga,BRA,Midfielder,45,0,0.0,11.25,0.0
P03379,29000.0,20,Gil Vicente,Primiera Liga,CRC,Midfielder,93,4,0.043010752688172046,23.25,1.0
P03380,29000.0,18,Bayer 04,Bundesliga,GER,Midfielder,0,0,0.0,0.0,0.0
P03381,29000.0,18,Hertha Berlin,Bundesliga,GER,Goalkeeper,0,0,0.0,0.0,0.0
P03382,29000.0,18,VfB Stuttgart,Bundesliga,AUT,Midfielder,0,0,0.0,0.0,0.0
P03383,29000.0,18,Bayer 04,Bundesliga,ESP,Midfielder,0,0,0.0,0.0,0.0
P03384,29000.0,18,Hoffenheim,Bundesliga,GER,Forward,0,0,0.0,0.0,0.0
P03385,29000.0,18,Union Berlin,Bundesliga,GER,Midfielder,0,0,0.0,0.0,0.0
P03386,29000.0,18,VfL Bochum,Bundesliga,TUR,Midfielder,0,0,0.0,0.0,0.0
P03387,29000.0,18,Union Berlin,Bundesliga,GER,Defender,0,0,0.0,0.0,0.0
P03388,29000.0,18,Hoffenheim,Bundesliga,SUI,Defender,0,0,0.0,0.0,0.0
P03389,29000.0,18,VfL Bochum,Bundesliga,GER,Defender,0,0,0.0,0.0,0.0
P03390,29000.0,18,Hoffenheim,Bundesliga,GER,Defender,0,0,0.0,0.0,0.0
P03391,29000.0,18,Hoffenheim,Bundesliga,GER,Goalkeeper,0,0,0.0,0.0,0.0
P03392,29000.0,18,SC Freiburg,Bundesliga,CAN,Midfielder,0,0,0.0,0.0,0.0
P03393,29000.0,18,SC Freiburg,Bundesliga,ARG,Defender,0,0,0.0,0.0,0.0
P03394,29000.0,18,SC Freiburg,Bundesliga,FRA,Defender,0,0,0.0,0.0,0.0
P03395,29000.0,18,FC Augsburg,Bundesliga,MNE,Forward,0,0,0.0,0.0,0.0
P03396,29000.0,18,VfL Bochum,Bundesliga,KOS,Forward,0,0,0.0,0.0,0.0
P03397,29000.0,18,FC Augsburg,Bundesliga,GER,Forward,0,0,0.0,0.0,0.0
P03398,29000.0,18,1. FC Koln,Bundesliga,GER,Defender,0,0,0.0,0.0,0.0
P03399,29000.0,18,VfL Bochum,Bundesliga,ANG,Forward,0,0,0.0,0.0,0.0
P03400,29000.0,18,FC Augsburg,Bundesliga,GER,Defender,0,0,0.0,0.0,0.0
P03401,29000.0,18,Hoffenheim,Bundesliga,ISL,Goalkeeper,0,0,0.0,0.0,0.0
P03402,29000.0,18,1. FC Koln,Bundesliga,GER,Goalkeeper,0,0,0.0,0.0,0.0
P03403,29000.0,18,VfL Bochum,Bundesliga,GER,Goalkeeper,0,0,0.0,0.0,0.0
P03404,29000.0,18,1. FC Koln,Bundesliga,GER,Midfielder,0,0,0.0,0.0,0.0
P03405,29000.0,18,Borussia Dortmund,Bundesliga,GER,Defender,0,0,0.0,0.0,0.0
P03406,29000.0,18,Union Berlin,Bundesliga,GER,Goalkeeper,0,0,0.0,0.0,0.0
P03407,29000.0,18,Hertha Berlin,Bundesliga,GER,Forward,0,0,0.0,0.0,0.0
P03408,29000.0,18,VfL Bochum,Bundesliga,GER,Midfielder,0,0,0.0,0.0,0.0
P03409,29000.0,18,1. FC Koln,Bundesliga,GER,Forward,0,0,0.0,0.0,0.0
P03410,29000.0,18,SV Werder,Bundesliga,GER,Goalkeeper,0,0,0.0,0.0,0.0
P03411,29000.0,18,FC Augsburg,Bundesliga,GER,Midfielder,3,0,0.0,1.5,0.0
P03412,29000.0,18,VfL Bochum,Bundesliga,USA,Defender,0,0,0.0,0.0,0.0
P03413,29000.0,18,VfL Bochum,Bundesliga,GER,Forward,0,0,0.0,0.0,0.0
P03414,29000.0,18,Bayer 04,Bundesliga,GER,Defender,0,0,0.0,0.0,0.0
P03415,29000.0,18,Hoffenheim,Bundesliga,FRA,Forward,0,0,0.0,0.0,0.0
P03416,29000.0,18,Bayer 04,Bundesliga,KOR,Forward,0,0,0.0,0.0,0.0
P03417,29000.0,18,FC Augsburg,Bundesliga,BIH,Goalkeeper,0,0,0.0,0.0,0.0
P03418,29000.0,18,Hertha Berlin,Bundesliga,KOS,Midfielder,0,0,0.0,0.0,0.0
P03419,29000.0,18,Hertha Berlin,Bundesliga,GER,Defender,0,0,0.0,0.0,0.0
P03420,29000.0,18,Hertha Berlin,Bundesliga,GER,Midfielder,0,0,0.0,0.0,0.0
P03421,29000.0,18,Bayer 04,Bundesliga,GER,Forward,0,0,0.0,0.0,0.0
P03422,29000.0,18,Bayer 04,Bundesliga,GER,Goalkeeper,0,0,0.0,0.0,0.0
P03423,29000.0,18,VfB Stuttgart,Bundesliga,GER,Forward,0,0,0.0,0.0,0.0
P03424,29000.0,18,FC Augsburg,Bundesliga,LTU,Midfielder,18,0,0.0,9.0,0.0
P03425,29000.0,18,Schalke 04,Bundesliga,POL,Defender,18,0,0.0,9.0,0.0
P03426,29000.0,18,RB Leipzig,Bundesliga,GHA,Forward,1,0,0.0,0.5,0.0
P03427,29000.0,18,RB Leipzig,Bundesliga,GER,Defender,0,0,0.0,0.0,0.0
P03428,29000.0,18,VfB Stuttgart,Bundesliga,POR,Defender,0,0,0.0,0.0,0.0
P03429,29000.0,18,SC Freiburg,Bundesliga,GER,Midfielder,0,0,0.0,0.0,0.0
P03430,29000.0,18,RB Leipzig,Bundesliga,SUI,Forward,1,0,0.0,0.5,0.0
P03431,29000.0,18,VfB Stuttgart,Bundesliga,SWE,Midfielder,0,0,0.0,0.0,0.0
P03432,29000.0,18,RB Leipzig,Bundesliga,GER,Forward,0,0,0.0,0.0,0.0
P03433,29000.0,18,VfB Stuttgart,Bundesliga,GER,Defender,0,0,0.0,0.0,0.0
P03434,29000.0,25,1. FC Koln,Bundesliga,GER,Goalkeeper,1,0,0.0,0.1111111111111111,0.0
P03435,29000.0,18,SC Freiburg,Bundesliga,GER,Forward,0,0,0.0,0.0,0.0
P03436,29000.0,18,OGC Nice,Ligue 1 Uber Eats,FRA,Forward,0,0,0.0,0.0,0.0
P03437,29000.0,18,OGC Nice,Ligue 1 Uber Eats,FRA,Midfielder,0,0,0.0,0.0,0.0
P03438,29000.0,18,Toulouse FC,Ligue 1 Uber Eats,CMR,Defender,0,0,0.0,0.0,0.0
P03439,29000.0,18,Brest,Ligue 1 Uber Eats,FRA,Forward,0,0,0.0,0.0,0.0
P03440,29000.0,18,OM,Ligue 1 Uber Eats,FRA,Midfielder,0,0,0.0,0.0,0.0
P03441,29000.0,18,AJ Auxerre,Ligue 1 Uber Eats,FRA,Forward,0,0,0.0,0.0,0.0
P03442,29000.0,18,Brest,Ligue 1 Uber Eats,FRA,Defender,0,0,0.0,0.0,0.0
P03443,29000.0,18,Angers SCO,Ligue 1 Uber Eats,FRA,Midfielder,0,0,0.0,0.0,0.0
P03444,29000.0,18,Brest,Ligue 1 Uber Eats,BEL,Midfielder,0,0,0.0,0.0,0.0
P03445,29000.0,28,AC Ajaccio,Ligue 1 Uber Eats,FRA,Goalkeeper,13,0,0.0,1.0833333333333333,0.0
P03446,29000.0,18,Brest,Ligue 1 Uber Eats,FRA,Goalkeeper,0,0,0.0,0.0,0.0
P03447,29000.0,18,Angers SCO,Ligue 1 Uber Eats,FRA,Defender,0,0,0.0,0.0,0.0
P03448,29000.0,18,Troyes,Ligue 1 Uber Eats,FRA,Forward,6,0,0.0,3.0,0.0
P03449,29000.0,18,FC Nantes,Ligue 1 Uber Eats,FRA,Goalkeeper,1,0,0.0,0.5,0.0
P03450,29000.0,18,Reims,Ligue 1 Uber Eats,SEN,Defender,14,0,0.0,7.0,0.0
P03451,29000.0,18,AC Ajaccio,Ligue 1 Uber Eats,ALG,Midfielder,0,0,0.0,0.0,0.0
P03452,29000.0,18,VIZ,Primiera Liga,COL,Forward,0,0,0.0,0.0,0.0
P03453,28500.0,18,Wolves,Premier League,SIN,Defender,0,0,0.0,0.0,0.0
P03454,28500.0,18,Newcastle,Premier League,ENG,Midfielder,0,0,0.0,0.0,0.0
P03455,28500.0,19,VIZ,Primiera Liga,VEN,Forward,48,0,0.0,16.0,0.0
P03456,28000.0,18,Barcelona,La Liga,ESP,Defender,0,0,0.0,0.0,0.0
P03457,28000.0,24,Arouca,Primiera Liga,NGA,Forward,91,0,0.0,11.375,0.0
P03458,28000.0,22,Arouca,Primiera Liga,BRA,Defender,33,0,0.0,5.5,0.0
P03459,27500.0,19,Milan,Serie A,GRE,Goalkeeper,0,0,0.0,0.0,0.0
P03460,27500.0,19,Juventus,Serie A,ITA,Defender,0,0,0.0,0.0,0.0
P03461,27500.0,18,Milan,Serie A,ITA,Defender,0,0,0.0,0.0,0.0
P03462,27500.0,19,Verona,Serie A,ITA,Forward,3,0,0.0,1.0,0.0
P03463,27500.0,18,Salento,Serie A,ESP,Defender,0,0,0.0,0.0,0.0
P03464,27500.0,18,Fulham,Premier League,ENG,Forward,1,0,0.0,0.5,0.0
P03465,27000.0,18,Hertha Berlin,Bundesliga,GER,Defender,1,0,0.0,0.5,0.0
P03466,27000.0,19,Udinese,Serie A,ITA,Forward,0,0,0.0,0.0,0.0
P03467,27000.0,19,Fiorentina,Serie A,ITA,Defender,0,0,0.0,0.0,0.0
P03468,27000.0,18,Bologna,Serie A,ITA,Forward,0,0,0.0,0.0,0.0
P03469,27000.0,19,BVT,Primiera Liga,POR,Midfielder,0,0,0.0,0.0,0.0
P03470,27000.0,18,BVT,Primiera Liga,IRL,Forward,0,0,0.0,0.0,0.0
P03471,26500.0,20,Sampdoria,Serie A,ITA,Defender,0,0,0.0,0.0,0.0
P03472,26500.0,20,Empoli,Serie A,FRA,Defender,0,0,0.0,0.0,0.0
P03473,26500.0,20,Salento,Serie A,ITA,Defender,13,0,0.0,3.25,0.0
P03474,26000.0,18,Aston Villa,Premier League,ENG,Goalkeeper,0,0,0.0,0.0,0.0
P03475,26000.0,18,Newcastle,Premier League,ENG,Midfielder,0,0,0.0,0.0,0.0
P03476,26000.0,19,Newcastle,Premier League,ENG,Midfielder,0,0,0.0,0.0,0.0
P03477,26000.0,19,Nottm Forest,Premier League,ENG,Forward,2,0,0.0,0.6666666666666666,0.0
P03478,26000.0,18,Newcastle,Premier League,ENG,Defender,0,0,0.0,0.0,0.0
P03479,26000.0,19,Newcastle,Premier League,ENG,Defender,0,0,0.0,0.0,0.0
P03480,26000.0,18,Nottm Forest,Premier League,ENG,Midfielder,0,0,0.0,0.0,0.0
P03481,26000.0,18,West Ham,Premier League,ENG,Midfielder,0,0,0.0,0.0,0.0
P03482,26000.0,18,Fulham,Premier League,ENG,Midfielder,0,0,0.0,0.0,0.0
P03483,26000.0,18,Southampton,Premier League,NIR,Defender,0,0,0.0,0.0,0.0
P03484,26000.0,18,West Ham,Premier League,NIR,Defender,0,0,0.0,0.0,0.0
P03485,26000.0,19,Wolves,Premier League,ENG,Defender,0,0,0.0,0.0,0.0
P03486,26000.0,20,Southampton,Premier League,ENG,Defender,0,0,0.0,0.0,0.0
P03487,26000.0,18,Leeds,Premier League,NIR,Midfielder,4,0,0.0,2.0,0.0
P03488,26000.0,19,Southampton,Premier League,ENG,Goalkeeper,36,0,0.0,12.0,0.0
P03489,26000.0,18,Wolves,Premier League,ISL,Goalkeeper,1,0,0.0,0.5,0.0
P03490,26000.0,18,Fulham,Premier League,ENG,Defender,0,0,0.0,0.0,0.0
P03491,26000.0,19,Southampton,Premier League,ENG,Defender,0,0,0.0,0.0,0.0
P03492,26000.0,19,Southampton,Premier League,ENG,Goalkeeper,0,0,0.0,0.0,0.0
P03493,26000.0,20,West Ham,Premier League,ENG,Forward,0,0,0.0,0.0,0.0
P03494,26000.0,19,Bournemouth,Premier League,ENG,Midfielder,6,0,0.0,2.0,0.0
P03495,26000.0,18,Fulham,Premier League,CYP,Midfielder,0,0,0.0,0.0,0.0
P03496,26000.0,18,Leicester,Premier League,ENG,Goalkeeper,0,0,0.0,0.0,0.0
P03497,26000.0,19,Southampton,Premier League,ENG,Forward,0,0,0.0,0.0,0.0
P03498,26000.0,18,West Ham,Premier League,ENG,Defender,0,0,0.0,0.0,0.0
P03499,26000.0,18,West Ham,Premier League,BER,Forward,0,2,0.0,0.0,1.0
P03500,26000.0,18,Torino,Serie A,ITA,Forward,0,0,0.0,0.0,0.0
P03501,26000.0,18,Southampton,Premier League,ENG,Forward,0,0,0.0,0.0,0.0
P03502,26000.0,18,Wolves,Premier League,ENG,Defender,0,0,0.0,0.0,0.0
P03503,26000.0,18,Wolves,Premier League,JAM,Forward,5,0,0.0,2.5,0.0
P03504,26000.0,18,Southampton,Premier League,SRB,Midfielder,0,0,0.0,0.0,0.0
P03505,26000.0,18,Nottm Forest,Premier League,ENG,Midfielder,2,0,0.0,1.0,0.0
P03506,26000.0,18,Nottm Forest,Premier League,ENG,Forward,0,0,0.0,0.0,0.0
P03507,26000.0,18,Nottm Forest,Premier League,ENG,Defender,0,0,0.0,0.0,0.0
P03508,26000.0,18,Southampton,Premier League,ENG,Goalkeeper,0,0,0.0,0.0,0.0
P03509,26000.0,18,Southampton,Premier League,ENG,Midfielder,0,0,0.0,0.0,0.0
P03510,26000.0,18,Brighton,Premier League,ENG,Midfielder,0,0,0.0,0.0,0.0
P03511,26000.0,18,Brighton,Premier League,SVK,Defender,0,0,0.0,0.0,0.0
P03512,26000.0,20,Brentford,Premier League,ENG,Midfielder,26,0,0.0,6.5,0.0
P03513,26000.0,18,Inter,Serie A,POL,Forward,0,0,0.0,0.0,0.0
P03514,25500.0,19,Juventus,Serie A,ITA,Midfielder,0,0,0.0,0.0,0.0
P03515,25000.0,18,Sassuolo,Serie A,SRB,Defender,0,0,0.0,0.0,0.0
P03516,25000.0,19,Torino,Serie A,FRA,Defender,0,0,0.0,0.0,0.0
P03517,25000.0,23,Arouca,Primiera Liga,GHA,Midfielder,32,0,0.0,4.571428571428571,0.0
P03518,25000.0,18,Salento,Serie A,SUI,Midfielder,16,0,0.0,8.0,0.0
P03519,25000.0,19,Famalicao,Primiera Liga,POR,Midfielder,0,0,0.0,0.0,0.0
P03520,25000.0,19,Salento,Serie A,SWE,Defender,0,0,0.0,0.0,0.0
P03521,25000.0,19,BRG,Primiera Liga,POR,Defender,3,0,0.0,1.0,0.0
P03522,25000.0,18,BRG,Primiera Liga,POR,Midfielder,0,0,0.0,0.0,0.0
P03523,25000.0,20,Gil Vicente,Primiera Liga,POR,Forward,22,0,0.0,5.5,0.0
P03524,25000.0,20,BRG,Primiera Liga,POR,Defender,0,0,0.0,0.0,0.0
P03525,24500.0,20,Casa Pia,Primiera Liga,POR,Defender,14,0,0.0,3.5,0.0
P03526,24500.0,20,Gil Vicente,Primiera Liga,PER,Midfielder,17,0,0.0,4.25,0.0
P03527,24500.0,20,Estoril Praia,Primiera Liga,POR,Defender,5,0,0.0,1.25,0.0
P03528,24500.0,18,Estoril Praia,Primiera Liga,BRA,Forward,7,0,0.0,3.5,0.0
P03529,24500.0,20,Estoril Praia,Primiera Liga,BRA,Defender,8,0,0.0,2.0,0.0
P03530,24500.0,19,Parthenope,Serie A,ITA,Midfielder,0,0,0.0,0.0,0.0
P03531,24500.0,18,Capitoline,Serie A,ESP,Defender,0,0,0.0,0.0,0.0
P03532,24000.0,19,Inter,Serie A,ITA,Defender,12,0,0.0,4.0,0.0
P03533,23500.0,23,PTM,Primiera Liga,POR,Forward,2,0,0.0,0.2857142857142857,0.0
P03534,23500.0,18,Torino,Serie A,SWE,Defender,10,0,0.0,5.0,0.0
P03535,23500.0,18,Torino,Serie A,FRA,Defender,0,0,0.0,0.0,0.0
P03536,23500.0,19,Salento,Serie A,FIN,Midfielder,12,0,0.0,4.0,0.0
P03537,23500.0,20,Bournemouth,Premier League,IRL,Defender,20,0,0.0,5.0,0.0
P03538,23500.0,19,Bournemouth,Premier League,ENG,Goalkeeper,32,0,0.0,10.666666666666666,0.0
P03539,23500.0,19,Bournemouth,Premier League,ENG,Defender,29,0,0.0,9.666666666666666,0.0
P03540,23000.0,19,Sampdoria,Serie A,ITA,Midfielder,1,0,0.0,0.3333333333333333,0.0
P03541,23000.0,19,Empoli,Serie A,ALB,Midfielder,0,0,0.0,0.0,0.0
P03542,23000.0,19,Capitoline,Serie A,FRA,Defender,0,0,0.0,0.0,0.0
P03543,23000.0,19,Parthenope,Serie A,ITA,Defender,0,0,0.0,0.0,0.0
P03544,23000.0,19,Sassuolo,Serie A,ITA,Defender,11,0,0.0,3.6666666666666665,0.0
P03545,22500.0,19,Sassuolo,Serie A,ITA,Midfielder,0,0,0.0,0.0,0.0
P03546,22500.0,18,BRG,Primiera Liga,GNB,Forward,0,0,0.0,0.0,0.0
P03547,22500.0,20,BRG,Primiera Liga,POR,Midfielder,0,0,0.0,0.0,0.0
P03548,22500.0,18,Atalanta,Serie A,NOR,Midfielder,15,0,0.0,7.5,0.0
P03549,22500.0,18,BRG,Primiera Liga,POR,Goalkeeper,0,0,0.0,0.0,0.0
P03550,22500.0,20,Estoril Praia,Primiera Liga,POR,Forward,0,0,0.0,0.0,0.0
P03551,22500.0,18,Famalicao,Primiera Liga,POR,Defender,0,0,0.0,0.0,0.0
P03552,22500.0,20,Famalicao,Primiera Liga,POR,Forward,0,0,0.0,0.0,0.0
P03553,22500.0,18,VIZ,Primiera Liga,POR,Forward,3,0,0.0,1.5,0.0
P03554,22500.0,20,Estoril Praia,Primiera Liga,POR,Defender,10,0,0.0,2.5,0.0
P03555,22500.0,19,Famalicao,Primiera Liga,POR,Midfielder,1,0,0.0,0.3333333333333333,0.0
P03556,22500.0,19,BRG,Primiera Liga,POR,Midfielder,0,0,0.0,0.0,0.0
P03557,22500.0,19,Famalicao,Primiera Liga,POR,Forward,3,0,0.0,1.0,0.0
P03558,22500.0,22,Gil Vicente,Primiera Liga,POR,Defender,58,0,0.0,9.666666666666666,0.0
P03559,22500.0,20,MRT,Primiera Liga,MOZ,Forward,2,0,0.0,0.5,0.0
P03560,21500.0,19,Inter,Serie A,ALB,Defender,0,0,0.0,0.0,0.0
P03561,21500.0,19,Sassuolo,Serie A,ALB,Midfielder,0,0,0.0,0.0,0.0
P03562,21500.0,18,Bologna,Serie A,ITA,Forward,0,0,0.0,0.0,0.0
P03563,21500.0,19,Empoli,Serie A,ITA,Forward,0,0,0.0,0.0,0.0
P03564,21000.0,19,Udinese,Serie A,ITA,Midfielder,1,0,0.0,0.3333333333333333,0.0
P03565,21000.0,19,Sassuolo,Serie A,ITA,Defender,0,0,0.0,0.0,0.0
P03566,21000.0,18,VfB Stuttgart,Bundesliga,JPN,Defender,0,0,0.0,0.0,0.0
P03567,21000.0,18,Leeds,Premier League,FRA,Forward,0,0,0.0,0.0,0.0
P03568,21000.0,19,Bournemouth,Premier League,ENG,Forward,20,0,0.0,6.666666666666667,0.0
P03569,21000.0,19,Bournemouth,Premier League,ENG,Goalkeeper,17,0,0.0,5.666666666666667,0.0
P03570,21000.0,19,Bournemouth,Premier League,ENG,Defender,4,0,0.0,1.3333333333333333,0.0
P03571,21000.0,19,Bournemouth,Premier League,ENG,Midfielder,7,0,0.0,2.3333333333333335,0.0
P03572,21000.0,19,Newcastle,Premier League,SCO,Goalkeeper,25,0,0.0,8.333333333333334,0.0
P03573,21000.0,18,Leeds,Premier League,ENG,Defender,0,0,0.0,0.0,0.0
P03574,21000.0,18,Leeds,Premier League,ENG,Midfielder,0,0,0.0,0.0,0.0
P03575,21000.0,18,Leeds,Premier League,SCO,Defender,0,0,0.0,0.0,0.0
P03576,20500.0,19,Sampdoria,Serie A,ITA,Defender,0,0,0.0,0.0,0.0
P03577,20500.0,19,Estoril Praia,Primiera Liga,UKR,Midfielder,13,0,0.0,4.333333333333333,0.0
P03578,20000.0,20,PTM,Primiera Liga,BRA,Midfielder,15,0,0.0,3.75,0.0
P03579,20000.0,20,VIZ,Primiera Liga,POR,Defender,5,0,0.0,1.25,0.0
P03580,20000.0,18,Famalicao,Primiera Liga,NGA,Forward,6,0,0.0,3.0,0.0
P03581,20000.0,19,VIZ,Primiera Liga,GNB,Goalkeeper,0,0,0.0,0.0,0.0
P03582,20000.0,20,Gil Vicente,Primiera Liga,COL,Defender,16,0,0.0,4.0,0.0
P03583,20000.0,19,Gil Vicente,Primiera Liga,ANG,Forward,13,0,0.0,4.333333333333333,0.0
P03584,20000.0,18,VTSC,Primiera Liga,ANG,Forward,0,0,0.0,0.0,0.0
P03585,20000.0,19,VIZ,Primiera Liga,BRA,Defender,0,0,0.0,0.0,0.0
P03586,20000.0,18,VIZ,Primiera Liga,POR,Defender,0,0,0.0,0.0,0.0
P03587,20000.0,19,Estoril Praia,Primiera Liga,POR,Midfielder,21,0,0.0,7.0,0.0
P03588,20000.0,22,MRT,Primiera Liga,COL,Defender,3,0,0.0,0.5,0.0
P03589,20000.0,20,P. Ferreira,Primiera Liga,POR,Goalkeeper,7,0,0.0,1.75,0.0
P03590,20000.0,20,Estoril Praia,Primiera Liga,POR,Midfielder,1,0,0.0,0.25,0.0
P03591,20000.0,22,MRT,Primiera Liga,MOZ,Defender,1,0,0.0,0.16666666666666666,0.0
P03592,20000.0,20,MRT,Primiera Liga,BRA,Forward,5,0,0.0,1.25,0.0
P03593,20000.0,18,Estoril Praia,Primiera Liga,POR,Forward,1,0,0.0,0.5,0.0
P03594,20000.0,18,BVT,Primiera Liga,POR,Midfielder,0,0,0.0,0.0,0.0
P03595,20000.0,19,Estoril Praia,Primiera Liga,GER,Midfielder,0,0,0.0,0.0,0.0
P03596,20000.0,18,VTSC,Primiera Liga,POR,Defender,0,0,0.0,0.0,0.0
P03597,20000.0,22,MRT,Primiera Liga,COL,Forward,5,0,0.0,0.8333333333333334,0.0
P03598,20000.0,18,VIZ,Primiera Liga,POR,Defender,31,0,0.0,15.5,0.0
P03599,20000.0,20,VIZ,Primiera Liga,NGA,Midfielder,0,0,0.0,0.0,0.0
P03600,20000.0,22,Gil Vicente,Primiera Liga,POR,Forward,39,0,0.0,6.5,0.0
P03601,20000.0,18,Parthenope,Serie A,ITA,Goalkeeper,0,0,0.0,0.0,0.0
P03602,19750.0,19,Torino,Serie A,ROU,Defender,0,0,0.0,0.0,0.0
P03603,19500.0,19,Bournemouth,Premier League,ENG,Midfielder,11,0,0.0,3.6666666666666665,0.0
P03604,19500.0,19,Udinese,Serie A,TUN,Defender,1,0,0.0,0.3333333333333333,0.0
P03605,19250.0,18,Empoli,Serie A,HUN,Defender,2,0,0.0,1.0,0.0
P03606,19250.0,19,Sassuolo,Serie A,GUI,Midfielder,0,0,0.0,0.0,0.0
P03607,19000.0,19,Verona,Serie A,FRA,Defender,0,0,0.0,0.0,0.0
P03608,19000.0,19,Torino,Serie A,ENG,Defender,0,0,0.0,0.0,0.0
P03609,18750.0,18,Inter,Serie A,DEN,Midfielder,0,0,0.0,0.0,0.0
P03610,18500.0,18,Lazio,Serie A,POL,Goalkeeper,2,0,0.0,1.0,0.0
P03611,18500.0,18,Juventus,Serie A,ITA,Defender,28,0,0.0,14.0,0.0
P03612,18250.0,19,Spezia,Serie A,ITA,Midfielder,0,0,0.0,0.0,0.0
P03613,18250.0,18,Salernitana,Serie A,POL,Defender,0,0,0.0,0.0,0.0
P03614,18250.0,18,Sassuolo,Serie A,NED,Defender,0,0,0.0,0.0,0.0
P03615,18250.0,18,Verona,Serie A,CIV,Forward,0,0,0.0,0.0,0.0
P03616,18250.0,19,Spezia,Serie A,ITA,Goalkeeper,0,0,0.0,0.0,0.0
P03617,18250.0,19,Atalanta,Serie A,ITA,Forward,0,0,0.0,0.0,0.0
P03618,18250.0,19,Cremonese,Serie A,ITA,Midfielder,0,0,0.0,0.0,0.0
P03619,18250.0,18,Salernitana,Serie A,LTU,Defender,53,0,0.0,26.5,0.0
P03620,18250.0,18,Inter,Serie A,SVN,Defender,0,0,0.0,0.0,0.0
P03621,18250.0,19,Torino,Serie A,ITA,Goalkeeper,0,0,0.0,0.0,0.0
P03622,18250.0,19,Spezia,Serie A,ITA,Defender,4,0,0.0,1.3333333333333333,0.0
P03623,18250.0,18,Spezia,Serie A,ISL,Defender,1,0,0.0,0.5,0.0
P03624,18250.0,18,Verona,Serie A,MAR,Midfielder,4,0,0.0,2.0,0.0
P03625,18250.0,19,Sampdoria,Serie A,ITA,Defender,0,0,0.0,0.0,0.0
P03626,18250.0,18,Fiorentina,Serie A,SEN,Forward,0,0,0.0,0.0,0.0
P03627,18250.0,18,Atalanta,Serie A,ALB,Midfielder,0,0,0.0,0.0,0.0
P03628,18250.0,18,Cremonese,Serie A,ITA,Midfielder,24,0,0.0,12.0,0.0
P03629,18250.0,18,Empoli,Serie A,BEL,Defender,0,0,0.0,0.0,0.0
P03630,18250.0,18,Udinese,Serie A,GHA,Forward,0,0,0.0,0.0,0.0
P03631,18250.0,19,Nottm Forest,Premier League,ENG,Midfielder,1,0,0.0,0.3333333333333333,0.0
P03632,18250.0,18,Gil Vicente,Primiera Liga,UKR,Defender,0,0,0.0,0.0,0.0
P03633,18000.0,18,Verona,Serie A,SUI,Forward,10,0,0.0,5.0,0.0
P03634,18000.0,19,MRT,Primiera Liga,POR,Forward,0,0,0.0,0.0,0.0
P03635,18000.0,18,MRT,Primiera Liga,POR,Midfielder,6,0,0.0,3.0,0.0
P03636,18000.0,22,MRT,Primiera Liga,BRA,Forward,11,0,0.0,1.8333333333333333,0.0
P03637,18000.0,20,VIZ,Primiera Liga,POR,Forward,0,0,0.0,0.0,0.0
P03638,18000.0,20,MRT,Primiera Liga,POR,Defender,0,0,0.0,0.0,0.0
P03639,18000.0,18,Estoril Praia,Primiera Liga,POR,Forward,0,0,0.0,0.0,0.0
P03640,18000.0,20,VIZ,Primiera Liga,NGA,Forward,3,0,0.0,0.75,0.0
P03641,18000.0,18,VIZ,Primiera Liga,POR,Midfielder,0,0,0.0,0.0,0.0
P03642,18000.0,19,MRT,Primiera Liga,ANG,Midfielder,0,0,0.0,0.0,0.0
P03643,18000.0,21,Gil Vicente,Primiera Liga,POR,Defender,24,0,0.0,4.8,0.0
P03644,18000.0,20,MRT,Primiera Liga,POR,Forward,19,0,0.0,4.75,0.0
P03645,18000.0,19,MRT,Primiera Liga,POR,Forward,10,0,0.0,3.3333333333333335,0.0
P03646,18000.0,19,Gil Vicente,Primiera Liga,MAR,Defender,0,0,0.0,0.0,0.0
P03647,18000.0,19,VIZ,Primiera Liga,POR,Defender,0,0,0.0,0.0,0.0
P03648,18000.0,18,MRT,Primiera Liga,BRA,Defender,0,0,0.0,0.0,0.0
P03649,18000.0,19,VIZ,Primiera Liga,NGA,Forward,0,0,0.0,0.0,0.0
P03650,18000.0,21,MRT,Primiera Liga,POR,Forward,5,0,0.0,1.0,0.0
P03651,18000.0,19,Famalicao,Primiera Liga,POR,Defender,0,0,0.0,0.0,0.0
P03652,18000.0,20,MRT,Primiera Liga,POR,Midfielder,1,0,0.0,0.25,0.0
P03653,17500.0,20,VIZ,Primiera Liga,POR,Defender,0,0,0.0,0.0,0.0
P03654,17500.0,19,MRT,Primiera Liga,POR,Forward,5,0,0.0,1.6666666666666667,0.0
P03655,17500.0,18,MRT,Primiera Liga,POR,Forward,3,0,0.0,1.5,0.0
P03656,17500.0,20,PTM,Primiera Liga,POR,Forward,30,0,0.0,7.5,0.0
P03657,17500.0,19,MRT,Primiera Liga,POR,Forward,10,0,0.0,3.3333333333333335,0.0
P03658,17500.0,18,BVT,Primiera Liga,POR,Forward,0,0,0.0,0.0,0.0
P03659,17500.0,20,Gil Vicente,Primiera Liga,POR,Midfielder,3,0,0.0,0.75,0.0
P03660,17500.0,21,MRT,Primiera Liga,POR,Midfielder,0,0,0.0,0.0,0.0
P03661,17500.0,21,MRT,Primiera Liga,POR,Defender,0,0,0.0,0.0,0.0
P03662,17500.0,21,PTM,Primiera Liga,POR,Defender,17,0,0.0,3.4,0.0
P03663,17250.0,19,Parthenope,Serie A,TUN,Forward,0,0,0.0,0.0,0.0
P03664,17250.0,19,Sassuolo,Serie A,GHA,Midfielder,0,0,0.0,0.0,0.0
P03665,17250.0,18,Valencia,La Liga,ESP,Midfielder,10,0,0.0,5.0,0.0
P03666,17000.0,21,Vigo,La Liga,ESP,Forward,63,0,0.0,12.6,0.0
P03667,16750.0,18,MRT,Primiera Liga,POR,Forward,4,0,0.0,2.0,0.0
P03668,16750.0,18,VIZ,Primiera Liga,NGA,Forward,0,0,0.0,0.0,0.0
P03669,16750.0,19,Gil Vicente,Primiera Liga,POR,Forward,4,0,0.0,1.3333333333333333,0.0
P03670,16750.0,19,Gil Vicente,Primiera Liga,POR,Midfielder,0,0,0.0,0.0,0.0
P03671,16750.0,18,PTM,Primiera Liga,POR,Defender,4,0,0.0,2.0,0.0
P03672,16750.0,19,Estoril Praia,Primiera Liga,POR,Defender,0,0,0.0,0.0,0.0
P03673,16750.0,18,Estoril Praia,Primiera Liga,POR,Defender,2,0,0.0,1.0,0.0
P03674,16750.0,20,Gil Vicente,Primiera Liga,POR,Goalkeeper,2,0,0.0,0.5,0.0
P03675,16750.0,19,Estoril Praia,Primiera Liga,POR,Goalkeeper,0,0,0.0,0.0,0.0
P03676,16750.0,18,Casa Pia,Primiera Liga,POR,Defender,0,0,0.0,0.0,0.0
P03677,16750.0,19,VIZ,Primiera Liga,POR,Midfielder,0,0,0.0,0.0,0.0
P03678,16750.0,19,Estoril Praia,Primiera Liga,POR,Midfielder,0,0,0.0,0.0,0.0
P03679,16750.0,19,Rio Ave,Primiera Liga,POR,Midfielder,0,0,0.0,0.0,0.0
P03680,16750.0,19,VIZ,Primiera Liga,NGA,Midfielder,0,0,0.0,0.0,0.0
P03681,16500.0,19,Torino,Serie A,ESP,Midfielder,0,0,0.0,0.0,0.0
P03682,16000.0,19,Torino,Serie A,EST,Forward,25,0,0.0,8.333333333333334,0.0
P03683,16000.0,18,Mallorca,La Liga,ESP,Defender,0,0,0.0,0.0,0.0
P03684,16000.0,18,Vigo,La Liga,ESP,Midfielder,2,0,0.0,1.0,0.0
P03685,16000.0,18,SC Freiburg,Bundesliga,EST,Defender,0,0,0.0,0.0,0.0
P03686,15750.0,19,Brianza,Serie A,ITA,Forward,0,0,0.0,0.0,0.0
P03687,15750.0,21,VIZ,Primiera Liga,CAN,Midfielder,0,0,0.0,0.0,0.0
P03688,15750.0,19,VIZ,Primiera Liga,POR,Forward,26,0,0.0,8.666666666666666,0.0
P03689,15750.0,19,Estoril Praia,Primiera Liga,POR,Defender,0,0,0.0,0.0,0.0
P03690,15750.0,19,Estoril Praia,Primiera Liga,POR,Goalkeeper,0,0,0.0,0.0,0.0
P03691,15750.0,18,PTM,Primiera Liga,POR,Forward,0,0,0.0,0.0,0.0
P03692,15750.0,19,MRT,Primiera Liga,POR,Defender,27,0,0.0,9.0,0.0
P03693,15750.0,18,VIZ,Primiera Liga,NGA,Forward,0,0,0.0,0.0,0.0
P03694,15750.0,19,Estoril Praia,Primiera Liga,POR,Forward,1,0,0.0,0.3333333333333333,0.0
P03695,15750.0,19,Gil Vicente,Primiera Liga,POR,Midfielder,1,0,0.0,0.3333333333333333,0.0
P03696,15750.0,19,MRT,Primiera Liga,POR,Midfielder,5,0,0.0,1.6666666666666667,0.0
P03697,15750.0,19,Gil Vicente,Primiera Liga,POR,Midfielder,5,0,0.0,1.6666666666666667,0.0
P03698,15750.0,19,Gil Vicente,Primiera Liga,POR,Defender,0,0,0.0,0.0,0.0
P03699,15750.0,19,MRT,Primiera Liga,POR,Goalkeeper,7,0,0.0,2.3333333333333335,0.0
P03700,15750.0,18,MRT,Primiera Liga,POR,Goalkeeper,7,0,0.0,3.5,0.0
P03701,15750.0,18,MRT,Primiera Liga,POR,Defender,4,0,0.0,2.0,0.0
P03702,15750.0,18,VIZ,Primiera Liga,POR,Defender,0,0,0.0,0.0,0.0
P03703,15750.0,19,Rio Ave,Primiera Liga,POR,Defender,0,0,0.0,0.0,0.0
P03704,15750.0,21,MRT,Primiera Liga,POR,Midfielder,0,0,0.0,0.0,0.0
P03705,15750.0,19,VIZ,Primiera Liga,POR,Defender,0,0,0.0,0.0,0.0
P03706,15750.0,20,Rio Ave,Primiera Liga,POR,Midfielder,0,0,0.0,0.0,0.0
P03707,15750.0,18,VIZ,Primiera Liga,GHA,Defender,0,0,0.0,0.0,0.0
P03708,15500.0,18,Gil Vicente,Primiera Liga,CAN,Goalkeeper,0,0,0.0,0.0,0.0
P03709,15500.0,19,Valladolid,La Liga,ESP,Forward,33,0,0.0,11.0,0.0
P03710,15500.0,18,Almeria,La Liga,GNB,Forward,18,0,0.0,9.0,0.0
P03711,15500.0,18,A. Madrid,La Liga,ESP,Midfielder,1,0,0.0,0.5,0.0
P03712,15500.0,18,Valladolid,La Liga,ESP,Midfielder,15,0,0.0,7.5,0.0
P03713,15500.0,20,PTM,Primiera Liga,BRA,Goalkeeper,0,0,0.0,0.0,0.0
P03714,15500.0,19,MRT,Primiera Liga,POR,Defender,2,0,0.0,0.6666666666666666,0.0
P03715,14750.0,18,A. Madrid,La Liga,ESP,Defender,0,0,0.0,0.0,0.0
P03716,14750.0,18,A. Madrid,La Liga,MAR,Midfielder,1,0,0.0,0.5,0.0
P03717,14500.0,18,1. FC Koln,Bundesliga,GER,Forward,29,0,0.0,14.5,0.0
P03718,14500.0,18,Real San Sebastian,La Liga,ESP,Forward,14,0,0.0,7.0,0.0
P03719,14500.0,18,Torino,Serie A,FRA,Defender,0,0,0.0,0.0,0.0
P03720,14250.0,19,Famalicao,Primiera Liga,NGA,Forward,20,0,0.0,6.666666666666667,0.0
P03721,14000.0,19,Verona,Serie A,ITA,Forward,4,0,0.0,1.3333333333333333,0.0
P03722,13750.0,18,Getafe,La Liga,ESP,Defender,21,0,0.0,10.5,0.0
P03723,13500.0,19,Bologna,Serie A,HUN,Midfielder,15,0,0.0,5.0,0.0
P03724,13500.0,19,Valencia,La Liga,ESP,Midfielder,24,0,0.0,8.0,0.0
P03725,13500.0,19,Verona,Serie A,ITA,Midfielder,0,0,0.0,0.0,0.0
P03726,13500.0,19,Rio Ave,Primiera Liga,POR,Defender,0,0,0.0,0.0,0.0
P03727,13500.0,21,Gil Vicente,Primiera Liga,POR,Forward,56,0,0.0,11.2,0.0
P03728,13500.0,20,MRT,Primiera Liga,DEN,Defender,15,0,0.0,3.75,0.0
P03729,13500.0,19,Rio Ave,Primiera Liga,POR,Midfielder,0,0,0.0,0.0,0.0
P03730,13500.0,19,Gil Vicente,Primiera Liga,POR,Goalkeeper,0,0,0.0,0.0,0.0
P03731,13500.0,20,Rio Ave,Primiera Liga,SEN,Forward,0,0,0.0,0.0,0.0
P03732,13500.0,20,Rio Ave,Primiera Liga,POR,Forward,1,0,0.0,0.25,0.0
P03733,13500.0,18,MRT,Primiera Liga,MOZ,Goalkeeper,0,0,0.0,0.0,0.0
P03734,13500.0,18,VIZ,Primiera Liga,POR,Midfielder,6,0,0.0,3.0,0.0
P03735,13500.0,18,Sporting CP,Primiera Liga,BRA,Forward,0,0,0.0,0.0,0.0
P03736,13500.0,18,Real San Sebastian,La Liga,ESP,Forward,17,0,0.0,8.5,0.0
P03737,13500.0,19,MRT,Primiera Liga,POR,Defender,7,0,0.0,2.3333333333333335,0.0
P03738,13500.0,20,Gil Vicente,Primiera Liga,POR,Forward,23,0,0.0,5.75,0.0
P03739,13500.0,19,Gil Vicente,Primiera Liga,POR,Defender,0,0,0.0,0.0,0.0
P03740,13500.0,18,Gil Vicente,Primiera Liga,POR,Forward,3,0,0.0,1.5,0.0
P03741,13500.0,20,Gil Vicente,Primiera Liga,GNB,Defender,10,0,0.0,2.5,0.0
P03742,13500.0,19,Rio Ave,Primiera Liga,POR,Forward,0,0,0.0,0.0,0.0
P03743,13500.0,19,Rio Ave,Primiera Liga,POR,Forward,3,0,0.0,1.0,0.0
P03744,13500.0,18,Rio Ave,Primiera Liga,POR,Forward,0,0,0.0,0.0,0.0
P03745,13500.0,22,MRT,Primiera Liga,POR,Forward,19,0,0.0,3.1666666666666665,0.0
P03746,13500.0,19,Rio Ave,Primiera Liga,TUN,Forward,0,0,0.0,0.0,0.0
P03747,13250.0,18,FC Augsburg,Bundesliga,TUR,Defender,3,0,0.0,1.5,0.0
P03748,13000.0,18,Valencia,La Liga,ESP,Midfielder,0,0,0.0,0.0,0.0
P03749,13000.0,18,Valencia,La Liga,ESP,Forward,2,0,0.0,1.0,0.0
P03750,13000.0,18,Valencia,La Liga,ESP,Forward,0,0,0.0,0.0,0.0
P03751,13000.0,19,Girona,La Liga,ESP,Defender,0,0,0.0,0.0,0.0
P03752,13000.0,18,Espanyol,La Liga,ESP,Forward,0,0,0.0,0.0,0.0
P03753,13000.0,18,Cadiz,La Liga,ESP,Defender,0,0,0.0,0.0,0.0
P03754,13000.0,18,Valencia,La Liga,BUL,Goalkeeper,1,0,0.0,0.5,0.0
P03755,13000.0,18,Real San Sebastian,La Liga,ESP,Defender,2,0,0.0,1.0,0.0
P03756,13000.0,18,Elche,La Liga,ESP,Goalkeeper,0,0,0.0,0.0,0.0
P03757,13000.0,18,Elche,La Liga,ESP,Defender,0,0,0.0,0.0,0.0
P03758,13000.0,18,Valencia,La Liga,ESP,Defender,0,0,0.0,0.0,0.0
P03759,13000.0,18,Real San Sebastian,La Liga,ESP,Goalkeeper,0,0,0.0,0.0,0.0
P03760,13000.0,18,Real San Sebastian,La Liga,ESP,Defender,0,0,0.0,0.0,0.0
P03761,13000.0,18,Real San Sebastian,La Liga,ESP,Midfielder,0,0,0.0,0.0,0.0
P03762,13000.0,18,Real San Sebastian,La Liga,FRA,Midfielder,1,0,0.0,0.5,0.0
P03763,13000.0,18,Atletico Pamplona,La Liga,ESP,Goalkeeper,0,0,0.0,0.0,0.0
P03764,13000.0,18,A. Madrid,La Liga,ESP,Forward,0,0,0.0,0.0,0.0
P03765,13000.0,19,Vallecano,La Liga,ESP,Goalkeeper,0,0,0.0,0.0,0.0
P03766,13000.0,19,Getafe,La Liga,COL,Forward,0,0,0.0,0.0,0.0
P03767,13000.0,19,Atletico Pamplona,La Liga,ESP,Defender,5,0,0.0,1.6666666666666667,0.0
P03768,13000.0,18,Elche,La Liga,ESP,Midfielder,0,0,0.0,0.0,0.0
P03769,13000.0,18,A. Madrid,La Liga,ESP,Midfielder,1,0,0.0,0.5,0.0
P03770,13000.0,18,A. Bilbao,La Liga,ESP,Defender,0,0,0.0,0.0,0.0
P03771,13000.0,18,Girona,La Liga,ESP,Defender,4,0,0.0,2.0,0.0
P03772,13000.0,18,Cadiz,La Liga,MLI,Defender,1,0,0.0,0.5,0.0
P03773,13000.0,18,Mallorca,La Liga,ESP,Forward,2,0,0.0,1.0,0.0
P03774,13000.0,18,Espanyol,La Liga,LTU,Goalkeeper,0,0,0.0,0.0,0.0
P03775,13000.0,18,Real Hispalis,La Liga,ESP,Defender,0,0,0.0,0.0,0.0
P03776,13000.0,18,Mallorca,La Liga,ESP,Goalkeeper,7,0,0.0,3.5,0.0
P03777,13000.0,18,Valladolid,La Liga,ESP,Midfielder,22,0,0.0,11.0,0.0
P03778,13000.0,18,A. Madrid,La Liga,MAR,Forward,0,0,0.0,0.0,0.0
P03779,13000.0,19,Valladolid,La Liga,ESP,Goalkeeper,16,0,0.0,5.333333333333333,0.0
P03780,13000.0,18,Almeria,La Liga,USA,Forward,0,0,0.0,0.0,0.0
P03781,13000.0,18,Elche,La Liga,ESP,Forward,26,0,0.0,13.0,0.0
P03782,13000.0,19,Vigo,La Liga,ESP,Midfielder,1,0,0.0,0.3333333333333333,0.0
P03783,13000.0,18,Real Hispalis,La Liga,ESP,Midfielder,0,0,0.0,0.0,0.0
P03784,13000.0,18,A. Bilbao,La Liga,COL,Goalkeeper,0,0,0.0,0.0,0.0
P03785,13000.0,19,Vallecano,La Liga,ESP,Midfielder,0,0,0.0,0.0,0.0
P03786,13000.0,19,Elche,La Liga,ARG,Forward,0,0,0.0,0.0,0.0
P03787,13000.0,18,Cadiz,La Liga,ARG,Forward,4,0,0.0,2.0,0.0
P03788,13000.0,18,Atletico Pamplona,La Liga,ESP,Midfielder,0,0,0.0,0.0,0.0
P03789,13000.0,18,Valencia,La Liga,GHA,Midfielder,0,0,0.0,0.0,0.0
P03790,13000.0,18,Villarreal,La Liga,ESP,Forward,0,0,0.0,0.0,0.0
P03791,13000.0,18,Vigo,La Liga,POR,Defender,0,0,0.0,0.0,0.0
P03792,13000.0,18,Almeria,La Liga,ESP,Defender,0,0,0.0,0.0,0.0
P03793,13000.0,18,Espanyol,La Liga,ESP,Defender,0,0,0.0,0.0,0.0
P03794,13000.0,18,Elche,La Liga,ESP,Forward,0,0,0.0,0.0,0.0
P03795,13000.0,18,Villarreal,La Liga,ESP,Defender,0,0,0.0,0.0,0.0
P03796,13000.0,18,VIZ,Primiera Liga,POR,Forward,0,0,0.0,0.0,0.0
P03797,13000.0,20,MRT,Primiera Liga,POR,Midfielder,0,0,0.0,0.0,0.0
P03798,13000.0,18,Getafe,La Liga,ARG,Goalkeeper,0,0,0.0,0.0,0.0
P03799,13000.0,18,Villarreal,La Liga,ESP,Midfielder,0,0,0.0,0.0,0.0
P03800,13000.0,18,Girona,La Liga,ESP,Midfielder,0,0,0.0,0.0,0.0
P03801,13000.0,18,Cadiz,La Liga,ESP,Midfielder,0,0,0.0,0.0,0.0
P03802,13000.0,19,Vallecano,La Liga,ESP,Defender,0,0,0.0,0.0,0.0
P03803,13000.0,19,Vallecano,La Liga,ESP,Defender,30,0,0.0,10.0,0.0
P03804,13000.0,18,Girona,La Liga,MAR,Defender,0,0,0.0,0.0,0.0
P03805,13000.0,18,A. Bilbao,La Liga,ESP,Defender,2,0,0.0,1.0,0.0
P03806,13000.0,18,Cadiz,La Liga,MLI,Forward,0,0,0.0,0.0,0.0
P03807,13000.0,18,A. Madrid,La Liga,ESP,Defender,0,0,0.0,0.0,0.0
P03808,13000.0,18,A. Madrid,La Liga,ESP,Midfielder,0,0,0.0,0.0,0.0
P03809,13000.0,19,Elche,La Liga,ESP,Defender,0,0,0.0,0.0,0.0
P03810,13000.0,18,Mallorca,La Liga,ESP,Midfielder,0,0,0.0,0.0,0.0
P03811,13000.0,18,Sevilla,La Liga,ESP,Goalkeeper,0,0,0.0,0.0,0.0
P03812,13000.0,18,Sevilla,La Liga,ESP,Defender,1,0,0.0,0.5,0.0
P03813,13000.0,18,Sevilla,La Liga,ESP,Defender,0,0,0.0,0.0,0.0
P03814,13000.0,18,Sevilla,La Liga,ESP,Midfielder,1,0,0.0,0.5,0.0
P03815,13000.0,18,Almeria,La Liga,NED,Goalkeeper,0,0,0.0,0.0,0.0
P03816,12500.0,18,PTM,Primiera Liga,BRA,Goalkeeper,0,0,0.0,0.0,0.0
P03817,12250.0,19,Rio Ave,Primiera Liga,GNB,Forward,0,0,0.0,0.0,0.0
P03818,12250.0,18,Rio Ave,Primiera Liga,POR,Defender,0,0,0.0,0.0,0.0
P03819,12250.0,19,MRT,Primiera Liga,POR,Defender,6,0,0.0,2.0,0.0
P03820,12250.0,19,MRT,Primiera Liga,POR,Defender,7,0,0.0,2.3333333333333335,0.0
P03821,12250.0,21,Rio Ave,Primiera Liga,POR,Midfielder,0,0,0.0,0.0,0.0
P03822,12000.0,22,FC Porto,Primiera Liga,NGA,Forward,41,2,0.04878048780487805,6.833333333333333,0.3333333333333333
P03823,11750.0,22,BVT,Primiera Liga,BRA,Defender,10,0,0.0,1.6666666666666667,0.0
P03824,11750.0,20,MRT,Primiera Liga,GNB,Defender,10,0,0.0,2.5,0.0
P03825,11250.0,19,Salento,Serie A,ITA,Defender,0,0,0.0,0.0,0.0
P03826,9000.0,19,Vigo,La Liga,ESP,Forward,0,0,0.0,0.0,0.0
P03827,8500.0,19,Sampdoria,Serie A,ITA,Defender,0,0,0.0,0.0,0.0
P03828,7500.0,18,Sporting CP,Primiera Liga,GEO,Goalkeeper,6,0,0.0,3.0,0.0
P03829,7500.0,18,Leeds,Premier League,NOR,Midfielder,0,0,0.0,0.0,0.0
P03830,5750.0,18,Vigo,La Liga,ESP,Defender,0,0,0.0,0.0,0.0
P03831,5250.0,20,VIZ,Primiera Liga,GHA,Midfielder,0,0,0.0,0.0,0.0
P03832,5250.0,18,P. Ferreira,Primiera Liga,NGA,Forward,0,0,0.0,0.0,0.0
P03833,5250.0,18,Rio Ave,Primiera Liga,FRA,Forward,0,0,0.0,0.0,0.0
P03834,5250.0,18,Rio Ave,Primiera Liga,ENG,Forward,0,0,0.0,0.0,0.0
P03835,4500.0,20,Famalicao,Primiera Liga,BRA,Defender,1,0,0.0,0.25,0.0
P03836,3800.0,18,Vigo,La Liga,ESP,Forward,0,0,0.0,0.0,0.0
P03837,3600.0,18,Vigo,La Liga,ESP,Defender,0,0,0.0,0.0,0.0
P03838,3400.0,19,Vigo,La Liga,ESP,Defender,0,0,0.0,0.0,0.0
P03839,3200.0,18,Famalicao,Primiera Liga,BRA,Goalkeeper,0,0,0.0,0.0,0.0
P03840,2900.0,18,Vigo,La Liga,ESP,Forward,0,0,0.0,0.0,0.0
P03841,2700.0,18,Vigo,La Liga,ESP,Defender,0,0,0.0,0.0,0.0
P03842,1400.0,18,Vigo,La Liga,ESP,Defender,0,0,0.0,0.0,0.0
